ortalama_hasta_bekleme_dk,hekim_atil_sure_dk,hekim_mesai_asimi_dk,gorulen_hasta_sayisi,gun,politika
2.7211891832821102,15,16.128333910146466,19,0,Statik
58.56713852899449,30,121.02490797145134,18,1,Statik
0.19580487223941878,60,0.0,16,2,Statik
13.394968635205219,15,1.7714188127931152,19,3,Statik
28.57488909388589,15,26.729478167995183,19,4,Statik
4.504663298329118,0,23.830809806269144,20,5,Statik
0.40397022859585174,60,17.378963995380218,16,6,Statik
3.60198850231802,75,0.0,15,7,Statik
10.621795179703994,45,0.0,17,8,Statik
5.024032263101452,45,47.131462330727686,17,9,Statik
3.3059601181313325,0,0.5148987180872382,20,10,Statik
5.171025770130004,30,12.222225131638709,18,11,Statik
34.20420987641135,15,26.26687840546731,19,12,Statik
4.568286182404769,45,0.0,17,13,Statik
14.034482241101138,30,5.459929809863752,18,14,Statik
17.27538627253793,15,0.0,19,15,Statik
2.9693712518184765,0,1.631776159438516,20,16,Statik
0.6673748882081625,45,4.106180243602694,17,17,Statik
3.6179576430703233,15,6.972200048425066,19,18,Statik
16.616801898670108,30,0.0,18,19,Statik
17.631582266542043,15,0.0,19,20,Statik
53.853621299091756,30,77.26017756234836,18,21,Statik
4.01496959876818,15,0.0,19,22,Statik
0.5375034030733048,75,0.0,15,23,Statik
10.337184256178746,30,0.0,18,24,Statik
9.665619842514102,30,0.0,18,25,Statik
3.9809114587743135,45,0.0,17,26,Statik
21.20203335444795,15,0.0,19,27,Statik
38.37091483626645,30,104.13555321386292,18,28,Statik
1.7975814729412298,15,0.0,19,29,Statik
0.2886936336745786,30,37.61032228791521,18,30,Statik
9.490691378372688,45,33.50946123302447,17,31,Statik
26.7263048667866,45,84.24719657438698,17,32,Statik
9.25701054214778,30,25.80969524487142,18,33,Statik
4.568712081205213,15,17.781280469029866,19,34,Statik
3.199706419215548,0,0.0,20,35,Statik
3.944305265606227,0,0.0,20,36,Statik
11.998069395292395,15,0.0,19,37,Statik
27.205349997760656,15,0.0,19,38,Statik
7.873742650187584,45,0.0,17,39,Statik
11.780325626697904,30,0.0,18,40,Statik
17.095155405104055,30,0.0,18,41,Statik
0.9816523696910484,45,0.0,17,42,Statik
1.6034990881254545,30,0.6505073354293245,18,43,Statik
9.615486851321878,30,6.098843967584969,18,44,Statik
4.780837953662407,45,0.0,17,45,Statik
11.579450973962635,60,0.0,16,46,Statik
4.279618801600061,30,15.590535130817727,18,47,Statik
0.432045508762305,30,0.0,18,48,Statik
2.685977864468486,0,0.0,20,49,Statik
11.921155499083612,30,0.0,18,50,Statik
12.99829146143831,0,0.0,20,51,Statik
18.90751398629729,15,0.0,19,52,Statik
17.40004852364968,30,0.0,18,53,Statik
1.1099497172406019,45,0.0,17,54,Statik
2.222052401600262,0,0.0,20,55,Statik
0.9142968677234888,60,0.0,16,56,Statik
4.477193607959795,45,0.0,17,57,Statik
19.86211604368346,30,24.9049390575218,18,58,Statik
1.1598784901125905,30,0.0,18,59,Statik
1.9259298058210816,15,0.0,19,60,Statik
33.98560647322969,0,17.20800889899482,20,61,Statik
1.7834367017080828,75,0.0,15,62,Statik
1.7757249842038225,45,0.0,17,63,Statik
7.229058031659697,15,12.470883342930676,19,64,Statik
0.31963295627089466,15,16.544723868876304,19,65,Statik
1.4316127977425652,0,0.0,20,66,Statik
0.5354647181206285,45,0.0,17,67,Statik
1.7878487054002874,45,11.701453481193482,17,68,Statik
12.888033179157516,60,54.477207306033904,16,69,Statik
12.772899950550295,30,0.0,18,70,Statik
11.954382620830085,15,0.0,19,71,Statik
0.9520496151186464,45,0.0,17,72,Statik
18.237463569346936,0,55.27339007102228,20,73,Statik
39.8742043133298,15,32.446796509416686,19,74,Statik
15.855826040993922,30,6.501576363746381,18,75,Statik
6.700945916291548,30,0.0,18,76,Statik
1.921004403475213,45,0.0,17,77,Statik
5.6719669730951505,15,33.97533218492714,19,78,Statik
1.6502702043338457,15,0.0,19,79,Statik
16.258529162771215,15,0.0,19,80,Statik
2.4351375899584635,60,0.0,16,81,Statik
1.312861664815335,15,0.0,19,82,Statik
6.504388263329399,30,0.0,18,83,Statik
5.453028866546951,60,0.0,16,84,Statik
2.920635093150201,30,36.62561366833819,18,85,Statik
3.285129507834682,15,3.214597301068409,19,86,Statik
18.060400246687532,15,20.355049262954537,19,87,Statik
1.971029758839732,60,0.0,16,88,Statik
12.542918883707463,45,0.0,17,89,Statik
6.29800879860446,30,0.0,18,90,Statik
2.4628175660459712,45,0.0,17,91,Statik
2.0823202753357193,30,0.0,18,92,Statik
3.569446903185192,30,0.0,18,93,Statik
2.8929888087998696,30,0.0,18,94,Statik
1.6074533012369694,45,2.7865599448610965,17,95,Statik
18.200392566661527,45,38.580226056267065,17,96,Statik
26.83261857081359,45,9.623040317618972,17,97,Statik
1.7280592611684762,30,0.0,18,98,Statik
17.02557243280598,60,0.0,16,99,Statik
1.8794836572282303,60,0.0,16,100,Statik
1.6460649856842848,0,10.410280207666403,20,101,Statik
5.09848873089353,30,0.0,18,102,Statik
1.7877666668887864,30,0.0,18,103,Statik
20.424717515502053,45,72.05392839436786,17,104,Statik
2.8490203991565908,15,23.337004559054662,19,105,Statik
8.172591678990651,45,2.652941801098052,17,106,Statik
9.19656945940692,45,14.988050048210539,17,107,Statik
2.027058790992444,75,0.0,15,108,Statik
5.190030525849872,15,0.0,19,109,Statik
5.954071482636272,60,0.0,16,110,Statik
13.656674005962925,45,42.796391037536125,17,111,Statik
9.874943577055868,30,37.95522725498131,18,112,Statik
11.628787714059476,30,10.361494129687458,18,113,Statik
1.140327697934806,60,0.0,16,114,Statik
10.39092831586418,60,25.625347136382402,16,115,Statik
4.7669416818622965,30,0.0,18,116,Statik
6.59448290875455,0,0.0,20,117,Statik
9.561493962196222,15,23.6137549979116,19,118,Statik
5.282947709379961,15,0.0,19,119,Statik
2.629606195317562,45,11.744596333194977,17,120,Statik
6.495551548717349,0,7.838656432773746,20,121,Statik
7.943235392485444,30,30.831171089521035,18,122,Statik
55.92892898109066,15,32.504096461414406,19,123,Statik
6.383283503395355,75,0.0,15,124,Statik
80.31964356216803,15,91.79628087522781,19,125,Statik
1.6794681673687313,45,0.0,17,126,Statik
0.3364189909280826,30,0.9870484783835423,18,127,Statik
7.983859238842255,15,17.544391904138877,19,128,Statik
14.133907575751776,60,0.0,16,129,Statik
19.84960557306498,45,0.0,17,130,Statik
0.946367232165907,75,24.12391218902195,15,131,Statik
27.67509394071775,0,1.1685330005222454,20,132,Statik
16.967727023035465,45,12.046878666134035,17,133,Statik
1.554632601992461,15,0.0,19,134,Statik
5.327745526246807,30,0.0,18,135,Statik
10.087018016898648,15,10.364286601788706,19,136,Statik
13.314860164926909,0,0.4388100347119348,20,137,Statik
2.6789173869122953,60,32.3225342803583,16,138,Statik
9.114950193606791,30,26.88310250211208,18,139,Statik
0.31390728667410467,45,0.0,17,140,Statik
15.708136474126945,15,42.61219131528395,19,141,Statik
17.226413602904042,15,29.162306928439534,19,142,Statik
6.696599383288916,60,8.607142774863178,16,143,Statik
14.749607605894886,75,15.680492873526816,15,144,Statik
6.242232865596346,15,0.0,19,145,Statik
0.422354176702924,45,0.0,17,146,Statik
2.5205183851667488,30,8.804004545884482,18,147,Statik
2.86218394590512,30,0.0,18,148,Statik
0.029378097572096824,30,12.947802687599903,18,149,Statik
30.536219087982847,30,76.57643398202856,18,150,Statik
11.3059782126494,30,0.0,18,151,Statik
33.209656770861926,30,56.75772876516959,18,152,Statik
27.122629655164953,15,20.994360955462184,19,153,Statik
0.4522156795814759,0,21.943430631040542,20,154,Statik
2.749732279095568,30,0.0,18,155,Statik
8.341854859687585,45,32.139422944653916,17,156,Statik
3.9753767684823877,60,0.0,16,157,Statik
3.7421665939352837,15,1.8233266367216174,19,158,Statik
19.40229560398007,15,95.16055684806662,19,159,Statik
18.025693790050667,15,36.91054867509786,19,160,Statik
17.609953081013693,0,4.09007088035446,20,161,Statik
8.708965266076897,45,47.00641615792176,17,162,Statik
2.819281723846985,30,0.489772984322542,18,163,Statik
19.794858542010214,30,0.0,18,164,Statik
5.638279230971773,15,1.0004075592262893,19,165,Statik
28.359608514965043,0,43.67786406714691,20,166,Statik
13.09217700090665,30,0.0,18,167,Statik
9.251190033435343,30,14.364701032198923,18,168,Statik
6.334514884338286,45,0.0,17,169,Statik
3.4278786145208255,45,2.4583842741385524,17,170,Statik
1.443843680298956,45,0.0,17,171,Statik
15.380372052377087,15,7.298143986721129,19,172,Statik
9.011028370691896,30,23.989925064010606,18,173,Statik
1.769720774849973,30,0.0,18,174,Statik
58.81273152823375,45,48.0258018310393,17,175,Statik
9.051038971764552,15,10.229368973971873,19,176,Statik
0.4811333654970647,30,0.0,18,177,Statik
3.3817989236901265,30,0.0,18,178,Statik
0.40893961073046015,60,0.0,16,179,Statik
4.225697483720027,60,0.0,16,180,Statik
5.827841959255174,15,18.43710865881104,19,181,Statik
19.004560899053406,15,0.0,19,182,Statik
8.645176388204387,60,0.0,16,183,Statik
1.5939697929709968,45,0.0,17,184,Statik
3.171646741343011,15,1.9126399695412033,19,185,Statik
0.7558298862125926,45,0.0,17,186,Statik
9.023291734691192,15,11.174348713851316,19,187,Statik
4.7378254648178535,30,91.77021969167845,18,188,Statik
18.79049356693469,30,29.580843219983194,18,189,Statik
2.6800276828201106,30,0.0,18,190,Statik
4.13899051479913,15,0.0,19,191,Statik
1.0271554866412456,30,0.0,18,192,Statik
1.026017030445928,45,18.608643916904157,17,193,Statik
8.738506909146226,60,60.251373937663175,16,194,Statik
6.164976334117656,30,53.52104310283511,18,195,Statik
55.905147698761105,15,9.816048717616013,19,196,Statik
1.4019515636473245,30,0.0,18,197,Statik
2.579440331872856,45,12.431544383304981,17,198,Statik
8.534364024605813,60,0.0,16,199,Statik
11.027943885171837,90,0.0,14,200,Statik
2.8916757435165414,90,0.0,14,201,Statik
4.470957724155954,15,10.098832465483838,19,202,Statik
4.065329815120229,60,0.0,16,203,Statik
1.0170601219628226,45,0.0,17,204,Statik
0.9687788518742999,60,9.993880691788775,16,205,Statik
4.548199078718931,15,0.0,19,206,Statik
23.199296428534762,15,0.0,19,207,Statik
0.08031950887802629,30,0.0,18,208,Statik
7.692262775222429,45,0.0,17,209,Statik
4.330266380163577,45,8.132164757900398,17,210,Statik
0.8771700583466632,15,0.0,19,211,Statik
28.779803651300085,15,0.0,19,212,Statik
2.1955959350137144,30,0.0,18,213,Statik
26.074182770708116,30,0.0,18,214,Statik
15.919017924609797,15,0.3341004173916531,19,215,Statik
0.689464753263524,45,9.069848964330163,17,216,Statik
0.3846615722685288,45,24.95318119046101,17,217,Statik
28.296066775061885,45,0.0,17,218,Statik
17.42026329059793,15,28.569747821963688,19,219,Statik
1.1504176831828425,45,12.643537778711163,17,220,Statik
3.9253393232625315,0,0.0,20,221,Statik
20.050239079753112,0,0.0,20,222,Statik
68.1035438339749,60,141.32740276700076,16,223,Statik
18.209061152045017,0,15.369925059759623,20,224,Statik
27.13257573425066,60,74.05231066714481,16,225,Statik
19.560139443093455,0,60.27371808365166,20,226,Statik
19.81750600869662,0,0.0,20,227,Statik
1.7939045060324441,45,23.182947631171487,17,228,Statik
2.5199822966258276,30,11.771945498018738,18,229,Statik
0.5159372116499865,15,0.0,19,230,Statik
6.8063280246221005,30,2.9246704427420127,18,231,Statik
2.2490538295081173,60,0.0,16,232,Statik
11.86167670190074,75,0.0,15,233,Statik
8.465596070590951,15,0.0,19,234,Statik
11.512644683735786,15,43.394105687485705,19,235,Statik
8.884160314280273,75,20.080024499970023,15,236,Statik
41.36530813561535,15,43.70752421926568,19,237,Statik
19.04979604372179,45,19.646260105371027,17,238,Statik
52.74552414073918,15,48.87335400095344,19,239,Statik
5.8954775659573535,15,0.0,19,240,Statik
15.216706808382037,0,2.5828134971501413,20,241,Statik
6.7463655427507865,30,0.0,18,242,Statik
12.257690779970655,30,0.0,18,243,Statik
11.734583662147203,15,5.6329734239541835,19,244,Statik
1.0393868958393302,45,0.0,17,245,Statik
1.0774969105807035,45,0.0,17,246,Statik
7.096756603671308,45,3.742439688207469,17,247,Statik
8.160527103733733,45,90.95557518880133,17,248,Statik
0.04606851182547737,45,1.9192459190259115,17,249,Statik
7.409232900898461,30,24.507387781289196,18,250,Statik
5.738777296223308,45,18.28961972030993,17,251,Statik
20.327122742750745,30,0.987680642344344,18,252,Statik
0.42562924639818633,30,0.0,18,253,Statik
35.377538093440464,60,10.577729344551585,16,254,Statik
6.21462118035541,15,62.028896009768914,19,255,Statik
7.2158317462150485,15,30.463055345738894,19,256,Statik
3.362070121839544,60,0.0,16,257,Statik
8.321717749487442,60,31.30790701959461,16,258,Statik
1.6977196191759196,30,0.0,18,259,Statik
2.010152762085504,30,0.0,18,260,Statik
44.27057079304424,30,48.55266167060847,18,261,Statik
7.069782431434688,30,41.78795900708059,18,262,Statik
12.652530658774758,30,70.54671255375746,18,263,Statik
22.21111948454945,30,96.40059598903093,18,264,Statik
6.077200665507096,45,17.76260353336096,17,265,Statik
3.105896595437732,30,18.23684138796176,18,266,Statik
18.129627518647766,0,20.209376172901727,20,267,Statik
7.234684994525875,30,0.24539336915279364,18,268,Statik
1.8804195808492774,0,14.971827853689774,20,269,Statik
20.77099480860425,30,43.604040207541516,18,270,Statik
14.012218284212487,30,0.0,18,271,Statik
5.7470973123409,15,19.644482921250813,19,272,Statik
17.128750775732506,30,30.438340958614162,18,273,Statik
8.40001594967241,15,0.0,19,274,Statik
9.208491232491431,15,14.911629816669802,19,275,Statik
0.5204460693446383,15,7.541571901013981,19,276,Statik
4.128925060506367,0,15.464408705776918,20,277,Statik
5.433372173302506,15,0.0,19,278,Statik
8.577134485374131,45,0.0,17,279,Statik
7.343743863117419,0,8.64109505562783,20,280,Statik
19.37156336962102,45,27.262720846384127,17,281,Statik
10.492386852327076,30,0.0,18,282,Statik
1.0901388220212553,45,0.0,17,283,Statik
14.614132762081988,0,0.0,20,284,Statik
16.82391846982654,45,9.258129763454008,17,285,Statik
1.013136257671037,30,0.0,18,286,Statik
1.7096046879878823,15,0.0,19,287,Statik
3.219385847735565,15,22.74513837168098,19,288,Statik
0.0696769102883713,30,0.0,18,289,Statik
14.280171361084754,60,33.11243030194345,16,290,Statik
13.112404996479023,15,37.95770986456114,19,291,Statik
2.051505352424035,45,0.0,17,292,Statik
15.928533097266715,30,4.285923103190726,18,293,Statik
34.898155388036635,15,32.74686465748988,19,294,Statik
8.15132438398107,0,0.0,20,295,Statik
8.003337698190492,45,0.08993344412573379,17,296,Statik
0.47275081988484274,45,0.0,17,297,Statik
5.066512699720998,0,17.15734447929799,20,298,Statik
3.6369059697277777,30,24.19677602018828,18,299,Statik
4.203015323514157,60,0.0,16,300,Statik
10.299546131667949,30,27.767250912080897,18,301,Statik
2.680180821770252,30,0.0,18,302,Statik
10.279310801648776,30,9.017450763570707,18,303,Statik
3.3398533069319662,30,67.21980361220392,18,304,Statik
3.7531426195389614,15,0.0,19,305,Statik
19.213619111871537,30,0.0,18,306,Statik
4.323885547913875,15,0.0,19,307,Statik
3.4999691228421903,15,0.0,19,308,Statik
19.128737296763315,30,65.15389914555169,18,309,Statik
0.8443372512673896,15,0.0,19,310,Statik
5.581771988231894,45,28.253194621001228,17,311,Statik
5.371382764151264,30,0.0,18,312,Statik
5.663720751030627,30,2.8520322779589264,18,313,Statik
4.8499190072999845,30,0.0,18,314,Statik
5.172789771440046,15,0.0,19,315,Statik
4.416976068045157,15,0.7746166066771139,19,316,Statik
1.2041517635708436,30,0.0,18,317,Statik
0.0,60,9.978425659027778,16,318,Statik
27.19188040599221,15,0.0,19,319,Statik
6.471199865750901,30,71.72191980059472,18,320,Statik
37.62194708521767,60,1.6890189804639704,16,321,Statik
4.649732392523701,30,0.0,18,322,Statik
5.369465776863116,45,0.0,17,323,Statik
11.141154054931565,15,1.012674675972164,19,324,Statik
22.604251871122287,45,45.28845183447402,17,325,Statik
23.310753497649525,45,0.0,17,326,Statik
9.714202371451693,30,61.2907559030333,18,327,Statik
2.667919654963533,15,39.841576126983284,19,328,Statik
13.625604061715224,60,6.923083816943802,16,329,Statik
9.485453649340096,30,40.014845690343805,18,330,Statik
1.3300724741741956,15,0.0,19,331,Statik
12.658795988181929,60,0.0,16,332,Statik
0.3483293630975519,75,0.0,15,333,Statik
17.506866792440075,30,52.28551673584457,18,334,Statik
16.153163118729104,75,0.0,15,335,Statik
4.369137630619858,15,0.0,19,336,Statik
8.321668651265888,60,7.076842682205665,16,337,Statik
0.07804928554296471,30,0.0,18,338,Statik
3.022000087388977,0,8.279658393928855,20,339,Statik
2.115012034563727,30,0.0,18,340,Statik
2.218633085252021,45,0.0,17,341,Statik
11.82667647610287,30,7.369726553170494,18,342,Statik
0.6970026533721172,45,0.0,17,343,Statik
6.512080611946576,30,0.0,18,344,Statik
5.968815974325231,15,4.416655528107981,19,345,Statik
3.6971532638755726,0,0.0,20,346,Statik
6.4913390424470165,60,0.0,16,347,Statik
6.9763542835837615,15,0.0,19,348,Statik
4.486822618035513,15,6.345510988304568,19,349,Statik
14.98747896388738,15,0.0,19,350,Statik
3.868224382937004,60,0.0,16,351,Statik
3.5892765240102316,0,11.874783964628591,20,352,Statik
3.1273085969548364,30,0.0,18,353,Statik
2.81715106235496,15,0.0,19,354,Statik
7.631351822241707,30,0.0,18,355,Statik
3.5194475616720737,30,0.0,18,356,Statik
3.012476844351691,0,9.623356789239267,20,357,Statik
2.31292532786103,0,27.9487834482062,20,358,Statik
13.397459662658159,0,0.0,20,359,Statik
3.483839321266211,30,0.0,18,360,Statik
4.903636737690214,15,0.0,19,361,Statik
1.9269047330240163,15,0.0,19,362,Statik
24.6482637133303,15,68.3980189443609,19,363,Statik
1.4819027641302558,60,0.9377724087532329,16,364,Statik
6.181451376318939,90,5.926959320819947,14,365,Statik
3.3440196705398533,45,0.0,17,366,Statik
9.976406725822038,30,15.266111743316742,18,367,Statik
8.872547492669325,15,46.363017474008586,19,368,Statik
3.7640076231703667,75,48.04277670298342,15,369,Statik
12.316217192613166,60,3.8191357864507722,16,370,Statik
9.82198841810711,30,11.98051363041668,18,371,Statik
19.45523351166938,45,0.0,17,372,Statik
2.052823470247926,0,0.0,20,373,Statik
18.922317191936294,45,9.262874757032762,17,374,Statik
1.4943126460771294,60,0.0,16,375,Statik
10.872209441974304,60,0.0,16,376,Statik
0.9813913185726235,45,0.0,17,377,Statik
14.821419174396363,0,27.018300074001843,20,378,Statik
26.184623573004075,45,0.0,17,379,Statik
10.641787627167238,45,0.0,17,380,Statik
59.11534203645954,30,99.39931699621081,18,381,Statik
13.586274401557313,30,0.0,18,382,Statik
5.466401911843537,60,0.0,16,383,Statik
1.2618600998785092,45,6.163494491816607,17,384,Statik
5.333056038572141,45,0.0,17,385,Statik
7.931394111089745,60,24.33158404318044,16,386,Statik
11.01062581629902,15,14.47000075688129,19,387,Statik
21.92876985384335,30,29.84829553246749,18,388,Statik
6.218477756657821,45,0.0,17,389,Statik
5.302201688224736,0,25.939683905332913,20,390,Statik
2.8760726405588177,60,10.0221985777751,16,391,Statik
8.985511409084035,15,53.821183470222536,19,392,Statik
2.5720449035408843,15,3.123809101830659,19,393,Statik
1.3134129600009221,30,0.5248211426602438,18,394,Statik
2.8824157935976245,15,5.917333938973115,19,395,Statik
2.994390944921267,15,32.32239864464594,19,396,Statik
31.197199429260525,0,16.734199779380674,20,397,Statik
2.2096711735686085,45,0.0,17,398,Statik
1.8565434804434093,30,0.0,18,399,Statik
7.163864154398434,60,7.509246355104096,16,400,Statik
8.990165958468689,15,22.15646234783918,19,401,Statik
6.97539732825068,15,11.998275862516834,19,402,Statik
5.430435405592364,0,6.739776680736725,20,403,Statik
26.8162158241676,30,54.96432168122669,18,404,Statik
30.780552793254888,30,29.498039462599593,18,405,Statik
13.863869278650796,60,0.0,16,406,Statik
4.899055043853097,75,0.0,15,407,Statik
51.35088369281816,60,1.9963245992681777,16,408,Statik
6.710956995503605,30,0.0,18,409,Statik
5.531430027522483,30,0.0,18,410,Statik
16.103530402629097,45,0.0,17,411,Statik
1.7902098208187376,0,8.593736828851831,20,412,Statik
9.456257535604054,15,13.215773414691967,19,413,Statik
4.019733039586164,0,0.0,20,414,Statik
7.0225030206182915,30,34.562767192495244,18,415,Statik
10.718420465999772,30,0.0,18,416,Statik
2.19228936895198,15,0.0,19,417,Statik
31.129971070116614,30,15.633991172620597,18,418,Statik
6.997247045609098,45,21.558769854892375,17,419,Statik
0.2476666225771377,30,23.889009266660025,18,420,Statik
6.084231340282458,30,0.0,18,421,Statik
8.353017209899473,15,0.0,19,422,Statik
8.983029386414271,30,0.0,18,423,Statik
0.5404197629313343,30,0.0,18,424,Statik
5.703794220354085,60,0.0,16,425,Statik
13.775902443737873,15,0.0,19,426,Statik
7.327497672270226,30,8.06413809386629,18,427,Statik
20.095115224568875,45,71.08270992755274,17,428,Statik
3.749528629352294,45,0.0,17,429,Statik
9.007440637448195,15,0.0,19,430,Statik
0.0687034747054529,60,27.121488058208797,16,431,Statik
3.617328159914163,75,20.054321424972272,15,432,Statik
3.561375923299639,30,0.0,18,433,Statik
40.817161456884634,60,38.45368979604092,16,434,Statik
0.5686551156550363,60,0.0,16,435,Statik
9.464075761736952,75,20.65080034846312,15,436,Statik
6.72183315451082,75,0.0,15,437,Statik
19.588489095593918,30,75.29488764004248,18,438,Statik
18.515329693556698,60,2.362006467245635,16,439,Statik
0.6788945332399766,0,2.0920714953020365,20,440,Statik
5.571208591363894,45,46.252890939088786,17,441,Statik
4.772396159180298,15,25.041935119244613,19,442,Statik
19.29730051578959,15,6.403366218165502,19,443,Statik
4.391450772910255,45,11.339102690689344,17,444,Statik
1.496728913817518,30,0.0,18,445,Statik
0.0,45,0.0,17,446,Statik
19.70980078136604,30,36.284954296719036,18,447,Statik
1.9447852316851568,75,0.0,15,448,Statik
6.5639994467576726,15,4.750465673906319,19,449,Statik
22.11262714327424,15,52.738185861968645,19,450,Statik
16.259184211439646,15,0.0,19,451,Statik
5.853768811071823,45,8.115700737725547,17,452,Statik
6.9180409231963855,15,1.6961812259467024,19,453,Statik
0.572258135856575,30,0.0,18,454,Statik
14.6988872544715,15,0.0,19,455,Statik
23.067190486690308,0,38.546323610286095,20,456,Statik
1.87120592707147,0,10.010543160137331,20,457,Statik
33.120767781261854,15,41.16431252025967,19,458,Statik
24.832623808368137,0,49.873886163912516,20,459,Statik
21.598480671098947,15,40.93825283582089,19,460,Statik
16.516847967007465,60,3.767340513539068,16,461,Statik
4.55539864950451,0,17.069182460294655,20,462,Statik
3.6733659898274937,0,0.0,20,463,Statik
6.262970545047483,45,0.0,17,464,Statik
2.2770411586385695,45,0.0,17,465,Statik
8.305837302370861,60,5.234558603874518,16,466,Statik
34.59602849495219,15,60.938775706256365,19,467,Statik
8.95111223222863,15,0.0,19,468,Statik
38.3443885420469,60,0.0,16,469,Statik
4.284894164615236,45,18.884244399753868,17,470,Statik
23.98609698230232,60,0.0,16,471,Statik
6.994859719534121,30,29.53908988432687,18,472,Statik
13.221561106558505,30,14.49911204005656,18,473,Statik
11.927951182719113,45,24.276074451830652,17,474,Statik
3.7077374076459826,15,0.0,19,475,Statik
14.668804339587235,0,1.618627720461859,20,476,Statik
5.125370334099039,30,33.79764751363689,18,477,Statik
2.3361494060356405,0,10.88446687869964,20,478,Statik
0.7164898715576105,15,0.0,19,479,Statik
6.546662220471904,15,0.0,19,480,Statik
6.45941660102719,15,8.01116375637821,19,481,Statik
2.5267259292066027,30,14.598925243394149,18,482,Statik
8.489668623436298,15,0.0,19,483,Statik
10.275982412030439,30,0.0,18,484,Statik
2.6189892501860754,75,0.0,15,485,Statik
0.6308945995219384,45,0.0,17,486,Statik
2.9566411796183285,45,0.0,17,487,Statik
0.0,75,0.0,15,488,Statik
9.684822129554975,30,0.0,18,489,Statik
13.201688573403505,30,9.548263022658318,18,490,Statik
19.386709848568305,15,48.18451350721125,19,491,Statik
19.002059416714346,30,70.8512170408826,18,492,Statik
26.125062530435294,0,84.81174684167428,20,493,Statik
12.843266418668458,0,0.253657326035011,20,494,Statik
15.674611120912326,30,43.232453830921145,18,495,Statik
0.8683604948014321,45,0.0,17,496,Statik
1.3256341537396155,30,3.510466502868894,18,497,Statik
3.555459191894751,45,0.0,17,498,Statik
24.437155681487255,30,18.196673600629993,18,499,Statik
0.9841654094767117,75,0.0,15,500,Statik
11.82413570235608,15,12.070764073077726,19,501,Statik
5.449317322745463,75,0.0,15,502,Statik
0.12553521930872258,30,0.0,18,503,Statik
8.120040014597313,30,40.89226541457987,18,504,Statik
8.308723896038375,45,0.0,17,505,Statik
7.080508316878854,0,37.606013668175876,20,506,Statik
5.875249188139862,30,0.0,18,507,Statik
32.57139108999081,45,18.197660963318526,17,508,Statik
5.3848540207102555,0,0.0,20,509,Statik
8.04892846408384,45,0.0,17,510,Statik
1.0304145266258031,30,20.210200376281364,18,511,Statik
5.120668868205453,45,0.0,17,512,Statik
5.017768782463865,30,0.0,18,513,Statik
16.58196712481895,45,34.99124824069963,17,514,Statik
0.7780412475901958,15,0.0,19,515,Statik
10.577860932292,45,0.0,17,516,Statik
19.1996337990265,75,72.15464242062995,15,517,Statik
5.4804061337582555,30,6.554567215377176,18,518,Statik
12.594838238670294,15,0.0,19,519,Statik
11.432984754692095,30,0.0,18,520,Statik
0.0,45,0.0,17,521,Statik
3.6910736168199416,45,3.2830912803730143,17,522,Statik
5.588116985950621,30,0.0,18,523,Statik
2.9050758378051933,30,14.464409901890122,18,524,Statik
2.6267521607731767,0,3.0605266079871285,20,525,Statik
12.488066774950525,30,39.288299137293166,18,526,Statik
9.675122561293277,30,63.17451769752017,18,527,Statik
6.956161445103171,45,12.65673315007109,17,528,Statik
8.072034683838755,15,0.0,19,529,Statik
11.113897626769699,60,23.16018646865507,16,530,Statik
2.563890312630435,60,0.0,16,531,Statik
10.946491570000685,30,37.09408154855373,18,532,Statik
3.954127309386992,45,29.472701566333853,17,533,Statik
0.2967361399530684,15,0.0,19,534,Statik
5.499901859008555,45,0.0,17,535,Statik
2.054885451763398,15,0.0,19,536,Statik
4.396291797847631,15,47.28652340456631,19,537,Statik
2.7589717010761268,30,14.268577914661819,18,538,Statik
4.1211588261656384,60,16.891524974343668,16,539,Statik
2.8942804491468452,0,44.37057656517328,20,540,Statik
5.146578620153079,60,0.0,16,541,Statik
24.931025913347476,30,12.613995846357682,18,542,Statik
2.1542558977559594,45,0.0,17,543,Statik
7.810605514325675,45,37.567152391927266,17,544,Statik
2.429255430239927,45,0.0,17,545,Statik
18.018143956782502,45,0.0,17,546,Statik
19.56136247589544,30,0.0,18,547,Statik
9.493375732483896,15,30.530577845153232,19,548,Statik
0.9055372192111806,60,0.0,16,549,Statik
31.433582238113743,15,4.430947515127059,19,550,Statik
6.543839704873511,45,0.0,17,551,Statik
7.012002003404177,75,15.937832767942723,15,552,Statik
17.21769978460581,30,11.649167135517473,18,553,Statik
2.222117251937101,30,17.553742225352266,18,554,Statik
2.7807805072309315,15,0.0,19,555,Statik
0.7659828815744325,30,0.0,18,556,Statik
5.980031154133354,15,10.079208874752055,19,557,Statik
12.226469745633244,45,31.772898413102155,17,558,Statik
4.786898861027444,60,36.53203690056034,16,559,Statik
1.0078793109882038,45,10.367330361870586,17,560,Statik
1.3768330682416616,15,8.205100964158476,19,561,Statik
58.86643622793102,60,46.12485017200578,16,562,Statik
1.227862846879817,75,35.56573738003107,15,563,Statik
19.376323342318596,30,2.0082178709824348,18,564,Statik
19.136389377458777,30,0.0,18,565,Statik
2.798642537477163,15,0.0,19,566,Statik
24.67741544030177,15,25.10214440748524,19,567,Statik
3.464344339437188,30,0.8517736073706601,18,568,Statik
8.567323844663095,15,18.54438654224367,19,569,Statik
5.11758094143149,45,14.412388772063764,17,570,Statik
28.98939706948895,30,143.150813542915,18,571,Statik
7.525487394642144,0,12.050417892504242,20,572,Statik
12.35272747914057,30,0.0,18,573,Statik
1.3490626967846795,30,10.70440094667174,18,574,Statik
13.448399557008948,45,0.0,17,575,Statik
8.42524428057753,30,29.356705778832577,18,576,Statik
31.8880099899933,15,0.0,19,577,Statik
13.123572239541412,15,4.941224455491124,19,578,Statik
5.79431528969348,30,0.0,18,579,Statik
2.633509120082839,15,0.0,19,580,Statik
6.1943586549276555,30,15.90048652467118,18,581,Statik
9.143962136193789,15,3.077128127910953,19,582,Statik
11.785301742369684,15,10.246564496289977,19,583,Statik
4.700247338136249,30,0.0,18,584,Statik
14.189688532619325,45,8.856272347873016,17,585,Statik
19.6015935479732,15,67.7286941171522,19,586,Statik
13.63042762440863,30,22.3205062672871,18,587,Statik
9.621790269592438,15,0.0,19,588,Statik
6.042648353106385,15,10.997780056493752,19,589,Statik
7.43063720638644,45,64.22365172828097,17,590,Statik
13.552291840148404,30,2.4930834562064774,18,591,Statik
3.074945730942919,0,0.0,20,592,Statik
2.9451570426489955,15,4.213261193002495,19,593,Statik
14.616751300790787,15,25.8714478762692,19,594,Statik
21.876239399916187,15,22.93351812721278,19,595,Statik
9.303422502976412,45,5.9113355886952945,17,596,Statik
51.077051918622104,45,93.15894667179043,17,597,Statik
19.46526053939794,0,0.0,20,598,Statik
6.056126431404583,0,2.8451808577046336,20,599,Statik
0.3002998335635034,60,0.0,16,600,Statik
1.1918361976631084,45,21.379454188783996,17,601,Statik
6.026025785190952,60,0.0,16,602,Statik
14.110452218170368,75,45.258038193628124,15,603,Statik
9.33521123131201,15,24.98529524239774,19,604,Statik
30.2989059466209,30,27.6691986452974,18,605,Statik
11.601940629207238,30,0.0,18,606,Statik
0.6894081243064049,45,0.0,17,607,Statik
3.407617702564521,15,0.0,19,608,Statik
8.726881374420604,60,0.0,16,609,Statik
5.76761721400505,15,0.0,19,610,Statik
3.854432040185186,45,1.199592530507914,17,611,Statik
8.948285688287225,30,0.0,18,612,Statik
9.680461239253178,15,8.414633979147254,19,613,Statik
26.989162495781454,45,55.010396193555664,17,614,Statik
7.541384800667027,60,0.0,16,615,Statik
5.930364153869679,75,0.0,15,616,Statik
0.11819423466944481,15,0.0,19,617,Statik
10.312577918936777,60,24.418259727930092,16,618,Statik
30.943262430811643,0,66.06298827222429,20,619,Statik
21.926337015506718,30,53.208400865341844,18,620,Statik
2.0525575702169627,30,15.34812758602493,18,621,Statik
8.966391572431057,45,28.26212978763516,17,622,Statik
2.095780859431718,30,2.9606428676016208,18,623,Statik
3.1717753894342486,30,0.0,18,624,Statik
2.3080151209269584,15,0.0,19,625,Statik
1.1435734703995553,60,0.0,16,626,Statik
4.988044313957206,15,0.0,19,627,Statik
5.707155658145127,15,43.32581774601567,19,628,Statik
4.221957288347215,45,44.65463043758393,17,629,Statik
11.631808595002017,30,25.81405776212688,18,630,Statik
4.444827598178422,45,0.0,17,631,Statik
4.032420998839358,45,0.0,17,632,Statik
3.0429837913428126,30,0.0,18,633,Statik
12.916175868378618,30,34.6977197898957,18,634,Statik
10.431490937869405,60,0.0,16,635,Statik
6.60013023199874,15,0.0,19,636,Statik
33.97756414084671,45,32.594456494853944,17,637,Statik
0.713069107916057,15,0.0,19,638,Statik
14.194428251183545,30,52.909184987519154,18,639,Statik
14.290812638537478,0,12.303675350553476,20,640,Statik
8.056535481390494,45,0.0,17,641,Statik
2.1874530113970168,0,37.7160493077327,20,642,Statik
3.889687186039008,30,15.543892512674745,18,643,Statik
5.3794195647761684,60,0.0,16,644,Statik
1.7486474663343605,75,0.0,15,645,Statik
0.42007929956728757,15,2.0642607792369745,19,646,Statik
3.120182595537376,30,0.0,18,647,Statik
20.20532319785419,30,21.739149375347324,18,648,Statik
9.586255011528683,30,0.0,18,649,Statik
1.0507755508659216,30,0.0,18,650,Statik
19.48389689137295,45,0.0,17,651,Statik
10.812429640839026,45,0.0,17,652,Statik
13.668803256010058,30,72.43420935317312,18,653,Statik
1.6421382261596582,60,0.0,16,654,Statik
4.242719562636804,15,0.0,19,655,Statik
10.140160272505927,15,16.516223702078605,19,656,Statik
1.2972478511355585,45,0.0,17,657,Statik
3.6500978240897175,30,88.06156076269679,18,658,Statik
11.588871450775056,30,29.711114230914347,18,659,Statik
24.14758280588232,30,0.0,18,660,Statik
40.62248085138801,0,57.31421692492563,20,661,Statik
48.701803063976605,15,100.62433102623845,19,662,Statik
6.922816160441518,45,0.0,17,663,Statik
2.3503463656681784,30,0.0,18,664,Statik
5.444717241049383,45,27.442268776614014,17,665,Statik
5.4040243679546665,30,0.0,18,666,Statik
0.2394926353808923,90,0.0,14,667,Statik
4.215506109368649,45,1.4013494123557848,17,668,Statik
32.6104889094594,15,52.43590470509508,19,669,Statik
28.854103002113323,15,38.45559593437065,19,670,Statik
5.804235707465024,0,0.0,20,671,Statik
1.8195863185462382,30,9.013618728763277,18,672,Statik
8.37693128954414,45,5.460282875081646,17,673,Statik
1.2946780349251032,30,0.0,18,674,Statik
10.58267108255016,15,52.37543776014195,19,675,Statik
10.057727726809446,15,20.61852533278875,19,676,Statik
6.611692249684824,30,6.9015777811332555,18,677,Statik
2.5461741484961173,15,0.0,19,678,Statik
9.514901399770412,15,34.58061472039657,19,679,Statik
4.907450106830308,30,0.0,18,680,Statik
14.51053323173958,30,35.09233460302033,18,681,Statik
14.01635397451197,30,93.43636170416244,18,682,Statik
27.63709101090674,30,34.63390793509154,18,683,Statik
24.363569425973317,0,0.0,20,684,Statik
3.5559131158719683,60,6.668331219275785,16,685,Statik
15.822553873022043,45,43.16320850820097,17,686,Statik
34.83324319013436,0,40.675789192298794,20,687,Statik
0.21031355604385185,30,0.0,18,688,Statik
8.016084563348063,15,0.0,19,689,Statik
17.873037076359115,15,1.177979613885043,19,690,Statik
10.938048918983117,0,0.0,20,691,Statik
17.190268684252477,30,95.82301080928141,18,692,Statik
2.104403839393037,15,8.857786767806772,19,693,Statik
1.873893479209327,75,0.0,15,694,Statik
5.334670340598824,30,0.0,18,695,Statik
5.651803266179647,45,23.17390643895834,17,696,Statik
14.463772594159039,15,2.409791674341875,19,697,Statik
2.421621104882438,0,28.956829025942284,20,698,Statik
2.445678717172792,0,13.230967884098106,20,699,Statik
2.7916155531760523,0,0.0,20,700,Statik
4.496969436775388,45,17.62753461189135,17,701,Statik
14.40070023952779,15,25.68162053330309,19,702,Statik
4.5370165487319944,60,14.18569755885045,16,703,Statik
13.487536195990959,30,27.1262766677346,18,704,Statik
31.069924183690798,15,0.0,19,705,Statik
1.4873715033931028,0,4.811587584473045,20,706,Statik
2.062210196217931,45,1.9229305328259443,17,707,Statik
7.994223514893817,45,0.0,17,708,Statik
1.983047788028858,30,1.1515159633725034,18,709,Statik
2.413516606893819,0,30.896859374486326,20,710,Statik
0.691681435724773,15,0.0,19,711,Statik
3.0634370987652297,30,0.6580574492612072,18,712,Statik
5.345861982966624,30,0.0,18,713,Statik
1.8378142207422599,30,0.0,18,714,Statik
1.1319098908892187,45,0.0,17,715,Statik
2.857638460614476,15,0.0,19,716,Statik
2.9569998471464998,30,0.0344215658600433,18,717,Statik
0.5473194891078977,45,0.0,17,718,Statik
3.3741002212460227,45,0.0,17,719,Statik
1.8597963102085147,75,0.0,15,720,Statik
3.908826522384149,30,0.33512081451704034,18,721,Statik
5.775302474718547,15,0.0,19,722,Statik
27.227072639295177,30,0.0,18,723,Statik
0.8020398907278268,30,0.0,18,724,Statik
3.6468203283539253,75,0.0,15,725,Statik
3.8081704107288137,45,19.221708295375947,17,726,Statik
5.096182211334776,75,20.427521193702546,15,727,Statik
1.864854359125007,45,0.0,17,728,Statik
7.7360085657345286,30,0.0,18,729,Statik
0.8578884141674508,75,0.0,15,730,Statik
5.7852273998227535,15,0.0,19,731,Statik
0.1449745024687466,30,6.33773799676419,18,732,Statik
4.189171042399248,30,46.44880115700846,18,733,Statik
4.618153189079969,0,0.0,20,734,Statik
28.659061809149925,30,1.9592379659243875,18,735,Statik
36.60002205092589,15,35.027062637051245,19,736,Statik
1.3032208216016288,30,0.0,18,737,Statik
7.1724615325926635,45,6.427139233251069,17,738,Statik
5.978752290283931,30,32.926527186488215,18,739,Statik
0.8073227484909851,45,0.0,17,740,Statik
7.3212788698071884,60,0.0,16,741,Statik
6.126687602999816,15,33.47901420756614,19,742,Statik
9.604423743308324,0,0.0,20,743,Statik
0.22101321629033652,45,0.0,17,744,Statik
10.211489617064576,30,0.0,18,745,Statik
9.855039542545367,60,0.0,16,746,Statik
7.089734880645675,0,0.0,20,747,Statik
0.20889346816560017,45,0.0,17,748,Statik
6.964128748145869,30,0.0,18,749,Statik
0.24613987176210608,75,0.0,15,750,Statik
2.165784530325259,0,0.0,20,751,Statik
7.581723260452497,0,34.98812911019348,20,752,Statik
3.7967024805406604,45,0.0,17,753,Statik
2.269340883535831,30,0.0,18,754,Statik
3.3314972089154744,30,0.0,18,755,Statik
30.35796218611778,45,22.429102250893152,17,756,Statik
3.1897939409205662,75,2.6204615201476145,15,757,Statik
13.665666602152063,30,69.43902664272582,18,758,Statik
2.584539876970589,30,0.0,18,759,Statik
5.446788130321248,15,0.0,19,760,Statik
2.8225528699654983,45,0.0,17,761,Statik
2.663716662730929,45,0.0,17,762,Statik
1.6756006274859487,15,0.0,19,763,Statik
3.1817332187178486,15,5.980523696122702,19,764,Statik
2.362686749640818,75,9.30985761804294,15,765,Statik
16.65967148694522,75,0.0,15,766,Statik
7.776052248639987,30,18.800836318395397,18,767,Statik
0.961244448449424,30,0.0,18,768,Statik
4.37620667268377,15,21.307547129235274,19,769,Statik
5.0524873220736,75,0.0,15,770,Statik
10.836082605948405,15,0.0,19,771,Statik
19.25233069785923,60,59.736923592698304,16,772,Statik
3.3118364094253985,15,0.0,19,773,Statik
2.269866077988312,30,0.0,18,774,Statik
13.592022251785124,15,14.187239093431572,19,775,Statik
10.623438197990815,30,0.0,18,776,Statik
0.8956913035721088,30,0.0,18,777,Statik
14.838160212965327,45,25.163071643310445,17,778,Statik
15.503056427699873,105,57.82763100293204,13,779,Statik
9.464483718536107,75,0.0,15,780,Statik
2.0048967187053166,90,0.0,14,781,Statik
0.5928027094482926,0,0.0,20,782,Statik
5.150188279366436,45,0.0,17,783,Statik
3.503302770244789,15,9.050303474140946,19,784,Statik
22.097023306571558,30,49.4014532661368,18,785,Statik
13.832094654396913,15,32.241873833553484,19,786,Statik
8.806326476597174,15,7.984240731720149,19,787,Statik
4.023467539797043,30,0.0,18,788,Statik
3.2862054168202848,15,24.71287179790903,19,789,Statik
3.536836078132153,15,4.6373706501019,19,790,Statik
3.6674671292157157,60,0.0,16,791,Statik
20.983158272617317,15,35.06648424938811,19,792,Statik
3.94929335775408,60,0.0,16,793,Statik
18.03104524721542,45,0.0,17,794,Statik
0.5098847357618431,30,29.180834846445975,18,795,Statik
8.157222337170655,75,14.420944863892373,15,796,Statik
68.37948487930221,15,57.589080208292785,19,797,Statik
5.45337457277231,45,23.64272818555179,17,798,Statik
0.02739111118777898,105,0.0,13,799,Statik
3.1667735004243545,15,0.0,19,800,Statik
3.0890720140004744,15,24.055884641412092,19,801,Statik
49.1173985734683,0,120.19631271732169,20,802,Statik
18.939221734069292,30,0.0,18,803,Statik
15.427733253304874,30,2.8206694551207647,18,804,Statik
6.233237847635707,30,13.575952983421644,18,805,Statik
4.6835624599522205,15,0.0,19,806,Statik
7.490464161392579,60,0.0,16,807,Statik
9.31711469665766,15,24.767127375283053,19,808,Statik
6.700524947324075,15,16.736956951540492,19,809,Statik
1.5604474819675243,0,5.416382710377832,20,810,Statik
2.6741467855666485,45,25.85246486447994,17,811,Statik
2.8896177158541105,15,2.737762125985398,19,812,Statik
0.9709590814574073,45,0.10038558076109894,17,813,Statik
5.633895434483526,30,27.664925494489637,18,814,Statik
4.5488214329380625,0,54.41189084873366,20,815,Statik
8.189072445539573,45,0.0,17,816,Statik
4.410477336935845,45,0.0,17,817,Statik
4.173347358268959,30,0.0,18,818,Statik
1.5664624627577828,30,0.0,18,819,Statik
14.10583433428358,45,0.0,17,820,Statik
2.2736960520033667,45,4.461677997735933,17,821,Statik
19.745259927477363,30,84.4023050064618,18,822,Statik
4.403328738222147,15,1.0310665766386933,19,823,Statik
2.490384544655145,60,0.0,16,824,Statik
13.60042182805391,15,55.08498861544405,19,825,Statik
3.0086171165327666,30,0.0,18,826,Statik
3.692234731325976,30,15.929090232259625,18,827,Statik
1.062858074701077,15,0.0,19,828,Statik
9.837589756090967,60,9.151341333128926,16,829,Statik
1.5164457290830882,45,1.799273289728717,17,830,Statik
43.37254801952374,15,89.72469368419468,19,831,Statik
8.056142563479368,15,80.02396039831984,19,832,Statik
11.921778715406353,30,52.80093958856696,18,833,Statik
0.28084987020697433,90,0.0,14,834,Statik
0.48876979097143725,60,0.0,16,835,Statik
10.772899949864437,30,5.043974418298376,18,836,Statik
49.93380720069579,15,37.061859870949036,19,837,Statik
28.552232399451484,30,13.697451054601743,18,838,Statik
7.532502974180443,15,0.04647728324965783,19,839,Statik
16.27826575412638,15,30.079124304060542,19,840,Statik
44.03212163768941,0,101.66030963523593,20,841,Statik
10.062710854644735,60,0.0,16,842,Statik
4.211308282661758,75,0.0,15,843,Statik
7.1981707617779165,60,43.781751906688555,16,844,Statik
35.58339638225314,30,50.74230942919951,18,845,Statik
46.09620765493649,30,13.092335439547355,18,846,Statik
19.87109478549437,45,84.98285626174476,17,847,Statik
4.82829317088885,15,18.863528576287138,19,848,Statik
19.225591538732328,0,0.0,20,849,Statik
1.3031888352741916,0,20.39014049583716,20,850,Statik
1.3865337314525636,0,0.0,20,851,Statik
5.563218781792181,30,0.0,18,852,Statik
3.3370437832826267,45,15.205818606355251,17,853,Statik
6.081511323238846,45,5.218067746366955,17,854,Statik
1.2939240645760854,30,0.0,18,855,Statik
3.206930097055411,45,0.0,17,856,Statik
1.0183152445491677,45,0.0,17,857,Statik
2.4281246483566523,30,0.0,18,858,Statik
11.575283400828035,30,0.6494734608932049,18,859,Statik
9.169332872914543,0,67.97617452123148,20,860,Statik
15.002718149424233,45,42.88439797725556,17,861,Statik
1.194868082352711,60,0.0,16,862,Statik
2.824448011707613,15,8.733354029319912,19,863,Statik
11.209370384410915,45,23.200644404150523,17,864,Statik
4.891521145294913,0,0.0,20,865,Statik
6.8855447153563345,60,0.0,16,866,Statik
38.210957015450795,30,0.0,18,867,Statik
6.279747071040919,60,2.875390219050189,16,868,Statik
14.075618762832692,30,0.0,18,869,Statik
26.028858706186924,15,38.25013102261829,19,870,Statik
8.936481339558377,15,27.26572804107957,19,871,Statik
29.244563491150416,15,33.13179228754285,19,872,Statik
4.603611910853202,0,10.839425932886968,20,873,Statik
30.930575720857014,0,37.985007787669815,20,874,Statik
11.87902481347178,15,9.320889084201212,19,875,Statik
3.8053972949348,45,0.0,17,876,Statik
6.678294877576394,45,0.0,17,877,Statik
0.940889700573785,30,0.0,18,878,Statik
0.2956431096467327,30,0.0,18,879,Statik
4.736371614632639,30,0.0,18,880,Statik
3.031214449581811,15,0.0,19,881,Statik
6.340478977078301,30,6.539799591830729,18,882,Statik
29.52501238081628,30,86.88064680633829,18,883,Statik
2.494622386364107,15,0.0,19,884,Statik
2.546419606344214,30,5.9718208678792735,18,885,Statik
2.838945735762113,30,27.446757238861835,18,886,Statik
73.67425731097458,0,25.731481084433256,20,887,Statik
0.7538901119766208,45,0.9629762539866533,17,888,Statik
0.9076847405704491,30,0.0,18,889,Statik
2.1086407368470343,45,0.0,17,890,Statik
0.2201736774419069,45,0.0,17,891,Statik
4.23460128625068,30,3.7256612421050477,18,892,Statik
8.464442058953052,30,6.021443294120672,18,893,Statik
0.26932498434031293,15,0.0,19,894,Statik
0.09942211114633726,45,0.0,17,895,Statik
1.6039398747724452,15,2.6311662163664096,19,896,Statik
9.98058179268053,15,2.038998974597689,19,897,Statik
1.0727559041891481,45,6.165993202016637,17,898,Statik
0.2816226613645962,30,0.0,18,899,Statik
6.212501254991673,75,0.0,15,900,Statik
4.0164065747691895,15,0.0,19,901,Statik
9.714006810691323,45,0.0,17,902,Statik
11.012053585818338,30,0.0,18,903,Statik
3.995609577115861,45,0.0,17,904,Statik
3.522832853907328,45,9.382675259154269,17,905,Statik
1.536979158568182,30,13.362102696817999,18,906,Statik
6.323599371631256,45,0.0,17,907,Statik
5.280323425845881,30,0.0,18,908,Statik
1.8994971866803452,15,0.0,19,909,Statik
11.317236692839455,60,2.846135863965401,16,910,Statik
1.9607471177999423,15,0.0,19,911,Statik
12.709589932298858,0,37.67145124040218,20,912,Statik
5.8924349278542,60,13.987232259069742,16,913,Statik
4.124268922323373,15,0.0,19,914,Statik
1.459494851034192,30,0.0,18,915,Statik
8.237080504708011,60,0.0,16,916,Statik
4.2085075392222855,15,16.06247832735346,19,917,Statik
11.071397018478446,30,77.05432143368631,18,918,Statik
14.275320763699858,45,8.476870551304785,17,919,Statik
6.689145554730811,0,0.0,20,920,Statik
13.354193214774707,15,15.576932111969711,19,921,Statik
9.19978272411168,60,49.02828110359974,16,922,Statik
1.8440409993348217,60,0.0,16,923,Statik
1.1080192418075043,15,0.0,19,924,Statik
33.3574397140647,0,20.958141112013323,20,925,Statik
0.0,45,0.0,17,926,Statik
1.6011072655105414,30,0.0,18,927,Statik
4.891489856731838,45,0.0,17,928,Statik
3.8998244815076797,75,12.499498770107664,15,929,Statik
1.097078151799329,15,1.7745284881846146,19,930,Statik
8.223108041898318,30,7.116952937788199,18,931,Statik
0.22136693967992052,45,0.0,17,932,Statik
8.710791913218628,45,9.92149864391962,17,933,Statik
32.89437117697501,30,27.549860307186805,18,934,Statik
5.0011148738353715,15,10.696072746503205,19,935,Statik
5.189578903054053,0,39.84283348368717,20,936,Statik
42.67873709131849,0,115.03992353196941,20,937,Statik
36.95640968625756,30,82.30615599381781,18,938,Statik
3.326095942416314,30,0.0,18,939,Statik
4.531597207742874,30,14.389818481918383,18,940,Statik
2.710459919769712,30,18.751341880493896,18,941,Statik
6.94143708792726,30,24.165124682812632,18,942,Statik
13.630964079307423,45,0.0,17,943,Statik
1.8841183913403763,45,3.5262577535176547,17,944,Statik
19.04296691409473,45,0.0,17,945,Statik
0.44370287584263013,45,0.0,17,946,Statik
5.558171076259349,60,11.501158009402104,16,947,Statik
5.850077881829243,15,0.0,19,948,Statik
1.3714152970491649,45,0.0,17,949,Statik
10.846546818730783,30,2.512974946265956,18,950,Statik
2.6841502029948123,0,12.815210270102227,20,951,Statik
16.118666254437745,60,29.741223391787287,16,952,Statik
19.7946130728747,45,0.0,17,953,Statik
16.123371223636646,60,3.7503933494753596,16,954,Statik
3.464637130812316,30,0.0,18,955,Statik
4.332836012196071,75,24.47758528030755,15,956,Statik
8.311921365456403,15,15.804327320657933,19,957,Statik
1.2323565119978155,45,0.0,17,958,Statik
4.4704048939013825,0,0.0,20,959,Statik
6.27611476978609,90,0.0,14,960,Statik
6.098133518916571,60,0.2880157120091553,16,961,Statik
1.704505166255901,30,0.0,18,962,Statik
64.90189103847483,0,65.0638347693461,20,963,Statik
1.2406259785971376,15,0.0,19,964,Statik
2.453837928410729,30,8.05547399569889,18,965,Statik
22.500458241531703,15,2.3273838281227768,19,966,Statik
10.040587821253462,30,47.60069594244948,18,967,Statik
3.804157466025191,45,11.612134704402706,17,968,Statik
13.510612026365742,30,20.63273602693448,18,969,Statik
5.914876736088389,30,41.19240837156474,18,970,Statik
4.715097381003167,0,0.0,20,971,Statik
0.9089960203613445,30,0.0,18,972,Statik
2.0412162124113746,75,0.0,15,973,Statik
1.7876852977414435,15,0.0,19,974,Statik
0.925372511831616,30,12.65648760680341,18,975,Statik
5.626597635632337,15,23.026442183596032,19,976,Statik
4.755420378690609,15,8.199272639189871,19,977,Statik
17.975173845765028,30,33.38927715049158,18,978,Statik
7.085835715301054,45,8.409716661169568,17,979,Statik
1.301923607286172,45,0.0,17,980,Statik
9.631789003413957,90,42.38411226628722,14,981,Statik
2.596769625032829,30,0.0,18,982,Statik
37.74299086008413,15,14.80945907378549,19,983,Statik
11.928523813906098,15,27.037816194788547,19,984,Statik
9.97694597595575,75,5.000431155556612,15,985,Statik
1.106615410868242,0,0.0,20,986,Statik
8.731358904860844,30,0.0,18,987,Statik
0.3074744379653903,90,25.36294087388194,14,988,Statik
11.575717083644921,45,0.0,17,989,Statik
3.063688964413549,15,0.0,19,990,Statik
10.505450597806293,45,0.0,17,991,Statik
2.197609512375626,30,0.0,18,992,Statik
1.3241071522442271,30,0.0,18,993,Statik
3.6895858668127515,0,2.8471274100679125,20,994,Statik
7.686820162985709,30,7.182004654605748,18,995,Statik
4.0503937753516785,45,0.0,17,996,Statik
0.7878874288063563,15,0.0,19,997,Statik
4.134969999451716,45,0.0,17,998,Statik
15.935314366838174,0,13.159385187784096,20,999,Statik
53.23554502450645,0,20.519727017161983,20,1000,Statik
16.065980816438646,30,2.2873475274008115,18,1001,Statik
2.594132940729857,0,0.0,20,1002,Statik
15.093830753336176,45,22.82179024980769,17,1003,Statik
6.918715324354315,60,0.0,16,1004,Statik
12.061383981946156,45,0.0,17,1005,Statik
0.20900284637577293,60,1.795560684651548,16,1006,Statik
1.6931460015659525,60,0.0,16,1007,Statik
0.028961111782721486,45,0.0,17,1008,Statik
3.8078159858728005,15,28.62091039166029,19,1009,Statik
4.088718489543662,15,1.2035073885146517,19,1010,Statik
6.357259732786277,45,0.0,17,1011,Statik
0.5064389978049135,60,0.0,16,1012,Statik
10.09766192474854,30,4.263894620800556,18,1013,Statik
36.059609652715416,30,109.45044429971153,18,1014,Statik
92.02615478425085,30,71.66584414407396,18,1015,Statik
5.03755001468843,30,5.379102465563392,18,1016,Statik
7.019406185613097,60,0.0,16,1017,Statik
9.131931780569024,30,0.0,18,1018,Statik
1.3772676298124287,30,0.0,18,1019,Statik
8.363113274457845,75,0.0,15,1020,Statik
7.818583065070493,60,0.0,16,1021,Statik
6.611067493542078,0,8.257274818064559,20,1022,Statik
23.08275396543036,0,71.0840659554737,20,1023,Statik
2.7117633749255035,15,0.0,19,1024,Statik
14.081637018725823,15,23.4662087324582,19,1025,Statik
14.293790105937806,0,62.47876317288541,20,1026,Statik
0.9459550137113828,45,0.0,17,1027,Statik
2.680405585466513,15,0.0,19,1028,Statik
14.011986724416465,90,0.0,14,1029,Statik
6.851580105566523,15,0.32035402979505534,19,1030,Statik
1.0862376649791354,60,31.17988520384904,16,1031,Statik
2.6064574305224295,30,0.0,18,1032,Statik
11.157558489416765,0,53.13944660801252,20,1033,Statik
7.9237055047477005,15,0.0,19,1034,Statik
1.9008427904251353,45,0.0,17,1035,Statik
6.6160096962880655,60,25.850615349308725,16,1036,Statik
6.613801831625521,15,0.72981168735663,19,1037,Statik
11.116026991410843,15,9.951129089151209,19,1038,Statik
18.409985177257738,30,0.7669040832486189,18,1039,Statik
2.244771214612021,45,0.0,17,1040,Statik
18.922962068059725,45,8.44685686552333,17,1041,Statik
1.8754905275891582,30,16.582334310900876,18,1042,Statik
3.6806100864840645,60,0.0,16,1043,Statik
3.917708763166428,75,0.0,15,1044,Statik
0.33177479493764195,30,0.0,18,1045,Statik
12.654249502958123,15,0.0,19,1046,Statik
3.9583950476328806,45,0.0,17,1047,Statik
32.61559904998685,45,0.0,17,1048,Statik
4.865892670444278,15,29.605700216678827,19,1049,Statik
8.524129505876212,60,25.03277533780698,16,1050,Statik
12.74558181325236,15,0.0,19,1051,Statik
12.060609099385719,30,25.242263452171585,18,1052,Statik
0.8515329719227162,30,0.0,18,1053,Statik
1.3960798067400926,45,0.0,17,1054,Statik
6.179400161582645,30,0.0,18,1055,Statik
2.701613939809489,60,0.0,16,1056,Statik
1.1789235297475287,30,14.263718087443749,18,1057,Statik
7.737358403380699,75,0.0,15,1058,Statik
0.818886519072815,15,0.0,19,1059,Statik
44.18966993331728,15,51.994245945279204,19,1060,Statik
16.39929750846284,15,8.64036209355902,19,1061,Statik
7.085184461902986,0,0.0,20,1062,Statik
4.851429875365099,30,0.0,18,1063,Statik
5.583650157470789,60,26.769504417869655,16,1064,Statik
2.8570094561983432,15,0.0,19,1065,Statik
2.7691619222760777,75,18.74331330680309,15,1066,Statik
46.669787390258676,30,24.103208916928338,18,1067,Statik
21.639360355409806,30,45.77189098183828,18,1068,Statik
23.15682630988705,15,8.023683876321968,19,1069,Statik
5.726480624672164,15,9.866631278587874,19,1070,Statik
0.3165920335694502,30,0.0,18,1071,Statik
19.425773366657754,15,57.8679480639467,19,1072,Statik
25.614033081711103,0,26.410864330045683,20,1073,Statik
3.577771997780742,30,20.457903920807325,18,1074,Statik
4.4100836287726555,30,0.0,18,1075,Statik
2.066812329545361,15,0.0,19,1076,Statik
16.121727144504163,15,0.0,19,1077,Statik
2.964817104340788,75,20.71075439405979,15,1078,Statik
8.761507982645853,15,66.13987405718183,19,1079,Statik
11.930275325150939,0,0.0,20,1080,Statik
3.647654876821559,30,11.099341607735028,18,1081,Statik
2.9853670557976733,0,0.0,20,1082,Statik
1.9377801366044112,90,0.0,14,1083,Statik
0.24869260488972433,45,0.0,17,1084,Statik
3.906182907071826,45,0.0,17,1085,Statik
3.621083850415004,15,1.2554246332549042,19,1086,Statik
11.868820387959236,60,8.41253549434441,16,1087,Statik
7.121742919331636,30,48.57695939877681,18,1088,Statik
0.5910306541462764,45,0.0,17,1089,Statik
6.687591932755325,60,4.547049871776039,16,1090,Statik
17.21939202537594,30,0.0,18,1091,Statik
11.695175332340945,30,24.50133835343729,18,1092,Statik
1.2839318047418289,15,0.0,19,1093,Statik
1.7983397121730855,45,2.720927551179898,17,1094,Statik
3.2973928287751604,15,2.710533601207999,19,1095,Statik
2.6310618739477185,15,9.389955985441702,19,1096,Statik
11.638008803808427,15,0.0,19,1097,Statik
10.75300428908092,0,19.316568762869167,20,1098,Statik
0.9686351896190234,45,0.0,17,1099,Statik
15.06864969378045,30,30.121062122829585,18,1100,Statik
11.00059234926536,30,35.00798940612037,18,1101,Statik
3.0100740790873086,60,66.67594776281953,16,1102,Statik
1.6102624576016666,75,0.0,15,1103,Statik
2.8994996315092814,30,5.326128724574403,18,1104,Statik
36.53408031701885,0,0.0,20,1105,Statik
11.441753862589394,15,0.0,19,1106,Statik
9.930937833443227,15,3.189054767396442,19,1107,Statik
2.4535179258747015,30,0.9988535173911828,18,1108,Statik
3.831956305249418,90,34.46296706535986,14,1109,Statik
8.80696179768544,45,0.0,17,1110,Statik
0.6974482127247411,90,0.0,14,1111,Statik
14.858163988338312,30,40.18629783473102,18,1112,Statik
0.061424019749818766,30,0.0,18,1113,Statik
6.060059450735663,0,0.0,20,1114,Statik
1.545203165532163,15,0.0,19,1115,Statik
4.761581925618171,30,0.0,18,1116,Statik
1.7704495815087595,45,0.0,17,1117,Statik
11.646398951495968,30,13.145202732816074,18,1118,Statik
16.372775869281032,0,20.774465135893877,20,1119,Statik
4.035086914571454,45,0.0,17,1120,Statik
0.8756349692276917,60,0.0,16,1121,Statik
12.423312951520124,0,0.0,20,1122,Statik
13.74018804707354,30,13.020444451994194,18,1123,Statik
4.57390378660577,60,4.2504644576623605,16,1124,Statik
5.803498084466871,15,0.0,19,1125,Statik
4.567201555095168,15,18.486857009690823,19,1126,Statik
15.41703119857364,45,26.854658568828768,17,1127,Statik
1.443403979590468,30,15.912720926294924,18,1128,Statik
75.25224003680972,15,100.15040868954202,19,1129,Statik
3.18729958181288,30,0.0,18,1130,Statik
11.935678436091322,0,6.491363685409965,20,1131,Statik
5.023414194316759,30,0.0,18,1132,Statik
6.721164006322986,45,13.358257524800479,17,1133,Statik
23.878989380111744,30,45.7357070057011,18,1134,Statik
1.2782917438952939,15,0.0,19,1135,Statik
14.78701064625411,15,0.0,19,1136,Statik
3.032859749163746,15,0.0,19,1137,Statik
7.763253380147306,30,11.372129380723209,18,1138,Statik
10.045196493014998,30,0.0,18,1139,Statik
13.063320723325077,0,7.051312055210872,20,1140,Statik
17.21604844400388,45,6.2195788900719435,17,1141,Statik
12.181015340474811,15,8.001621700261751,19,1142,Statik
12.104200428298416,0,10.053618204997633,20,1143,Statik
3.8423943120116593,60,0.0,16,1144,Statik
5.870413738326736,30,17.753924178025045,18,1145,Statik
6.559071425459146,45,0.0,17,1146,Statik
8.950388615908196,0,8.397691952606522,20,1147,Statik
13.525779795897094,0,37.093126091131694,20,1148,Statik
3.809030595067682,0,12.356985492504577,20,1149,Statik
13.607900871729491,30,12.414282553875182,18,1150,Statik
6.721682669479303,45,2.6236574615575705,17,1151,Statik
2.4815937643718073,45,0.0,17,1152,Statik
5.586678975510262,45,0.0,17,1153,Statik
10.264030046734563,75,0.0,15,1154,Statik
0.6690105874865688,45,5.920559045206289,17,1155,Statik
5.25344768230323,30,10.50787143551861,18,1156,Statik
6.739027989196068,45,15.889720269534337,17,1157,Statik
11.257349578113983,15,51.33709002466202,19,1158,Statik
17.646790248249417,30,0.0,18,1159,Statik
2.91612785066489,45,7.185039035421141,17,1160,Statik
31.49264167492278,75,22.463654773335463,15,1161,Statik
12.77584413740744,0,24.8573052121655,20,1162,Statik
23.864157952499372,30,44.31149055073388,18,1163,Statik
16.33651820244721,60,42.68981853414033,16,1164,Statik
4.379301522749469,0,0.0,20,1165,Statik
3.436668953617318,30,1.741902884442709,18,1166,Statik
20.93822859136489,30,44.436565382854724,18,1167,Statik
6.69615296267574,45,52.96593509633897,17,1168,Statik
1.319807082158177,30,0.0,18,1169,Statik
1.9527891653294327,75,0.0,15,1170,Statik
5.948598191348661,30,0.0,18,1171,Statik
26.437304451911622,60,62.73493694318864,16,1172,Statik
19.46689140615652,15,14.24270244598722,19,1173,Statik
15.838708541254046,0,30.10041697778803,20,1174,Statik
4.762537657446586,45,0.5389620833007598,17,1175,Statik
9.133515472594944,15,5.175594751907397,19,1176,Statik
1.4195108315411407,60,0.0,16,1177,Statik
1.2111583035105833,15,4.910860526212275,19,1178,Statik
6.800717837811806,30,46.88606547677483,18,1179,Statik
1.544564713967127,45,0.0,17,1180,Statik
7.259804153678443,0,0.0,20,1181,Statik
6.045468452000177,30,0.311107678813471,18,1182,Statik
2.4688026431386167,0,0.0,20,1183,Statik
25.492984239908374,30,25.981636192816893,18,1184,Statik
9.966809660820733,30,0.0,18,1185,Statik
6.482978548222599,0,0.0,20,1186,Statik
7.579438588007055,45,21.548909666066322,17,1187,Statik
27.939685058971804,45,0.0,17,1188,Statik
5.341377042600702,45,0.0,17,1189,Statik
10.37939690244301,15,0.0,19,1190,Statik
2.9970461475616696,30,12.506359416219766,18,1191,Statik
18.818911583344352,15,37.892730801886216,19,1192,Statik
4.576591877884123,60,11.531369520302576,16,1193,Statik
9.875841683559452,30,7.675042155550159,18,1194,Statik
0.9503816478691142,30,0.0,18,1195,Statik
8.252872687416852,45,0.0,17,1196,Statik
3.7617363866460183,0,4.2260211241326715,20,1197,Statik
9.902099990745956,15,0.0,19,1198,Statik
2.16246403256846,30,0.0,18,1199,Statik
16.130222112951067,45,0.0,17,1200,Statik
4.716095801518002,15,0.12872124938957086,19,1201,Statik
8.97550816605674,15,53.117459293271,19,1202,Statik
10.38579138010268,30,0.0,18,1203,Statik
16.1770093110417,45,71.81313646285838,17,1204,Statik
2.9014434422482567,15,0.0,19,1205,Statik
4.555920745192941,15,0.0,19,1206,Statik
6.592656091741878,60,24.646704391520416,16,1207,Statik
0.960554113918062,60,0.0,16,1208,Statik
6.214475328380861,0,0.0,20,1209,Statik
10.237004396028945,45,10.429014175951409,17,1210,Statik
3.0620719714940843,45,6.31318431192625,17,1211,Statik
14.552897121094295,30,35.498230427697195,18,1212,Statik
1.4765276806543515,60,4.932173991084369,16,1213,Statik
12.279530712010244,45,5.791391903622127,17,1214,Statik
7.073697511989385,30,0.0,18,1215,Statik
18.344864563587564,30,44.950560902936616,18,1216,Statik
9.920127822990926,60,70.59292950571052,16,1217,Statik
44.18435934363127,15,30.852514694952617,19,1218,Statik
2.2259059643766905,0,0.0,20,1219,Statik
31.390269721018885,45,46.51162593868946,17,1220,Statik
6.853551025176656,15,0.0,19,1221,Statik
12.41648019313684,15,17.614785405296743,19,1222,Statik
6.117609525167385,15,40.84474569140093,19,1223,Statik
3.2274538126190357,15,21.07303710531403,19,1224,Statik
34.32655721580627,0,53.93775540734788,20,1225,Statik
1.2908493483394672,30,2.407665355872666,18,1226,Statik
1.823924424397488,15,1.8335755846344455,19,1227,Statik
10.076662369553002,45,8.862670804628294,17,1228,Statik
20.066443254824577,30,14.378452338496515,18,1229,Statik
2.6745893166681682,60,0.0,16,1230,Statik
7.434917120049313,15,0.0,19,1231,Statik
9.775038244787753,75,0.0,15,1232,Statik
15.30350562636124,0,28.472549631554955,20,1233,Statik
35.204456911987776,60,0.0,16,1234,Statik
7.613876086816224,30,22.452445367048256,18,1235,Statik
4.6371387266938395,45,2.2462383776315846,17,1236,Statik
14.945177386401621,0,40.53159143430014,20,1237,Statik
17.236734947789017,30,39.77322299824459,18,1238,Statik
7.707348856944929,15,13.38199205358734,19,1239,Statik
0.39606859444032594,60,0.0,16,1240,Statik
6.8844640807595106,15,14.938866420104489,19,1241,Statik
2.319585200876683,45,0.0,17,1242,Statik
2.7839734969000283,45,6.647188020402325,17,1243,Statik
6.241973293529295,45,0.0,17,1244,Statik
9.458997261400762,45,0.0,17,1245,Statik
4.634293221330549,30,8.601812918624148,18,1246,Statik
0.3448270621334417,30,0.0,18,1247,Statik
1.9672196219076081,15,5.864839080179422,19,1248,Statik
4.04954541982901,30,14.480437710595197,18,1249,Statik
27.4315240630941,15,47.04387377591371,19,1250,Statik
17.023758914243498,75,14.315059029320821,15,1251,Statik
21.82427537262676,30,36.728235658697656,18,1252,Statik
9.649776327685412,30,0.0,18,1253,Statik
1.3455519320824412,30,0.0,18,1254,Statik
7.983090617013005,30,26.32948082263249,18,1255,Statik
8.351439569292854,15,0.0,19,1256,Statik
4.342532105820716,45,4.285722010750362,17,1257,Statik
4.367263329343334,15,0.0,19,1258,Statik
0.8255776692126257,15,0.0,19,1259,Statik
0.09100016658846855,60,8.407979670534132,16,1260,Statik
9.736114826378335,45,7.254892176368344,17,1261,Statik
2.39788912349669,45,0.0,17,1262,Statik
21.61368525831241,15,32.98731663343602,19,1263,Statik
0.17509849682289294,30,0.0,18,1264,Statik
2.845145127653685,30,0.13446272364990364,18,1265,Statik
40.67357163884359,75,15.10252210023981,15,1266,Statik
28.263628127278672,15,11.845160415436851,19,1267,Statik
0.8671734818559496,45,6.119577101608627,17,1268,Statik
9.358471300135246,60,9.6706097752255,16,1269,Statik
30.825375439855474,45,6.080610736213828,17,1270,Statik
31.738017940211087,15,13.523652142338051,19,1271,Statik
2.9091503329331485,30,0.0,18,1272,Statik
0.2779665867519608,45,0.0,17,1273,Statik
2.015725880034715,60,0.0,16,1274,Statik
27.36979393586087,15,31.039145550246303,19,1275,Statik
7.7912862158222795,15,7.385631635279708,19,1276,Statik
3.0249502982290686,30,0.0,18,1277,Statik
0.30635312681548377,45,0.0,17,1278,Statik
1.8702696452929999,0,0.0,20,1279,Statik
4.829411158922452,75,0.0,15,1280,Statik
2.0175127206378556,30,0.0,18,1281,Statik
2.748279720492129,15,0.0,19,1282,Statik
21.287769536072506,15,20.301161294529265,19,1283,Statik
37.75911803478118,0,47.05884138572367,20,1284,Statik
3.251024390505207,15,0.9251492659591918,19,1285,Statik
8.747803583346194,45,24.252521027794728,17,1286,Statik
6.372116083767403,45,20.492171771231313,17,1287,Statik
2.335855724675518,30,0.0,18,1288,Statik
1.8411422179038435,30,11.693712037198452,18,1289,Statik
2.1588955622398056,30,0.0,18,1290,Statik
4.342056470817075,60,0.0,16,1291,Statik
49.164765579061665,45,35.246159953822655,17,1292,Statik
4.31972370811137,60,0.5985378250195481,16,1293,Statik
3.292371865768473,30,0.0,18,1294,Statik
0.138544826071754,15,3.186983576678699,19,1295,Statik
5.217235475887114,45,23.747260634334623,17,1296,Statik
16.64090269024645,30,25.444044778118098,18,1297,Statik
0.6381623654903357,60,0.0,16,1298,Statik
1.5345632560449327,15,4.216383468155016,19,1299,Statik
2.7793405239272744,15,0.0,19,1300,Statik
7.102391879038515,15,29.334619436334037,19,1301,Statik
8.557027648922615,30,0.0,18,1302,Statik
9.98166250316716,15,0.3430749379468807,19,1303,Statik
0.8284377341069715,30,0.0,18,1304,Statik
3.22902426141625,75,0.0,15,1305,Statik
0.5514804902058706,45,0.0,17,1306,Statik
1.4974361393948032,30,0.0,18,1307,Statik
9.451050655908794,15,0.0,19,1308,Statik
4.724848436103808,0,0.0,20,1309,Statik
19.420223915661257,15,49.25616794238573,19,1310,Statik
19.377321366939764,30,67.8122955375461,18,1311,Statik
5.241206337214729,30,19.7719428042779,18,1312,Statik
15.206169634907875,30,37.965594282153404,18,1313,Statik
0.5121367820095898,15,0.0,19,1314,Statik
2.2465347989813034,15,11.024716813271027,19,1315,Statik
10.198679376586043,15,0.0,19,1316,Statik
1.7877013584280865,60,0.0,16,1317,Statik
2.2148951585401857,30,16.373577657223905,18,1318,Statik
2.117100071065532,60,0.0,16,1319,Statik
36.43560229463966,15,10.849195340979293,19,1320,Statik
10.502865769266965,75,33.98234452704378,15,1321,Statik
13.750407335021716,30,33.314716683220865,18,1322,Statik
11.182536597042972,45,20.82335747635136,17,1323,Statik
3.111648221165089,15,0.0,19,1324,Statik
10.975898997851965,15,0.0,19,1325,Statik
38.40590504956519,15,25.71331443142907,19,1326,Statik
15.450113416519768,15,14.453753179115267,19,1327,Statik
46.26653583855377,15,29.926612384960833,19,1328,Statik
14.878746605038067,30,25.977328369492056,18,1329,Statik
50.37006192798333,0,156.35491844378635,20,1330,Statik
19.071063452330325,30,23.62414466780632,18,1331,Statik
5.701084311637133,45,0.0,17,1332,Statik
19.15412610997105,30,16.324365780655853,18,1333,Statik
5.702432063124802,30,10.302544809296762,18,1334,Statik
2.907076255715377,15,0.0,19,1335,Statik
7.827862767191838,75,0.0,15,1336,Statik
20.535080191710982,15,50.46857044687437,19,1337,Statik
3.9925843597876187,45,3.346371879855667,17,1338,Statik
19.168683038674033,30,76.30318869939907,18,1339,Statik
6.337249760722554,30,3.607940266760636,18,1340,Statik
1.0345170495557108,60,0.0,16,1341,Statik
17.067021177176645,30,0.0,18,1342,Statik
19.43186085856627,15,39.461448595688694,19,1343,Statik
0.9983551121171488,45,0.0,17,1344,Statik
1.5138080953375492,45,0.006317506058678646,17,1345,Statik
2.0636741400127523,45,1.2973067160957044,17,1346,Statik
1.6569831478922314,45,11.627564823096577,17,1347,Statik
14.294801083406368,30,18.656206700097528,18,1348,Statik
1.67929800063273,30,0.0,18,1349,Statik
1.5173625123301746,60,0.0,16,1350,Statik
0.7644942469613871,15,0.0,19,1351,Statik
0.9547770152963583,15,0.0,19,1352,Statik
3.9396972709160045,60,0.0,16,1353,Statik
1.1285593866749666,30,0.0,18,1354,Statik
11.200340318831708,45,68.80231809642737,17,1355,Statik
10.063559401872638,15,0.0,19,1356,Statik
16.268467320443072,45,2.0351645025394873,17,1357,Statik
0.2805760464965054,15,0.0,19,1358,Statik
28.81895127424739,45,0.0,17,1359,Statik
5.7931887155078226,45,0.0,17,1360,Statik
35.22971162557601,45,48.40041658733736,17,1361,Statik
5.381757964492795,30,5.786805946219147,18,1362,Statik
6.661427887409922,45,5.525288875618969,17,1363,Statik
3.2367399109547677,30,0.0,18,1364,Statik
5.826923829135038,15,10.62318892342978,19,1365,Statik
3.703061304032334,15,0.0,19,1366,Statik
0.5752411979250648,15,0.0,19,1367,Statik
9.017797084028805,45,0.0,17,1368,Statik
0.5530781172529515,30,0.9993866141076069,18,1369,Statik
28.784926222468343,30,40.77090183677524,18,1370,Statik
6.863553434794459,45,6.916874754585763,17,1371,Statik
15.331023036769416,45,75.4899887588764,17,1372,Statik
1.1248294459990673,30,5.482947445944546,18,1373,Statik
9.891400362752794,0,5.429182725289252,20,1374,Statik
6.447763076012879,15,0.0,19,1375,Statik
10.287589490843237,15,0.0,19,1376,Statik
3.221416198442581,45,0.0,17,1377,Statik
42.51985842345523,0,75.35156134266265,20,1378,Statik
6.132027026158808,15,0.0,19,1379,Statik
30.78793542073609,60,0.0,16,1380,Statik
18.98785523169812,30,2.591863007588188,18,1381,Statik
11.230050637253628,15,7.8252907924854185,19,1382,Statik
7.180898757264145,60,0.0,16,1383,Statik
24.60632925722474,15,0.0,19,1384,Statik
4.773653383529576,45,16.75705210769911,17,1385,Statik
5.188695859803642,15,0.0,19,1386,Statik
8.996859376645805,60,0.0,16,1387,Statik
3.0297082392098997,60,0.0,16,1388,Statik
3.804486830312447,60,0.0,16,1389,Statik
0.38864551889054527,15,0.0,19,1390,Statik
3.4606346826426657,60,15.039777818414848,16,1391,Statik
4.409285357786194,75,41.284872004506155,15,1392,Statik
10.763115888545315,60,27.740257635118724,16,1393,Statik
6.669720665081205,30,4.976293065653465,18,1394,Statik
52.49648949027319,0,105.24099145892382,20,1395,Statik
2.547379512741087,15,0.0,19,1396,Statik
6.091903420026259,30,16.59403490396778,18,1397,Statik
106.30519364428055,30,142.23750216235538,18,1398,Statik
12.312431300619176,60,20.76790284048593,16,1399,Statik
10.444300725153488,15,28.760087729329086,19,1400,Statik
6.145537695680975,30,52.1585550420761,18,1401,Statik
0.5923581452766257,75,0.0,15,1402,Statik
13.08829658741432,15,61.60029317760376,19,1403,Statik
7.126457414878221,30,0.0,18,1404,Statik
15.045273772632218,30,0.0,18,1405,Statik
1.4210329978357938,30,11.559625463652822,18,1406,Statik
3.9587527588900873,60,0.0,16,1407,Statik
7.942996656053036,45,1.690321477774262,17,1408,Statik
1.6844774656460346,30,63.79383203188314,18,1409,Statik
1.012971667589655,45,0.0,17,1410,Statik
1.4942959072584772,15,0.0,19,1411,Statik
1.2869507473107,0,0.0,20,1412,Statik
2.9779388877095743,15,0.0,19,1413,Statik
0.43722888283511036,45,0.0,17,1414,Statik
16.76312061870498,60,2.537671793656955,16,1415,Statik
19.07269477058351,30,73.40692137887635,18,1416,Statik
10.2262230565899,15,0.0,19,1417,Statik
21.40790846319295,15,25.51448053992482,19,1418,Statik
5.131882454533762,75,0.0,15,1419,Statik
4.365376198112996,45,38.4442815180239,17,1420,Statik
31.55868672227032,15,41.14197223494534,19,1421,Statik
1.2559558699291866,60,9.446077078096437,16,1422,Statik
29.516104880011927,15,26.11310073038277,19,1423,Statik
1.0548875856991007,45,0.0,17,1424,Statik
14.110466624340395,15,3.0014921975170523,19,1425,Statik
5.620575078182803,45,0.0,17,1426,Statik
10.034004658546346,15,4.16965347428993,19,1427,Statik
1.790309343478011,45,0.0,17,1428,Statik
0.7287628313750842,30,0.0,18,1429,Statik
4.125507228864931,45,0.0,17,1430,Statik
6.646029829762786,90,9.668661516846555,14,1431,Statik
1.550074433421336,75,0.0,15,1432,Statik
14.98800504373305,0,14.127568166673484,20,1433,Statik
17.16973691012138,0,34.13540591695386,20,1434,Statik
11.168025947049866,90,3.3841041701368226,14,1435,Statik
4.236261153171369,15,0.0,19,1436,Statik
4.12367870620308,15,39.870762904858736,19,1437,Statik
9.00818926880715,60,0.0,16,1438,Statik
10.595363781819938,45,17.43209367969007,17,1439,Statik
4.714281662337173,30,0.7775282901039304,18,1440,Statik
2.383603649664143,15,0.0,19,1441,Statik
0.13630512012686324,30,0.0,18,1442,Statik
6.3195797871759085,75,0.0,15,1443,Statik
18.77292487669559,15,0.0,19,1444,Statik
6.988089735131931,30,13.163401477416414,18,1445,Statik
16.679053721790957,15,32.382262963000244,19,1446,Statik
3.221455123885493,60,0.0,16,1447,Statik
0.30713975014345607,60,0.0,16,1448,Statik
6.499042357317997,45,0.0,17,1449,Statik
3.13566802227316,60,0.0,16,1450,Statik
13.108374960602065,15,10.373859104001497,19,1451,Statik
2.230310290812086,0,0.0,20,1452,Statik
1.7036311911473296,30,0.0,18,1453,Statik
13.418434816157651,15,0.0,19,1454,Statik
2.577800717202642,60,0.0,16,1455,Statik
0.153445257496167,30,0.0,18,1456,Statik
4.668535211365128,45,0.0,17,1457,Statik
14.396521464528494,30,4.406029162977234,18,1458,Statik
16.238152808629053,15,0.0,19,1459,Statik
16.96145311386472,45,68.98453484029443,17,1460,Statik
11.004024332501862,30,0.0,18,1461,Statik
13.564095810909322,30,41.9049921374542,18,1462,Statik
10.035984957427244,15,65.86859844227189,19,1463,Statik
6.945778890186737,0,0.0,20,1464,Statik
10.292732372456959,30,4.506610161207959,18,1465,Statik
7.375673423072129,30,0.0,18,1466,Statik
11.133407536485347,45,0.0,17,1467,Statik
32.73702460417504,30,56.06262873066373,18,1468,Statik
10.728253582711284,15,10.743082158188372,19,1469,Statik
1.7241415953940078,0,0.0,20,1470,Statik
2.0627522329597334,45,14.039134848762501,17,1471,Statik
5.866271998035777,60,30.42292832016193,16,1472,Statik
6.682915742924447,15,4.591929551131614,19,1473,Statik
15.310398987786789,45,10.742955146746056,17,1474,Statik
22.68007424257616,0,13.156630512771358,20,1475,Statik
12.549258614883641,45,60.25654598699464,17,1476,Statik
4.025045731493302,30,12.725591015267526,18,1477,Statik
1.163124386108266,45,0.0,17,1478,Statik
9.491660051138147,15,0.0,19,1479,Statik
44.711579375035846,15,0.0,19,1480,Statik
13.783855441140481,30,43.14289217121251,18,1481,Statik
0.3436481530471678,60,17.244551289685546,16,1482,Statik
8.6733843587658,45,10.421455706701977,17,1483,Statik
3.5437691308416044,30,2.593057195468532,18,1484,Statik
8.149880152629809,15,0.0,19,1485,Statik
0.9537384183554894,45,28.72837246056315,17,1486,Statik
6.998402886783092,45,0.0,17,1487,Statik
10.428963823064946,15,18.410535130529695,19,1488,Statik
0.0,75,2.9557680473760684,15,1489,Statik
2.3520086220566236,30,7.835057225327375,18,1490,Statik
4.847248876243661,0,7.367723319823767,20,1491,Statik
9.725608990108674,45,0.0,17,1492,Statik
8.229680915809865,45,15.900929524341223,17,1493,Statik
11.229813444868926,60,0.0,16,1494,Statik
5.422513814533116,15,0.3718880282182795,19,1495,Statik
11.600817062514155,45,8.45570712646105,17,1496,Statik
0.7784668022767063,15,5.589776457775656,19,1497,Statik
6.35665404016882,15,25.383664398045312,19,1498,Statik
5.499025220861884,45,9.079114512771639,17,1499,Statik
0.39703125396688205,75,23.9476560075762,15,1500,Statik
44.83854184829724,30,48.075749299386075,18,1501,Statik
17.321099828286986,30,20.764649403380815,18,1502,Statik
6.117380606075177,15,19.229910622949433,19,1503,Statik
1.1307153341948764,30,6.648124820304929,18,1504,Statik
42.679145857909944,0,95.92224996445492,20,1505,Statik
9.39452664287333,45,29.735681677014668,17,1506,Statik
1.0111652693646338,15,0.0,19,1507,Statik
22.76429814550825,15,0.0,19,1508,Statik
9.201768240225089,15,6.005631104766337,19,1509,Statik
1.6412457266137044,45,0.0,17,1510,Statik
0.1960715032922653,15,0.0,19,1511,Statik
1.4900346457686453,0,21.622701709796274,20,1512,Statik
4.996837688937272,60,49.64557912216816,16,1513,Statik
2.518396309440364,60,0.0,16,1514,Statik
2.9330420500923866,15,0.0,19,1515,Statik
10.359745398353748,15,8.300106477215877,19,1516,Statik
4.4585937767912736,30,18.280103322706907,18,1517,Statik
16.824418582295337,30,1.6134942498509872,18,1518,Statik
1.5479480144581057,60,0.0,16,1519,Statik
3.7092323617035845,15,13.163131516044302,19,1520,Statik
0.0,60,0.0,16,1521,Statik
3.9391606305459312,0,0.0,20,1522,Statik
16.21573563925482,0,17.132311658310186,20,1523,Statik
12.05623289311188,45,7.490341711453425,17,1524,Statik
14.472838139886395,45,0.0,17,1525,Statik
0.08471765089448896,45,13.715876501313517,17,1526,Statik
11.802320290859454,75,38.357947055306056,15,1527,Statik
3.586527080515915,30,4.482633145026341,18,1528,Statik
10.85690664190164,30,48.92677725889479,18,1529,Statik
2.12057465141548,15,0.0,19,1530,Statik
2.4313354466628163,30,0.0,18,1531,Statik
10.659606311679878,45,13.985486763893277,17,1532,Statik
2.5396342151866294,15,0.0,19,1533,Statik
8.819352630947057,0,7.781984786433554,20,1534,Statik
16.97352558383367,30,60.967397046188125,18,1535,Statik
1.8643991642109758,15,0.0,19,1536,Statik
13.148703502091923,30,0.0,18,1537,Statik
3.7479280112846762,60,0.0,16,1538,Statik
3.6804781317647346,30,43.24437510675148,18,1539,Statik
9.515255708107768,75,0.0,15,1540,Statik
26.203013324056368,30,0.0,18,1541,Statik
7.1515354882954245,45,21.668535478957438,17,1542,Statik
11.99033497588864,45,1.8148424396146083,17,1543,Statik
4.707202663805229,30,0.0,18,1544,Statik
6.6971651240252,30,0.0,18,1545,Statik
4.984580189943101,15,11.5894796657808,19,1546,Statik
3.2717841744522587,75,10.500064045711952,15,1547,Statik
1.8874649997835897,75,5.792548851043648,15,1548,Statik
1.0365649398118422,45,0.0,17,1549,Statik
2.643892199056868,45,0.0,17,1550,Statik
1.2334633539840385,30,0.9150203088862554,18,1551,Statik
24.91684092406572,30,10.471233273619646,18,1552,Statik
40.78167907647661,30,70.34344516953433,18,1553,Statik
12.44884784474943,60,0.9479079884111457,16,1554,Statik
13.645565184637178,15,0.0,19,1555,Statik
9.478705328918625,45,0.6594644843295896,17,1556,Statik
2.1288435935266725,30,0.0,18,1557,Statik
3.884661868677106,75,3.0733753010084115,15,1558,Statik
1.2804116094247686,30,0.0,18,1559,Statik
2.544863094146141,15,0.0,19,1560,Statik
7.450923324950178,45,23.264483446128565,17,1561,Statik
3.445453047106798,45,0.0,17,1562,Statik
12.127762753656357,45,0.0,17,1563,Statik
5.551858947199755,15,44.30313825453652,19,1564,Statik
1.0055383789424714,15,13.994835002509603,19,1565,Statik
1.988442564378144,75,0.0,15,1566,Statik
1.6135468760232556,45,7.966075999412681,17,1567,Statik
27.776662715074263,15,49.313351173310934,19,1568,Statik
0.8124561406989574,60,0.0,16,1569,Statik
13.500588016142778,30,48.08218055670011,18,1570,Statik
2.4803964306321857,15,0.0,19,1571,Statik
25.587044420748523,0,0.0,20,1572,Statik
0.934795681929881,45,0.0,17,1573,Statik
2.7510860780236404,45,11.72537576635085,17,1574,Statik
19.626333325387726,0,11.613910718308944,20,1575,Statik
15.682992525900994,15,39.50173272200499,19,1576,Statik
5.075745683501516,15,1.267529445554203,19,1577,Statik
7.898784106691461,15,3.1357629186528584,19,1578,Statik
1.861985081512086,45,0.0,17,1579,Statik
28.24271585570486,15,7.2041406716818415,19,1580,Statik
3.3938221803228243,15,13.059930924817536,19,1581,Statik
2.907809531868804,30,0.0,18,1582,Statik
9.313440344444201,15,4.068374629528023,19,1583,Statik
5.879881735906999,45,14.670965208285907,17,1584,Statik
1.6532384469673183,60,39.7972461455455,16,1585,Statik
8.26990505867541,30,26.90151567520809,18,1586,Statik
1.1407357252925436,30,1.0984163932374145,18,1587,Statik
33.19669234726083,0,85.99819178897928,20,1588,Statik
8.158695499212065,45,0.0,17,1589,Statik
2.9506574687697005,15,3.359744963768833,19,1590,Statik
1.1550671753682735,15,0.0,19,1591,Statik
5.267551264047207,30,12.645237853173512,18,1592,Statik
2.599666263628204,30,0.0,18,1593,Statik
4.045437329939428,30,1.9527513809621269,18,1594,Statik
20.168824487320435,15,17.687964329652573,19,1595,Statik
4.801694890569906,60,0.0,16,1596,Statik
5.522154119626691,15,0.0,19,1597,Statik
3.2633339361034386,60,0.0,16,1598,Statik
2.0556660474534874,30,9.590361271324127,18,1599,Statik
9.609754464960766,45,32.70851030898234,17,1600,Statik
2.6862206201421492,15,0.0,19,1601,Statik
5.672914578381527,30,0.0,18,1602,Statik
3.705477386602106,30,14.569609158735489,18,1603,Statik
0.03443516603968343,75,0.0,15,1604,Statik
2.527975532989249,15,0.0,19,1605,Statik
8.834571838359583,30,0.0,18,1606,Statik
1.354511866198332,75,0.0,15,1607,Statik
24.609945404233287,45,46.8349577151962,17,1608,Statik
3.8627551741528143,30,0.0,18,1609,Statik
1.798362691139851,0,0.0,20,1610,Statik
10.843782562074637,30,0.0,18,1611,Statik
1.4000465624299825,30,8.665093317790081,18,1612,Statik
8.83014810857586,15,0.0,19,1613,Statik
7.16822384855347,60,0.0,16,1614,Statik
2.1202022987872455,30,0.0,18,1615,Statik
9.775745597508646,15,0.0,19,1616,Statik
61.751649353662856,0,98.44693492543922,20,1617,Statik
4.604411344942495,30,11.821364262433292,18,1618,Statik
13.973817108547928,15,36.497422200313736,19,1619,Statik
3.2909181627414936,60,0.0,16,1620,Statik
4.972917110144381,0,0.0,20,1621,Statik
4.455940255641122,45,0.0,17,1622,Statik
0.582540312009872,60,0.0,16,1623,Statik
12.753677977382562,15,8.07370323682079,19,1624,Statik
7.562372406913151,30,11.551667811714651,18,1625,Statik
29.04349652562218,30,17.235207513157548,18,1626,Statik
9.467183403728445,0,0.0,20,1627,Statik
2.3164946627464147,45,0.0,17,1628,Statik
1.8297449728032187,30,0.0,18,1629,Statik
7.353618758029876,0,39.441060123096406,20,1630,Statik
0.9853774556536656,60,0.0,16,1631,Statik
0.47086239322582557,60,2.890776625100841,16,1632,Statik
1.9157053847559007,30,0.0,18,1633,Statik
35.00745719420371,45,55.9754008459023,17,1634,Statik
4.34679887536428,30,0.0,18,1635,Statik
9.330357927465066,30,0.0,18,1636,Statik
5.864432216955146,30,0.0,18,1637,Statik
0.5251132204097152,90,2.5802176878937644,14,1638,Statik
3.217223923049804,15,0.0,19,1639,Statik
0.49895582873892563,15,1.536759435392355,19,1640,Statik
8.089592799604999,30,1.4154601739505779,18,1641,Statik
0.7790182288076203,45,0.0,17,1642,Statik
3.762287287536306,60,0.0,16,1643,Statik
2.046394620199214,60,0.0,16,1644,Statik
1.4549438905644492,30,9.69393695984536,18,1645,Statik
7.919451044505652,15,30.641440826658425,19,1646,Statik
1.5697801853461695,15,0.0,19,1647,Statik
19.573495515005302,30,68.03398806713699,18,1648,Statik
21.103142836166946,15,34.03374422723573,19,1649,Statik
0.0308848369092358,30,9.22070848968832,18,1650,Statik
2.455681068141328,15,0.0,19,1651,Statik
2.579513424592515,15,17.760729276307984,19,1652,Statik
2.9763759632142968,45,0.0,17,1653,Statik
4.261716185283294,30,34.81018958557263,18,1654,Statik
8.003578154466913,15,9.691636008645673,19,1655,Statik
4.864809665458387,90,0.0,14,1656,Statik
2.588492077735423,30,0.0,18,1657,Statik
3.508008037817611,60,2.897651358959479,16,1658,Statik
2.040081463119532,75,42.17791358234416,15,1659,Statik
19.343652865927435,30,38.78535771885663,18,1660,Statik
13.784175782669488,30,62.43846133628324,18,1661,Statik
3.6148547077526043,15,0.0,19,1662,Statik
0.7958788651810785,15,0.0,19,1663,Statik
4.082793515232524,15,0.89937417337228,19,1664,Statik
3.234454663346341,90,0.0,14,1665,Statik
3.8489643099518607,45,14.276692160181483,17,1666,Statik
34.15958815633897,15,22.589992209527622,19,1667,Statik
35.7996649238681,0,52.00068697384427,20,1668,Statik
2.51493256363862,45,0.0,17,1669,Statik
11.283128116028438,30,0.0,18,1670,Statik
5.911511592953424,45,0.0,17,1671,Statik
0.8685791460946737,45,0.0,17,1672,Statik
2.13587022795596,15,0.0,19,1673,Statik
17.537559351331907,45,0.0,17,1674,Statik
9.532341194356539,45,3.8718371336701125,17,1675,Statik
33.19151597311253,30,86.29421921342441,18,1676,Statik
0.8697475989817952,30,0.0,18,1677,Statik
0.9393989068381595,30,4.086297922663789,18,1678,Statik
2.086775923487005,45,0.0,17,1679,Statik
10.299745638519454,30,24.899255729017625,18,1680,Statik
7.693413576356081,30,45.39966208144244,18,1681,Statik
2.0020813346047817,30,0.0,18,1682,Statik
2.0909687421679672,30,0.0,18,1683,Statik
0.021703673586833006,60,0.0,16,1684,Statik
1.4513685093698272,30,0.3382569842155476,18,1685,Statik
6.099148166712672,30,3.4307695383398595,18,1686,Statik
3.8798063627987727,30,33.60518060708813,18,1687,Statik
7.645469754409709,15,36.993505767943304,19,1688,Statik
4.338369756346456,30,2.631029166532585,18,1689,Statik
6.069954047667369,45,3.3537904123934936,17,1690,Statik
29.958486253283123,45,14.458646910202958,17,1691,Statik
4.806767742911503,30,0.0,18,1692,Statik
3.7405258833703567,30,0.0,18,1693,Statik
0.716335856832964,45,0.0,17,1694,Statik
30.841899423121703,0,105.31603021682042,20,1695,Statik
0.5208529041689762,60,0.0,16,1696,Statik
17.319650800189955,30,6.094283885293407,18,1697,Statik
5.716184639045103,30,0.0,18,1698,Statik
10.83550469180413,15,0.0,19,1699,Statik
2.0027052338528577,0,0.0,20,1700,Statik
8.606335022489587,30,0.0,18,1701,Statik
25.334536344361304,15,50.495536914981756,19,1702,Statik
2.0774447932817797,15,0.0,19,1703,Statik
1.506367459115856,0,0.0,20,1704,Statik
8.440397386690393,45,21.552957996608484,17,1705,Statik
7.315299294620758,30,19.44198671137059,18,1706,Statik
43.87913745482873,15,67.45665153764617,19,1707,Statik
0.9766869592306673,60,0.0,16,1708,Statik
0.6426305207388326,30,0.0,18,1709,Statik
0.5108614432849912,30,0.0,18,1710,Statik
0.8573236345309212,15,0.0,19,1711,Statik
5.350895052319156,30,0.0,18,1712,Statik
5.034421971564783,45,0.0,17,1713,Statik
3.2830187319916204,45,1.4063488575772567,17,1714,Statik
3.5594816803586062,30,5.000085279562882,18,1715,Statik
2.6444037671870406,0,38.75228039084476,20,1716,Statik
2.792852003491387,30,0.0,18,1717,Statik
7.448064555476139,45,11.935016761332179,17,1718,Statik
4.978045514129575,30,13.745955977276083,18,1719,Statik
3.116877733107562,0,0.0,20,1720,Statik
11.559218504243574,60,28.385022747930805,16,1721,Statik
14.538401264293302,30,17.740772913820763,18,1722,Statik
4.867010576952988,15,12.714616674892568,19,1723,Statik
7.312139100582501,75,0.0,15,1724,Statik
18.748300695537147,15,14.495167380720886,19,1725,Statik
2.829967198631153,15,14.646613846632135,19,1726,Statik
4.420190114464296,75,0.0,15,1727,Statik
8.067358946311954,15,2.49282425516634,19,1728,Statik
17.21006754907795,15,4.258182071088925,19,1729,Statik
1.907615729453836,30,0.0,18,1730,Statik
9.573295046990074,15,22.912746104642622,19,1731,Statik
25.177298032037612,30,35.85314233085364,18,1732,Statik
3.043733921078231,45,0.6386824003283209,17,1733,Statik
4.0431633570985905,45,0.0,17,1734,Statik
6.359069475265425,30,14.711366704012676,18,1735,Statik
3.8222305213176044,60,0.0,16,1736,Statik
22.308965593129592,60,50.96677609453775,16,1737,Statik
5.9496760144966085,15,2.2652831401357503,19,1738,Statik
9.014280405474212,45,46.33551652289225,17,1739,Statik
4.373974860455253,45,0.0,17,1740,Statik
24.06628372786932,15,45.4072868468499,19,1741,Statik
8.287887881815184,30,0.0,18,1742,Statik
15.472802204788655,15,0.0,19,1743,Statik
2.012137597866464,60,0.0,16,1744,Statik
0.8959621663730254,15,0.0,19,1745,Statik
2.4321193108702843,30,6.944971812280016,18,1746,Statik
2.793810560204541,60,0.0,16,1747,Statik
3.836286119884805,0,3.1403865457649545,20,1748,Statik
30.344568914373593,30,51.29336459275606,18,1749,Statik
0.33605936180162693,90,0.0,14,1750,Statik
9.68102134267972,30,29.101705576246502,18,1751,Statik
1.4364157764044085,30,23.493355786000393,18,1752,Statik
21.177195386460188,15,0.0,19,1753,Statik
0.8046957758627913,30,0.0,18,1754,Statik
7.235830907086853,15,8.106977241897255,19,1755,Statik
3.369679561362333,30,0.602415639771607,18,1756,Statik
15.072664102453382,45,0.0,17,1757,Statik
7.45707168826191,30,21.04387202318736,18,1758,Statik
4.2301002760803605,15,0.0,19,1759,Statik
0.5928896099749683,45,0.0,17,1760,Statik
4.919795410689985,15,0.0,19,1761,Statik
21.962603203806648,30,20.529627509851878,18,1762,Statik
2.638119962765068,60,0.0,16,1763,Statik
2.4860309223626356,45,0.0,17,1764,Statik
0.8556311687517026,30,0.0,18,1765,Statik
1.4489968288369441,60,0.0,16,1766,Statik
2.328869578271863,30,1.772028979981144,18,1767,Statik
7.982287593117139,15,4.090621286246289,19,1768,Statik
20.73556048914558,45,0.0,17,1769,Statik
21.922890792898855,30,12.791860343936492,18,1770,Statik
5.8100127874247445,45,0.0,17,1771,Statik
1.0360556597521509,90,0.0,14,1772,Statik
0.2915202617323551,60,13.439513188578474,16,1773,Statik
4.074060706021032,60,0.0,16,1774,Statik
19.866742114128176,30,8.362459056249804,18,1775,Statik
3.9928287484557874,30,22.30434335628445,18,1776,Statik
2.777817870507986,0,5.185021493269971,20,1777,Statik
2.787212132232739,45,0.0,17,1778,Statik
5.547410506718324,45,12.815323378044752,17,1779,Statik
4.213256547344467,45,0.0,17,1780,Statik
13.620973762661785,15,66.80837688575855,19,1781,Statik
4.76941993238118,15,50.85838547266178,19,1782,Statik
25.316607393483295,15,48.87400539677685,19,1783,Statik
3.6132265192003876,30,0.0,18,1784,Statik
13.714740695296179,15,37.40048891360016,19,1785,Statik
9.374038354044142,15,10.884812634003481,19,1786,Statik
5.406825142134676,15,24.677092193928445,19,1787,Statik
2.2707639873954495,15,12.765301244737088,19,1788,Statik
14.052126878906764,30,0.0,18,1789,Statik
1.3081208897875796,15,0.0,19,1790,Statik
5.9618331256637145,0,7.929492257081733,20,1791,Statik
8.67707777890058,45,18.32513900999868,17,1792,Statik
4.294260734994306,0,20.956556924865765,20,1793,Statik
33.53245246815842,15,40.24174124523148,19,1794,Statik
6.891126552716287,75,0.0,15,1795,Statik
1.1272343904734297,30,16.050303357479606,18,1796,Statik
3.2413287088146983,15,0.0,19,1797,Statik
12.138101271222373,15,15.005545542276025,19,1798,Statik
6.47707566188465,60,0.0,16,1799,Statik
8.203442736393296,15,0.0,19,1800,Statik
14.529971634422177,30,0.0,18,1801,Statik
25.699566636532225,30,21.405021945905617,18,1802,Statik
4.923958445718476,60,0.0,16,1803,Statik
11.625934428199658,45,20.0331940138484,17,1804,Statik
37.90441478860405,15,25.000159100707492,19,1805,Statik
8.227912568380665,45,0.0,17,1806,Statik
1.2572743413751137,60,0.0,16,1807,Statik
1.6920019599150862,75,0.0,15,1808,Statik
5.537449244952481,30,5.145880255468626,18,1809,Statik
7.082722160268306,30,0.0,18,1810,Statik
3.9673740348041333,0,13.07439732886013,20,1811,Statik
4.036893009051803,30,0.0,18,1812,Statik
5.9879300734501,15,2.765366931878475,19,1813,Statik
10.208443629580689,45,7.485594194769021,17,1814,Statik
2.429116550566463,45,0.0,17,1815,Statik
2.3733318094948217,0,0.0,20,1816,Statik
26.867452890044525,15,33.193320688751385,19,1817,Statik
7.360752022273058,45,0.0,17,1818,Statik
13.005486259121716,30,38.41703709143593,18,1819,Statik
0.37833420960139036,15,0.03181655566942254,19,1820,Statik
5.235180783308392,15,0.0,19,1821,Statik
28.653895365160214,15,50.180973711096215,19,1822,Statik
9.412487202795425,30,0.0,18,1823,Statik
8.805525534458106,45,25.73033012460928,17,1824,Statik
2.7963868186763188,60,0.0,16,1825,Statik
2.105543487835575,30,0.0,18,1826,Statik
0.8468230737514337,15,0.0,19,1827,Statik
30.107712886287178,15,35.15291561264712,19,1828,Statik
7.361240049852646,75,6.896170274110261,15,1829,Statik
5.21432828978592,45,0.0,17,1830,Statik
14.345061544142098,15,0.0,19,1831,Statik
1.591456881891102,30,0.0,18,1832,Statik
4.605350209383104,30,0.0,18,1833,Statik
4.132527524801697,30,0.0,18,1834,Statik
0.6991760194842855,30,0.0,18,1835,Statik
1.589911614389052,30,23.389784917786415,18,1836,Statik
1.241913711479079,15,5.182385945167994,19,1837,Statik
2.52374720602432,45,73.39256630620304,17,1838,Statik
40.62233033449437,45,57.319121399979565,17,1839,Statik
1.1438823658896844,60,19.53347742175157,16,1840,Statik
4.336809032614699,45,0.0,17,1841,Statik
4.042122881559094,30,0.0,18,1842,Statik
7.931174085457718,0,28.566146900339618,20,1843,Statik
0.5951258627372048,30,37.559101203287184,18,1844,Statik
2.6434471226203713,60,0.0,16,1845,Statik
6.485932512216904,45,0.0,17,1846,Statik
3.990046857335211,30,0.0,18,1847,Statik
6.994819731594818,15,0.0,19,1848,Statik
27.27914978758693,45,16.3989347527031,17,1849,Statik
5.627873765703078,30,0.0,18,1850,Statik
6.657208908760352,30,0.0,18,1851,Statik
2.4358956010326076,30,0.0,18,1852,Statik
19.038517815396062,60,28.11081295993307,16,1853,Statik
1.8476819655557322,15,0.0,19,1854,Statik
0.5303719844350646,15,10.332435774496162,19,1855,Statik
5.629342567415868,15,0.0,19,1856,Statik
35.86699153878353,15,44.778344618319124,19,1857,Statik
23.23764497345264,30,0.0,18,1858,Statik
1.8864061307569988,15,0.0,19,1859,Statik
0.5707795550814551,30,3.9452063652793754,18,1860,Statik
0.16561142018971217,15,1.8441317242512127,19,1861,Statik
1.1731396164935384,0,0.0,20,1862,Statik
11.289018468862235,60,0.0,16,1863,Statik
3.1788211053059765,60,0.0,16,1864,Statik
24.5123196692516,30,0.0,18,1865,Statik
7.247823619647507,15,27.422124601063956,19,1866,Statik
8.131261253291765,30,58.386116933392714,18,1867,Statik
9.758759101130172,30,0.6499812068028064,18,1868,Statik
28.149446791820605,45,0.0,17,1869,Statik
4.327584599161767,30,0.0,18,1870,Statik
15.245764965310562,30,31.099739155032125,18,1871,Statik
1.4101266406407493,15,0.0,19,1872,Statik
1.7762402680246407,30,0.0,18,1873,Statik
2.3107487091500323,15,0.0,19,1874,Statik
0.42795241615163915,0,0.0,20,1875,Statik
1.6760943795407666,30,0.0,18,1876,Statik
24.58975854582337,30,11.616886548401396,18,1877,Statik
11.738062134341483,45,28.082956741109115,17,1878,Statik
3.1969091956569806,75,0.0,15,1879,Statik
14.40709398679248,30,0.0,18,1880,Statik
2.7311885643681966,30,0.0,18,1881,Statik
3.0588779553859076,15,0.0,19,1882,Statik
18.562241141107084,15,76.0743441974601,19,1883,Statik
7.000102695272744,15,0.0,19,1884,Statik
6.324003403363394,60,0.0,16,1885,Statik
10.261648943316539,30,3.443141471563763,18,1886,Statik
0.5676713604496781,30,11.119038343768466,18,1887,Statik
5.533198477893702,45,0.0,17,1888,Statik
2.970966454521193,45,0.0,17,1889,Statik
2.5233289743212652,15,9.652512840731902,19,1890,Statik
3.74490526449181,0,0.0,20,1891,Statik
2.5342372701434064,90,0.0,14,1892,Statik
2.2924232014629764,15,16.447514338876545,19,1893,Statik
3.7461709079410968,0,11.555467581770756,20,1894,Statik
5.4032573495617156,30,0.0,18,1895,Statik
4.13380898764789,30,0.0,18,1896,Statik
0.0,75,0.0,15,1897,Statik
8.865854745937312,15,21.77201103742317,19,1898,Statik
9.661248310145053,45,121.12271994562735,17,1899,Statik
1.0828841794855404,30,36.821941398115655,18,1900,Statik
1.8341389023592167,75,0.0,15,1901,Statik
4.051885680863997,15,0.0,19,1902,Statik
0.31085399412254044,45,0.0,17,1903,Statik
13.260984950621935,0,0.0,20,1904,Statik
12.632663402369953,15,26.279817342652905,19,1905,Statik
11.478609034227997,60,35.70169488488193,16,1906,Statik
1.5178893664981121,45,0.0,17,1907,Statik
4.937959519455396,15,0.0,19,1908,Statik
1.6749383169124594,30,0.0,18,1909,Statik
5.6803640586438116,45,0.0,17,1910,Statik
2.7843374324924657,60,0.0,16,1911,Statik
7.335643134641558,30,0.0,18,1912,Statik
6.19106100018308,60,15.299130762860841,16,1913,Statik
0.7953726986770729,45,0.0,17,1914,Statik
3.4964602570433647,45,0.0,17,1915,Statik
5.658651740873413,15,22.78161517367596,19,1916,Statik
3.6631387503167394,30,0.0,18,1917,Statik
12.32461647063313,60,29.463717692466048,16,1918,Statik
45.37563244311895,30,53.73725194969518,18,1919,Statik
13.952624956485613,0,17.466640453752973,20,1920,Statik
8.394971011192492,30,5.097399940595267,18,1921,Statik
32.70844134474922,60,19.583991218513233,16,1922,Statik
1.2226878874225537,45,0.0,17,1923,Statik
3.1434310947500506,15,0.0,19,1924,Statik
30.584980303982768,15,15.747596688000272,19,1925,Statik
2.834674646869149,0,0.0,20,1926,Statik
12.01508068399226,45,36.234308602472254,17,1927,Statik
8.854603313068326,30,53.186845054451,18,1928,Statik
18.761974934918484,30,48.37337404894129,18,1929,Statik
3.6043949829913657,15,24.687113388270802,19,1930,Statik
19.694979229572965,45,60.97185601394182,17,1931,Statik
1.1875537323640577,30,0.0,18,1932,Statik
10.415373666173,30,4.877953683631517,18,1933,Statik
2.42679460551515,60,0.0,16,1934,Statik
31.546898700312518,0,0.0,20,1935,Statik
12.520298497296563,30,14.756910158834216,18,1936,Statik
2.9465741920717963,30,0.0,18,1937,Statik
9.70599599060927,15,3.7530165202518333,19,1938,Statik
2.318685101908428,30,0.0,18,1939,Statik
5.6384342315551415,30,0.0,18,1940,Statik
6.152467504365208,30,0.0,18,1941,Statik
12.828405734760333,30,21.416694068761842,18,1942,Statik
0.9828484742011184,0,5.955195263695487,20,1943,Statik
6.809667133460598,30,5.162905779535379,18,1944,Statik
7.173784036561713,30,6.241456507070723,18,1945,Statik
2.6306139160821567,30,1.1480615673459624,18,1946,Statik
8.56879549029057,45,0.0,17,1947,Statik
13.019347216057739,0,57.09036201562759,20,1948,Statik
7.214692692697631,45,0.0,17,1949,Statik
0.06826729049221995,0,21.127432210548875,20,1950,Statik
0.19812479703898422,45,0.0,17,1951,Statik
6.752319253349515,45,43.31115750429859,17,1952,Statik
1.8235779695563215,15,0.0,19,1953,Statik
29.658035258573324,30,34.668713418391405,18,1954,Statik
3.022863575129449,75,0.0,15,1955,Statik
2.115056475847315,45,0.0,17,1956,Statik
5.011562671492257,30,21.125408268941896,18,1957,Statik
26.690229666633037,30,22.577210097502643,18,1958,Statik
5.587932803358035,30,0.0,18,1959,Statik
16.654904770103514,30,0.0,18,1960,Statik
18.60020204821469,15,28.678544258157558,19,1961,Statik
4.6751444885332845,45,0.0,17,1962,Statik
13.734745271165048,0,37.856841805963256,20,1963,Statik
6.203414215181785,45,0.0,17,1964,Statik
16.265827209945332,60,9.003675182564734,16,1965,Statik
35.977579570761094,15,26.65102277031781,19,1966,Statik
9.020296678361754,0,20.604148221875505,20,1967,Statik
2.6542377653163993,15,0.0,19,1968,Statik
3.4992960996407683,0,0.0,20,1969,Statik
43.79583863215814,60,16.559311690756147,16,1970,Statik
0.9315841826696176,45,2.0985210576692452,17,1971,Statik
11.158339294868119,45,64.20550594076235,17,1972,Statik
4.214156779777718,30,0.0,18,1973,Statik
10.835297133392157,60,0.0,16,1974,Statik
6.503219610306253,45,0.0,17,1975,Statik
2.913937928872814,75,28.443441176267243,15,1976,Statik
0.3491091951251671,75,0.0,15,1977,Statik
7.766110153873898,0,16.89780463138993,20,1978,Statik
2.455205350256425,30,0.0,18,1979,Statik
2.839599606416104,30,8.284908870374409,18,1980,Statik
0.06321437174585305,15,0.0,19,1981,Statik
0.0,90,0.0,14,1982,Statik
32.42077278636981,15,86.11238641437762,19,1983,Statik
11.495972348741278,45,28.150260607232724,17,1984,Statik
7.168238627839185,45,12.455457033660593,17,1985,Statik
2.7674643800196015,30,0.0,18,1986,Statik
11.595718455210799,30,27.214581374657087,18,1987,Statik
17.358784005869772,30,0.0,18,1988,Statik
33.772257427989665,15,22.686261624599695,19,1989,Statik
4.320545650483951,45,1.7065306798646134,17,1990,Statik
6.702640011019378,45,0.0,17,1991,Statik
2.561356637966377,30,19.152253452099217,18,1992,Statik
26.458774085652475,30,20.655471021157098,18,1993,Statik
6.884137305728779,15,22.89748496469474,19,1994,Statik
20.265970870724857,45,0.0,17,1995,Statik
1.202929521406065,45,0.0,17,1996,Statik
17.165331066095415,15,59.68555189877287,19,1997,Statik
1.4280289994907225,60,0.0,16,1998,Statik
0.9910591523768377,30,0.0,18,1999,Statik
17.041562949249265,45,50.212069542707184,17,2000,Statik
4.264368362613162,45,0.0,17,2001,Statik
5.955820599884253,30,0.0,18,2002,Statik
14.254630973511256,30,9.9434850932048,18,2003,Statik
7.917105881508689,30,4.585706952340502,18,2004,Statik
4.383127530642888,15,0.0,19,2005,Statik
17.606591181216604,30,5.266048871603346,18,2006,Statik
1.9549595286403512,15,0.0,19,2007,Statik
0.5659183304461252,15,0.0,19,2008,Statik
1.3269755553157063,45,12.83526196893871,17,2009,Statik
27.910133443822446,15,63.97748787381926,19,2010,Statik
0.4424316351310627,30,10.501530742015461,18,2011,Statik
10.260372420563783,15,19.89769166935116,19,2012,Statik
10.248022312760316,60,0.0,16,2013,Statik
3.3927412894729856,15,0.0,19,2014,Statik
0.5781803250650638,0,18.041983393341184,20,2015,Statik
4.624164538196032,0,0.0,20,2016,Statik
1.2516132425135322,30,0.0,18,2017,Statik
28.233607696584315,15,9.268998725692768,19,2018,Statik
18.06096686185163,15,0.0,19,2019,Statik
2.3629543199105227,30,0.0,18,2020,Statik
0.8902252859850691,15,53.323981322746306,19,2021,Statik
24.78731921447536,60,3.225037209818197,16,2022,Statik
13.448234571280466,30,5.461742216050993,18,2023,Statik
10.31187837764713,15,12.708868547044347,19,2024,Statik
66.79010707765785,15,46.410937190503034,19,2025,Statik
1.1459868278322556,75,0.0,15,2026,Statik
1.8790563135579632,45,64.69108574314384,17,2027,Statik
15.856942638337877,30,1.7674851654227837,18,2028,Statik
0.6622409474156896,60,0.0,16,2029,Statik
0.15386036281135188,45,0.0,17,2030,Statik
2.0802162439310403,45,0.0,17,2031,Statik
13.56141366080926,15,23.50024220644582,19,2032,Statik
15.276680924190412,0,50.255966092932795,20,2033,Statik
81.33974079445791,0,72.33313006823545,20,2034,Statik
14.139638189743357,15,66.30796398398286,19,2035,Statik
6.411472281124473,15,6.081628941792985,19,2036,Statik
2.5248397638248594,75,0.0,15,2037,Statik
4.590023097472937,60,19.644498228082853,16,2038,Statik
11.26344468639017,0,0.0,20,2039,Statik
5.523591396458664,30,0.0,18,2040,Statik
13.404813216330941,30,5.406121661150962,18,2041,Statik
12.95724159792534,60,73.98787762795195,16,2042,Statik
5.318373489753701,30,5.418385066390499,18,2043,Statik
9.773158862963866,60,41.37644697549166,16,2044,Statik
4.970287984878236,15,8.423073192629147,19,2045,Statik
1.8950308657443278,75,0.0,15,2046,Statik
2.2632368864933614,45,23.9651987275862,17,2047,Statik
11.425873496214685,15,30.651477456739315,19,2048,Statik
1.9344052999900232,30,0.0,18,2049,Statik
3.760899563468577,0,0.0,20,2050,Statik
0.7415029019060013,30,8.228018601664985,18,2051,Statik
10.08843187650706,90,32.23929915990061,14,2052,Statik
6.871571558018918,15,0.0,19,2053,Statik
9.713689520088034,30,7.87434298454076,18,2054,Statik
3.767832004028086,45,0.3629050056267715,17,2055,Statik
11.740159062735936,15,21.796864299830702,19,2056,Statik
8.119310623810279,15,53.935632222833306,19,2057,Statik
5.691152078461115,15,0.0,19,2058,Statik
0.5396383854597571,30,0.0,18,2059,Statik
1.8401523606569852,15,0.0,19,2060,Statik
3.210527366998956,45,0.0,17,2061,Statik
0.848967940540557,30,2.312760142805587,18,2062,Statik
3.216034785967841,0,0.0,20,2063,Statik
13.9600487569632,45,10.442052005531878,17,2064,Statik
1.0587567481864049,0,3.8262802692021296,20,2065,Statik
3.4076601246042135,15,24.56849086199162,19,2066,Statik
14.100770996999179,30,0.0,18,2067,Statik
2.467292729736685,60,0.0,16,2068,Statik
7.420078958477946,0,31.906880598693817,20,2069,Statik
1.5681634137192497,0,0.0,20,2070,Statik
2.3841596371841742,30,5.150097121184615,18,2071,Statik
12.005670233891106,45,6.965657870083419,17,2072,Statik
0.5898200338605996,0,23.421384972785745,20,2073,Statik
1.8799311777266325,30,0.0,18,2074,Statik
4.6968179394775,60,8.679886925923427,16,2075,Statik
2.653187449238736,30,6.023441748818357,18,2076,Statik
7.454286025974973,45,13.860918718952973,17,2077,Statik
4.838203296701092,45,0.0,17,2078,Statik
1.9430563570602506,15,4.510116437181523,19,2079,Statik
6.636007584088814,0,0.0,20,2080,Statik
25.013533508303766,15,24.26901096910524,19,2081,Statik
7.128615997616961,30,0.0,18,2082,Statik
2.8147638035509583,30,19.54395208275389,18,2083,Statik
1.4977963321035475,45,2.585410915296052,17,2084,Statik
0.060435751839612015,30,0.0,18,2085,Statik
10.194747097599887,15,44.25445163590598,19,2086,Statik
10.676165060375954,30,0.0,18,2087,Statik
0.979666804196989,90,14.684969002033824,14,2088,Statik
12.274129476812263,30,0.0,18,2089,Statik
20.938693754208952,15,44.846844618786406,19,2090,Statik
6.112267240519558,15,41.27161675004646,19,2091,Statik
0.37306920679484296,30,0.0,18,2092,Statik
1.8161339313078646,30,21.829604914095455,18,2093,Statik
63.32913707869344,0,91.27523419277583,20,2094,Statik
8.680384639661384,0,0.0,20,2095,Statik
1.8980610184555957,45,0.0,17,2096,Statik
20.60050466832506,15,0.0,19,2097,Statik
28.72628600670306,0,80.80281742889775,20,2098,Statik
7.297017963388749,75,5.647904737666636,15,2099,Statik
7.602522871371761,0,9.843873792666898,20,2100,Statik
4.107901457775061,15,0.0,19,2101,Statik
4.296614036733822,30,0.0,18,2102,Statik
3.7275973175566417,30,0.0,18,2103,Statik
16.594873110046027,0,8.198336647779456,20,2104,Statik
21.421861841269912,60,5.585926334765986,16,2105,Statik
4.181237811098522,30,0.0,18,2106,Statik
5.614253747826462,0,45.91979850686283,20,2107,Statik
6.565380691024998,30,0.0,18,2108,Statik
0.20471885046096241,30,0.0,18,2109,Statik
3.260807144541589,45,0.0,17,2110,Statik
11.797293973108596,15,0.0,19,2111,Statik
8.931544117596802,30,0.0,18,2112,Statik
3.181797005625056,15,0.0,19,2113,Statik
6.898669849522757,75,10.116972764198806,15,2114,Statik
8.888957342396584,0,16.247019085523164,20,2115,Statik
20.916700059547516,30,34.62702622075739,18,2116,Statik
2.1959229361022783,0,0.0,20,2117,Statik
3.7398843353574387,30,0.0,18,2118,Statik
7.828985231144016,15,3.273904670693355,19,2119,Statik
2.759228787082704,15,0.0,19,2120,Statik
47.47612640898199,30,82.17372087785736,18,2121,Statik
3.490997371924004,75,0.0,15,2122,Statik
0.9236005933499636,15,18.952325863485953,19,2123,Statik
9.71204687061036,30,0.0,18,2124,Statik
7.088059204700809,30,0.0,18,2125,Statik
5.379179627694522,15,4.238487997062407,19,2126,Statik
19.319023960233878,30,17.59231886110905,18,2127,Statik
11.046485384859887,45,1.9846208610626377,17,2128,Statik
2.7233631898738064,30,21.555864633034105,18,2129,Statik
12.691956958599462,60,63.62937199311824,16,2130,Statik
10.28622895670446,15,48.77958752565644,19,2131,Statik
5.591173890427986,75,0.0,15,2132,Statik
1.7956205108039254,30,0.0,18,2133,Statik
21.630605774538083,15,0.0,19,2134,Statik
12.51753659614448,15,28.24503457019648,19,2135,Statik
5.59127875132054,30,0.0,18,2136,Statik
14.372686080981284,45,37.78148505175369,17,2137,Statik
3.8432367750279983,30,0.0,18,2138,Statik
13.492137563988948,45,10.50812544226494,17,2139,Statik
34.59571669635581,15,8.205497610669056,19,2140,Statik
1.0598162196720131,15,0.0769277949977436,19,2141,Statik
0.8825134431586384,45,0.9688332205645906,17,2142,Statik
5.974647638512115,15,56.152857544216374,19,2143,Statik
17.313946062283065,30,19.795059966417455,18,2144,Statik
7.293642631185001,15,19.047625629792208,19,2145,Statik
9.032932579415167,30,8.94888936913452,18,2146,Statik
3.702438457533129,45,0.0,17,2147,Statik
27.391737497577328,15,0.0,19,2148,Statik
0.6642583216840251,15,0.0,19,2149,Statik
1.790758869845615,30,0.0,18,2150,Statik
17.268258752266963,15,33.388743979252695,19,2151,Statik
33.4881340099076,15,30.592853556556463,19,2152,Statik
2.881170617826282,0,0.0,20,2153,Statik
0.19635571016201475,15,0.0,19,2154,Statik
14.573690785560458,0,0.0,20,2155,Statik
9.685980696325487,15,0.0,19,2156,Statik
7.068628343601666,30,24.745579444479233,18,2157,Statik
31.165196096367872,30,0.0,18,2158,Statik
2.6829184136449404,30,0.0,18,2159,Statik
11.580626167657854,15,0.0,19,2160,Statik
2.337059831618223,15,0.0,19,2161,Statik
8.841642626540182,60,0.0,16,2162,Statik
0.6267759092808391,30,3.231381640271252,18,2163,Statik
38.6964368618636,30,33.332739101955326,18,2164,Statik
18.166856019829062,30,22.823066801900097,18,2165,Statik
4.761389312879127,45,0.0,17,2166,Statik
1.1551885719915838,60,0.0,16,2167,Statik
9.335168622914319,15,20.50463059900983,19,2168,Statik
11.701110571835544,30,0.0,18,2169,Statik
7.635313639601395,0,0.0,20,2170,Statik
0.627320128992221,30,0.0,18,2171,Statik
1.5882730446596693,30,0.0,18,2172,Statik
18.03713626349514,60,82.984006985907,16,2173,Statik
3.24214838887367,45,0.0,17,2174,Statik
1.2850081529396191,45,0.0,17,2175,Statik
3.668341622706655,30,17.078287092159997,18,2176,Statik
17.115041611162177,30,0.0,18,2177,Statik
0.913594340743245,15,25.953273108228245,19,2178,Statik
5.665791710737026,15,5.802003348453525,19,2179,Statik
0.560176111706258,0,11.2763554589543,20,2180,Statik
3.1370054470360906,30,0.0,18,2181,Statik
30.604822289718747,0,29.56355886516792,20,2182,Statik
7.464973715498321,30,0.0,18,2183,Statik
39.697084631846316,60,20.761320954179382,16,2184,Statik
7.6290791524698705,30,16.402737977744323,18,2185,Statik
4.207836442653301,0,0.0,20,2186,Statik
40.199672649564505,15,81.56439531150954,19,2187,Statik
9.844074836739784,30,84.25904093994075,18,2188,Statik
0.9798291956283938,15,12.290392362909756,19,2189,Statik
11.218458217633508,0,0.0,20,2190,Statik
3.5410513819825145,60,0.0,16,2191,Statik
30.063424556074885,60,16.13423313089595,16,2192,Statik
7.157020525182761,15,0.0,19,2193,Statik
13.777187048379137,0,40.3297921061631,20,2194,Statik
3.585110549838808,45,20.848508266354543,17,2195,Statik
6.520838186356681,30,45.69806349716862,18,2196,Statik
4.5991276586350285,60,2.994251634402417,16,2197,Statik
0.7175672949033856,30,0.0,18,2198,Statik
21.269185451125395,15,0.0,19,2199,Statik
7.25739889546836,15,0.0,19,2200,Statik
24.184903705965173,15,39.345810304694396,19,2201,Statik
10.850942450009759,30,0.0,18,2202,Statik
7.45105397292576,15,6.968060054789589,19,2203,Statik
1.7509348710787693,30,0.0,18,2204,Statik
0.685276605863496,30,0.0,18,2205,Statik
6.090453311524397,60,0.0,16,2206,Statik
4.197936360485519,0,0.0,20,2207,Statik
8.378636544419644,30,5.400509931244017,18,2208,Statik
9.366815628664694,45,0.0,17,2209,Statik
21.80187302107408,15,8.423956447370188,19,2210,Statik
6.825040218034101,15,0.0,19,2211,Statik
0.8548027348920019,45,0.0,17,2212,Statik
3.7873641357903756,30,0.0,18,2213,Statik
3.3132267265418553,75,0.10398228552799083,15,2214,Statik
16.964904793981027,30,11.108715534748228,18,2215,Statik
6.447185335602454,45,0.0,17,2216,Statik
3.7879265825581876,30,16.472903736087517,18,2217,Statik
12.962850370699208,60,51.09436219791081,16,2218,Statik
13.178605791078148,45,39.57258787375122,17,2219,Statik
0.31359877869109665,45,0.0,17,2220,Statik
2.5268317603749293,15,0.0,19,2221,Statik
12.566481765317745,75,0.0,15,2222,Statik
13.224357308158678,15,75.62716370595746,19,2223,Statik
8.67070881013977,45,0.0,17,2224,Statik
10.487674031078342,30,36.731604421661245,18,2225,Statik
1.484290503476066,105,0.0,13,2226,Statik
2.848951437943357,15,0.8013077278653782,19,2227,Statik
21.75590105620401,60,0.0,16,2228,Statik
1.6990372492360615,75,23.957643849355577,15,2229,Statik
10.259092922814647,30,0.3486427250597899,18,2230,Statik
27.936244603042855,15,30.0886630290006,19,2231,Statik
11.471147498442193,30,29.86268478974523,18,2232,Statik
2.7741772893255665,105,0.0,13,2233,Statik
2.929376110182591,30,0.0,18,2234,Statik
5.663921324044914,30,20.79574792509868,18,2235,Statik
59.55277733344383,30,99.32633941699623,18,2236,Statik
1.3935514190352984,45,8.827922232295805,17,2237,Statik
11.610055994450901,30,20.969440314638007,18,2238,Statik
18.910223615864865,30,12.258417948312626,18,2239,Statik
6.337320961144332,30,0.0,18,2240,Statik
1.5509028377520115,30,3.997228860821167,18,2241,Statik
5.501170729231595,45,0.0,17,2242,Statik
1.5297724232829912,30,0.0,18,2243,Statik
4.507607003499194,0,0.0,20,2244,Statik
7.148866941670483,45,0.0,17,2245,Statik
4.184270882716984,60,79.96040098326512,16,2246,Statik
5.413841812566723,30,0.0,18,2247,Statik
3.0139789831566617,45,0.0,17,2248,Statik
1.8987508135488047,105,0.0,13,2249,Statik
21.27112992406569,45,33.62489139513934,17,2250,Statik
1.2990960568503103,30,0.0,18,2251,Statik
0.4938479156853567,30,9.93358665477291,18,2252,Statik
18.476387346543763,30,2.5459879170715567,18,2253,Statik
0.38949080185146334,15,0.0,19,2254,Statik
0.387209999425899,0,0.0,20,2255,Statik
6.897198527512744,45,0.0,17,2256,Statik
1.7355218048318743,30,0.0,18,2257,Statik
4.063770784698973,45,11.645792877054475,17,2258,Statik
15.577853095281062,15,9.862929218643387,19,2259,Statik
5.308051727572793,45,2.4545587442002557,17,2260,Statik
21.88063625675429,15,10.729488034424946,19,2261,Statik
27.404201477728275,15,75.76833970042196,19,2262,Statik
2.3467968320305514,45,0.0,17,2263,Statik
8.13960708427338,15,1.6506335858967986,19,2264,Statik
3.7560689707553254,15,17.24584682405174,19,2265,Statik
24.507828227060664,0,50.9726444093975,20,2266,Statik
12.308019663422446,0,0.0,20,2267,Statik
2.397457717508585,30,10.215473023257914,18,2268,Statik
4.650251051829488,30,0.0,18,2269,Statik
3.99565399770212,30,10.936685989273258,18,2270,Statik
7.757122583338484,15,3.729874034964496,19,2271,Statik
9.636339943308682,30,15.591436651942729,18,2272,Statik
4.772485223852047,15,5.565883440216453,19,2273,Statik
3.413661543512702,30,0.0,18,2274,Statik
3.44013499158566,0,0.0,20,2275,Statik
3.989776864120942,15,0.0,19,2276,Statik
3.246737677820795,15,0.0,19,2277,Statik
51.07259963682431,0,45.77878699081987,20,2278,Statik
6.256245823401019,45,34.11279234061908,17,2279,Statik
9.639741669548316,45,19.532346248135696,17,2280,Statik
27.854492975972132,45,29.794550879199562,17,2281,Statik
3.824478952293817,60,0.0,16,2282,Statik
1.6505851398541784,30,0.0,18,2283,Statik
0.24223754798408553,30,0.0,18,2284,Statik
2.486705812745628,30,0.0,18,2285,Statik
18.57337262100323,30,47.774245720281385,18,2286,Statik
4.337120489791952,60,0.0,16,2287,Statik
6.267781789760574,45,0.0,17,2288,Statik
6.549710023935902,75,0.0,15,2289,Statik
18.115027500083816,0,8.048519873857629,20,2290,Statik
0.3636052774664698,0,0.17352560624561875,20,2291,Statik
1.0363159438302834,60,0.0,16,2292,Statik
8.574752840931064,0,18.56596405670905,20,2293,Statik
2.900264523733711,15,0.0,19,2294,Statik
2.5277154302209905,15,0.0,19,2295,Statik
0.46357191134891507,15,9.77898733341135,19,2296,Statik
2.7361561032155945,0,0.0,20,2297,Statik
1.7874947279582187,0,0.0,20,2298,Statik
0.8875899148748729,0,0.0,20,2299,Statik
6.292440010861086,30,0.0,18,2300,Statik
11.33185973321109,30,0.0,18,2301,Statik
22.985782316352754,0,68.41762554830575,20,2302,Statik
9.388673918402192,15,10.256828050025717,19,2303,Statik
6.862863595443084,30,6.890495636754281,18,2304,Statik
1.6015335437696967,30,0.0,18,2305,Statik
4.82440112047862,30,0.0,18,2306,Statik
2.9024005032377262,15,2.470326323414156,19,2307,Statik
9.561492825544407,60,23.6592086836406,16,2308,Statik
19.622834764835783,15,6.783467067612435,19,2309,Statik
0.9443679934355269,45,10.727652124398446,17,2310,Statik
19.640520462897122,75,10.236788216342632,15,2311,Statik
4.830038644974026,75,0.0,15,2312,Statik
3.494957785975602,15,2.67602309386956,19,2313,Statik
14.862509378938142,30,0.0,18,2314,Statik
5.348134276449598,15,0.0,19,2315,Statik
4.469341344819144,30,35.00097278627629,18,2316,Statik
9.809895147663175,30,0.0,18,2317,Statik
0.6502774305830522,30,0.0,18,2318,Statik
11.280911735090635,15,71.87882416331752,19,2319,Statik
11.656822550067016,30,0.0,18,2320,Statik
3.835957483468608,45,4.008560054978943,17,2321,Statik
65.78043928538914,15,87.54505665898438,19,2322,Statik
8.452542678025543,30,0.0,18,2323,Statik
2.7483548586255986,30,14.464331018699227,18,2324,Statik
6.83024994913813,45,23.276863457088382,17,2325,Statik
6.1344952173202865,15,0.0,19,2326,Statik
1.3078616447370224,75,0.0,15,2327,Statik
10.578422091796948,60,28.95373545023557,16,2328,Statik
0.8310537921778341,30,0.7145418076385681,18,2329,Statik
3.008890240241139,60,0.0,16,2330,Statik
13.202704015417574,15,76.79993632173898,19,2331,Statik
31.47252759140803,15,0.6947166183607578,19,2332,Statik
3.796059499087239,45,17.481169632557624,17,2333,Statik
2.484652782806158,30,6.161372151379965,18,2334,Statik
4.473530068201818,15,20.323161060786163,19,2335,Statik
14.23991117794444,15,42.445719533467354,19,2336,Statik
10.348472832470433,45,35.367988598675936,17,2337,Statik
2.3980045041589535,45,0.0,17,2338,Statik
12.62915833459466,15,24.384528309572318,19,2339,Statik
58.48333065439074,0,74.15809460010269,20,2340,Statik
6.719928127667205,45,7.069476462678267,17,2341,Statik
25.846767858445578,15,18.361970870189168,19,2342,Statik
2.6485418543341592,30,9.537664493599948,18,2343,Statik
2.2214293657615714,45,26.129690484869627,17,2344,Statik
35.39440729622966,60,30.748396402531398,16,2345,Statik
10.712567592341573,45,0.3506105140265845,17,2346,Statik
0.719711902095618,0,0.0,20,2347,Statik
10.595167853899282,30,0.0,18,2348,Statik
7.849206483652226,60,0.0,16,2349,Statik
4.842806469736595,15,0.0,19,2350,Statik
5.419184942101922,105,0.0,13,2351,Statik
2.7743187218198875,30,0.0,18,2352,Statik
7.382314648667068,60,0.0,16,2353,Statik
1.0669381371981377,45,0.0,17,2354,Statik
5.78030423934427,45,0.0,17,2355,Statik
0.48187029331098014,30,2.334315604380322,18,2356,Statik
5.65667011657513,15,0.0,19,2357,Statik
2.7462551809553983,30,0.0,18,2358,Statik
0.8691612893706,15,0.0,19,2359,Statik
6.933942895611091,45,0.0,17,2360,Statik
5.8166798620887255,15,3.624428321661412,19,2361,Statik
22.26374921471957,45,0.0,17,2362,Statik
3.4636652845176865,60,16.239600182243464,16,2363,Statik
2.327259253442752,30,0.0,18,2364,Statik
22.671495238348577,0,0.0,20,2365,Statik
11.001944420598132,0,0.0,20,2366,Statik
1.3772484728564731,15,0.0,19,2367,Statik
5.754197801213825,30,0.0,18,2368,Statik
3.051201204936807,15,0.0,19,2369,Statik
23.636367544382342,30,0.0,18,2370,Statik
4.717753890472487,30,0.0,18,2371,Statik
7.323790725632751,15,0.0,19,2372,Statik
1.201788104332624,15,0.0,19,2373,Statik
33.0165979522544,30,0.0,18,2374,Statik
11.399840583614445,30,0.0,18,2375,Statik
5.33615739556588,45,0.0,17,2376,Statik
4.053963540010468,30,0.0,18,2377,Statik
8.746587405365572,60,0.0,16,2378,Statik
1.4158335494924432,30,0.0,18,2379,Statik
2.1305227513899574,15,0.0,19,2380,Statik
4.284671780267889,60,9.184254511446454,16,2381,Statik
20.489118748083616,15,7.315528255362949,19,2382,Statik
1.1029910437976433,15,0.3480767930338402,19,2383,Statik
52.35418481299273,45,77.8890119535211,17,2384,Statik
2.6587244424811636,30,25.411361671307873,18,2385,Statik
10.493393823745059,15,13.849749667083358,19,2386,Statik
8.215401025824544,0,0.0,20,2387,Statik
0.9870487012269303,15,0.0,19,2388,Statik
7.897461206570459,30,16.055358561122034,18,2389,Statik
104.18065517374475,15,143.10429616224968,19,2390,Statik
3.5521132859460884,45,18.202844701731863,17,2391,Statik
17.131170582049908,30,0.0,18,2392,Statik
2.2564349044136036,15,31.678784162829118,19,2393,Statik
1.6959271288259647,45,16.025055693810373,17,2394,Statik
1.9602648227009531,120,14.084603085456195,12,2395,Statik
5.555371945429307,45,0.0,17,2396,Statik
2.9103476914407187,15,0.0,19,2397,Statik
1.7458422879021442,30,0.0,18,2398,Statik
49.873493693037545,30,69.43923834992569,18,2399,Statik
5.1169407623723195,0,13.110474288405385,20,2400,Statik
11.086792016392538,45,0.0,17,2401,Statik
8.64405081072836,15,0.0,19,2402,Statik
5.1194209709732865,15,7.539785162716669,19,2403,Statik
1.3492917762251966,30,0.0,18,2404,Statik
3.349040372304401,60,0.1739166405473611,16,2405,Statik
0.0,45,13.349797542084957,17,2406,Statik
4.064324669407735,15,0.0,19,2407,Statik
0.5112971705918102,15,0.0,19,2408,Statik
12.48550685029115,30,16.456285146159757,18,2409,Statik
6.993959297457527,45,0.0,17,2410,Statik
1.1568959991080798,60,0.0,16,2411,Statik
34.09303432886358,15,85.14079510852258,19,2412,Statik
1.57923742674299,30,0.0,18,2413,Statik
4.467858445365509,30,0.0,18,2414,Statik
16.370291129318993,15,15.171427313937102,19,2415,Statik
3.361507698182257,15,14.7436050791664,19,2416,Statik
7.178121499582904,30,6.959074885638529,18,2417,Statik
0.8944735211885046,0,5.390472563294566,20,2418,Statik
0.3710866356053341,30,0.0,18,2419,Statik
15.477782870297796,0,28.409361450419112,20,2420,Statik
4.790272035175687,60,12.00782429162615,16,2421,Statik
2.1768070331266816,0,0.0,20,2422,Statik
4.248375835442319,45,0.0,17,2423,Statik
5.392317906590126,30,0.0,18,2424,Statik
1.0723612839477066,45,4.220843331189997,17,2425,Statik
0.2519075398562478,0,0.0,20,2426,Statik
0.45137101979084165,15,1.0788240424466267,19,2427,Statik
2.4623035904345945,15,0.0,19,2428,Statik
3.264557347502301,30,0.0,18,2429,Statik
0.8298353148177048,30,0.0,18,2430,Statik
1.1842818543393685,30,30.423523050950678,18,2431,Statik
19.945483175484533,0,41.7101527417301,20,2432,Statik
0.6025048224438146,30,0.0,18,2433,Statik
5.145463692254078,0,13.60419228057134,20,2434,Statik
5.865439056296133,30,0.0,18,2435,Statik
7.002542845795703,15,0.0,19,2436,Statik
5.826112470176406,0,0.0,20,2437,Statik
16.798034309685743,45,0.0,17,2438,Statik
31.624525214367054,45,27.10411242302598,17,2439,Statik
61.99738578293519,15,160.24725208722492,19,2440,Statik
33.27854194474675,0,83.41450461954321,20,2441,Statik
28.31188279464523,30,1.1047163605232981,18,2442,Statik
14.718476316777604,15,71.44999583386448,19,2443,Statik
0.014777859798681132,30,0.0,18,2444,Statik
2.554257413099943,30,12.967001281541286,18,2445,Statik
11.539948335082917,15,0.0,19,2446,Statik
10.200399218726389,0,0.0,20,2447,Statik
10.444037709842458,15,47.562952992306805,19,2448,Statik
4.0673887601916485,60,8.262713036289256,16,2449,Statik
1.0954902457170586,75,21.78595487440026,15,2450,Statik
4.286256304774838,45,14.016779418594467,17,2451,Statik
7.404547348397959,30,0.0,18,2452,Statik
4.595341205004132,45,26.397977538377916,17,2453,Statik
9.768310256690244,15,3.907646901928274,19,2454,Statik
10.612910386785428,0,70.41074562122265,20,2455,Statik
1.7820877473185395,45,18.633819804291818,17,2456,Statik
1.2399980122405911,15,0.0,19,2457,Statik
2.007939664377124,45,14.703539986348915,17,2458,Statik
1.1868748181678554,0,0.6960712172825083,20,2459,Statik
4.390027729498468,45,2.7771392201345293,17,2460,Statik
26.77744590230332,45,67.0128681879936,17,2461,Statik
1.705953066883048,45,5.3802573223026116,17,2462,Statik
6.663886919094004,15,4.492661558259385,19,2463,Statik
7.806873366990315,45,7.1395108119638735,17,2464,Statik
9.519196148551867,0,13.992707479161425,20,2465,Statik
8.953518368392464,15,0.0,19,2466,Statik
7.127086620137194,0,32.98308566845799,20,2467,Statik
1.1127690112566035,15,0.8267490546138561,19,2468,Statik
1.930625269091422,45,76.10640211472673,17,2469,Statik
7.835759030921733,15,7.358002840024824,19,2470,Statik
3.065707850337228,15,0.0,19,2471,Statik
17.773986774923824,15,17.329616593187154,19,2472,Statik
0.7752128564114891,90,0.0,14,2473,Statik
11.230276241336929,15,0.0,19,2474,Statik
30.094240331719917,30,11.350225855878989,18,2475,Statik
63.11466495250305,15,79.54486404764123,19,2476,Statik
14.519991666689018,15,12.254455470940911,19,2477,Statik
41.066832059006046,0,44.23628041216131,20,2478,Statik
5.943689107163999,30,40.00828371350019,18,2479,Statik
2.0475786886778744,0,0.0,20,2480,Statik
7.028399949163561,30,0.0,18,2481,Statik
2.1631263142390953,30,0.0,18,2482,Statik
0.703126148934145,45,0.5924281383918242,17,2483,Statik
0.15032707367032888,30,1.1286884906348291,18,2484,Statik
2.0424307629874847,30,0.0,18,2485,Statik
4.89358141684665,30,2.611246120229225,18,2486,Statik
3.276518777034052,45,0.0,17,2487,Statik
4.707480034252292,15,0.0,19,2488,Statik
0.7594537356073722,30,0.0,18,2489,Statik
5.450658009152759,30,0.0,18,2490,Statik
5.059279515188361,45,10.384305190540886,17,2491,Statik
2.936293380195514,15,4.4032295546799105,19,2492,Statik
1.8235871618498056,30,0.0,18,2493,Statik
9.11971646024501,15,28.24355262963138,19,2494,Statik
10.82227758221698,15,59.360548770368894,19,2495,Statik
3.2306061649016593,75,0.0,15,2496,Statik
0.554923332171446,15,0.0,19,2497,Statik
5.313950350189837,30,0.0,18,2498,Statik
0.31906934026585687,30,17.73552045073245,18,2499,Statik
5.811667949321372,0,7.776156952307815,16,0,Kosullu
1.7645752387119273,0,24.04259755588987,19,1,Kosullu
10.298068946673643,0,56.83522317827152,20,2,Kosullu
1.1534830665402265,0,0.0,19,3,Kosullu
5.8415806772933045,0,4.01070754747775,18,4,Kosullu
17.58876174203212,0,38.43274840006478,19,5,Kosullu
4.118542833288036,0,0.0,18,6,Kosullu
3.4095328515233065,0,0.0,17,7,Kosullu
7.548031185206047,0,39.60480422252431,20,8,Kosullu
5.390467560909391,0,2.8431440570067252,18,9,Kosullu
9.887451612274377,0,80.69335950582962,20,10,Kosullu
23.572756903791035,0,51.497354597460344,19,11,Kosullu
5.560074905124081,0,0.0,17,12,Kosullu
1.492097240591128,0,7.096203206048642,19,13,Kosullu
6.082205080387746,0,0.0,17,14,Kosullu
2.37073985278619,0,5.862736427206414,16,15,Kosullu
9.406921787271278,0,17.362914947003674,17,16,Kosullu
7.606259753260837,0,24.725482447346053,18,17,Kosullu
7.051173051807798,0,0.0,18,18,Kosullu
4.844082598772239,0,0.32720319438055867,19,19,Kosullu
29.226580173737073,0,64.74679104449626,18,20,Kosullu
25.250703991057158,0,5.883506594122366,16,21,Kosullu
1.0833857087214862,0,0.0,19,22,Kosullu
13.004766367980851,0,0.0,15,23,Kosullu
6.647472197093822,0,5.3186380909992295,19,24,Kosullu
10.541534700660298,0,4.02688653480169,15,25,Kosullu
2.9124481499876165,0,0.0,20,26,Kosullu
4.190787312775245,0,31.62970658887292,20,27,Kosullu
5.314766394890776,0,0.0,17,28,Kosullu
4.883040293260941,0,0.0,16,29,Kosullu
8.743261686880812,0,0.0,19,30,Kosullu
2.7476837121901374,0,0.34009588215263875,18,31,Kosullu
0.2319320049953575,0,0.0,16,32,Kosullu
17.933646433872486,0,3.5492184966069544,19,33,Kosullu
7.762191846580239,0,0.0,19,34,Kosullu
0.9826819541560841,0,7.737052713755077,19,35,Kosullu
6.527945125384827,0,2.8542631480195837,19,36,Kosullu
15.583411610095094,0,18.137876211232594,17,37,Kosullu
0.14834192833876023,0,0.0,18,38,Kosullu
11.380685167751675,0,19.50818709106028,17,39,Kosullu
7.094864840775044,0,25.41715856936105,19,40,Kosullu
1.6311205951974397,0,0.0,18,41,Kosullu
7.349946878236133,0,0.0,18,42,Kosullu
12.438590190949274,0,14.672552141197627,18,43,Kosullu
5.134143783359364,0,0.0,17,44,Kosullu
17.908194218352484,0,0.0,18,45,Kosullu
76.85292997062817,0,9.92515394468478,19,46,Kosullu
8.271843119301238,0,0.0,16,47,Kosullu
8.059241565574931,0,8.630297407659214,19,48,Kosullu
3.4029577606101165,0,0.0,18,49,Kosullu
16.435482288627448,0,0.4806989197295479,16,50,Kosullu
8.432602795568547,0,8.971574795107415,15,51,Kosullu
9.22011221923115,0,0.0,20,52,Kosullu
1.6598850074998515,0,0.0,17,53,Kosullu
57.27211682156889,0,92.70461921092931,19,54,Kosullu
4.050061515902436,0,11.853103915688564,18,55,Kosullu
1.186924292545154,0,0.0,20,56,Kosullu
0.007153141351957338,0,5.716366278013027,18,57,Kosullu
7.5013945468360435,0,59.52037635904213,18,58,Kosullu
7.6204575040167635,0,1.9695931400455606,18,59,Kosullu
0.5401270321467224,0,0.0,18,60,Kosullu
7.633724737844542,0,13.483689218931318,17,61,Kosullu
9.707250453868937,0,16.824553255621936,18,62,Kosullu
3.2230033446562176,0,0.0,19,63,Kosullu
8.20822690150783,0,55.125641492424165,20,64,Kosullu
19.464986893985287,0,102.35311319252531,20,65,Kosullu
17.654290644146265,0,19.640852875231985,20,66,Kosullu
4.234484251346433,0,7.423116176842086,18,67,Kosullu
12.885545858503818,0,50.14136368425727,19,68,Kosullu
9.99247091604006,0,64.8550352440111,18,69,Kosullu
3.598819046239311,0,0.0,17,70,Kosullu
8.550974767444956,0,21.84559563307164,18,71,Kosullu
10.455215411856978,0,3.834955259989556,20,72,Kosullu
2.3987133742387785,0,0.0,17,73,Kosullu
7.126083260837596,0,8.732934757835665,19,74,Kosullu
0.9235251803811948,0,7.535369338674968,17,75,Kosullu
11.575520147055439,0,23.017604399399886,18,76,Kosullu
34.84819294806074,0,0.0,17,77,Kosullu
16.63167240257251,0,0.0,18,78,Kosullu
3.861095772310371,0,0.0,20,79,Kosullu
1.1979372346982367,0,0.0,19,80,Kosullu
5.227671936082111,0,0.0,19,81,Kosullu
6.63520908847798,0,0.0,17,82,Kosullu
1.0538602981688798,0,0.0,18,83,Kosullu
5.00624763594415,0,41.369281760484,18,84,Kosullu
4.042090371630526,0,18.734244923916435,19,85,Kosullu
1.8267862548588392,0,31.771732765952947,16,86,Kosullu
10.747468163042704,0,10.645765181030526,18,87,Kosullu
3.2763948567543335,0,0.0,19,88,Kosullu
10.394087990037647,0,5.0,19,89,Kosullu
0.7342023359346115,0,0.0,16,90,Kosullu
4.170997237950895,0,0.0,19,91,Kosullu
9.668070931529197,0,0.0,20,92,Kosullu
4.277984904392305,0,0.0,19,93,Kosullu
10.24295424549915,0,0.0,20,94,Kosullu
0.35843055957567316,0,3.0657722322742984,18,95,Kosullu
1.8240683586443671,0,0.0,18,96,Kosullu
10.930524089437975,0,0.0,18,97,Kosullu
7.915808442849749,0,30.073621920938876,20,98,Kosullu
5.461132318351743,0,0.0,17,99,Kosullu
3.6807468153454392,0,0.0,16,100,Kosullu
27.73337113271552,0,8.379097574585955,18,101,Kosullu
8.298038324231946,0,0.0,20,102,Kosullu
4.206275038325738,0,2.639142480975181,17,103,Kosullu
11.314856477136304,0,0.0,18,104,Kosullu
2.155716167167225,0,0.0,16,105,Kosullu
3.740825095971382,0,0.0725468052359588,18,106,Kosullu
1.4174650131070856,0,0.0,17,107,Kosullu
4.896277283532417,0,0.0,18,108,Kosullu
5.028360584390137,0,0.0,17,109,Kosullu
6.111194550426644,0,0.0,17,110,Kosullu
0.27088094816046354,0,0.0,19,111,Kosullu
12.571733639953749,0,9.47223094403381,18,112,Kosullu
0.0632189708521388,0,0.0,17,113,Kosullu
5.759743569839051,0,0.0,16,114,Kosullu
24.365025032504686,0,0.0,17,115,Kosullu
7.183767158912626,0,0.0,16,116,Kosullu
11.796934157648126,0,74.60878467172739,17,117,Kosullu
37.01204976361231,0,48.57534093665129,17,118,Kosullu
12.084034605032777,0,4.054037331970392,20,119,Kosullu
16.27931113333838,0,25.854511827525073,18,120,Kosullu
4.910953772839444,0,0.0,18,121,Kosullu
12.95588922213986,0,25.578113052968263,18,122,Kosullu
18.758609280031582,0,13.41182562608111,20,123,Kosullu
4.872324895321576,0,4.450022456495844,19,124,Kosullu
10.606233342122232,0,18.20001934467291,19,125,Kosullu
2.130796587961247,0,13.854935279632684,19,126,Kosullu
1.6518982762039045,0,24.45141559523131,17,127,Kosullu
7.394953580753234,0,0.0,18,128,Kosullu
5.96827476637773,0,5.208692608255831,19,129,Kosullu
2.095646581023942,0,11.501567291069307,18,130,Kosullu
3.119469573795706,0,23.96157906118026,18,131,Kosullu
0.0,0,0.0,16,132,Kosullu
1.40697642059984,0,0.0,20,133,Kosullu
5.058912772875874,0,21.084592650024604,17,134,Kosullu
8.79548903352757,0,19.158494337833133,17,135,Kosullu
7.119320219775235,0,2.589154510984258,19,136,Kosullu
0.4836793327556972,0,0.0,20,137,Kosullu
2.7492486564474383,0,0.0,18,138,Kosullu
8.407576011901494,0,0.0,17,139,Kosullu
4.082667335673237,0,5.658526893198655,18,140,Kosullu
3.0034233383023587,0,12.581745917983312,18,141,Kosullu
10.090636863509031,0,0.0,18,142,Kosullu
7.871543632613804,0,0.0,19,143,Kosullu
6.763831809381491,0,0.0,17,144,Kosullu
4.723240187602828,0,6.440075388737341,19,145,Kosullu
6.50707521172413,0,0.0,17,146,Kosullu
2.767336892467946,0,0.0,18,147,Kosullu
1.9183292564786365,0,0.0,18,148,Kosullu
7.170344505508944,0,0.0,19,149,Kosullu
16.368780015792474,0,45.41341666726714,17,150,Kosullu
2.2536733916015974,0,0.0,20,151,Kosullu
6.476684213671457,0,0.0,17,152,Kosullu
9.931801565616434,0,0.0,17,153,Kosullu
25.3895101695952,0,43.55106836367008,20,154,Kosullu
3.2058130458065475,0,28.50473630662691,18,155,Kosullu
1.7146590785245213,0,0.0,16,156,Kosullu
0.3016849668690522,0,0.0,16,157,Kosullu
20.24214612648636,0,9.655366195221461,18,158,Kosullu
2.9599527921222677,0,0.0,17,159,Kosullu
11.908466355238229,0,0.0,18,160,Kosullu
1.7694231227122283,0,0.0,18,161,Kosullu
7.98392892774256,0,5.852416025777416,17,162,Kosullu
36.97530878537556,0,57.32019448103705,19,163,Kosullu
0.5115896861497321,0,0.0,17,164,Kosullu
18.46954176158043,0,13.604095217397912,20,165,Kosullu
2.0688774786752475,0,0.0,20,166,Kosullu
4.167759463659602,0,0.0,16,167,Kosullu
14.37578931514696,0,1.8864072307405308,20,168,Kosullu
4.520593950805217,0,8.165970640388878,20,169,Kosullu
3.6440631058591473,0,19.338184905885612,19,170,Kosullu
25.878701751952523,0,32.03502230232459,18,171,Kosullu
14.036469990848715,0,3.3290973946342888,16,172,Kosullu
2.739247017151966,0,0.0,15,173,Kosullu
4.626799525041315,0,14.846632533617537,19,174,Kosullu
12.29468307681107,0,40.51279554249538,19,175,Kosullu
4.399548625952357,0,7.8215280851705415,15,176,Kosullu
6.291626424294937,0,12.923618784928863,18,177,Kosullu
21.53760707981056,0,82.22058042224478,19,178,Kosullu
2.083677052833059,0,12.592665629107898,17,179,Kosullu
4.2311380999595105,0,0.0,19,180,Kosullu
2.608908878572554,0,0.0,19,181,Kosullu
2.0268350235014365,0,0.0,20,182,Kosullu
8.452645380429246,0,0.0,19,183,Kosullu
1.557697954830679,0,0.0,19,184,Kosullu
2.8771222520946145,0,12.083071639256161,18,185,Kosullu
1.0515136185855667,0,0.0,16,186,Kosullu
1.914598040766268,0,0.0,18,187,Kosullu
1.3154806781950008,0,1.7820825570698844,19,188,Kosullu
24.883892303439392,0,0.8294941047852262,19,189,Kosullu
4.105845077193019,0,0.0,16,190,Kosullu
7.245167022668376,0,5.737425443291613,19,191,Kosullu
2.2784616672000597,0,2.8687108769740917,20,192,Kosullu
14.241438283845255,0,0.0,17,193,Kosullu
0.17841586336009918,0,0.0,16,194,Kosullu
28.704192875810293,0,17.51151146179825,18,195,Kosullu
2.6748132197124317,0,0.0,18,196,Kosullu
3.109810740998759,0,1.2464798059510258,17,197,Kosullu
5.84258554254346,0,16.3175691173999,18,198,Kosullu
4.515767406929712,0,0.0,14,199,Kosullu
2.512271514439871,0,1.1728831195698035,20,200,Kosullu
6.943166720011112,0,0.0,17,201,Kosullu
10.477353271624386,0,4.793336793269987,18,202,Kosullu
35.20691303868613,0,7.06057059097833,18,203,Kosullu
35.03983351775957,0,60.058547528469774,19,204,Kosullu
19.39265064450315,0,0.0,18,205,Kosullu
1.1581564416316443,0,0.0,17,206,Kosullu
23.55080805774275,0,20.49201359499841,19,207,Kosullu
2.972631937694694,0,15.372599364478333,18,208,Kosullu
31.62235024351459,0,36.57425560493732,17,209,Kosullu
16.790996029072947,0,40.207029677590526,19,210,Kosullu
5.861893790808805,0,0.0,17,211,Kosullu
2.412518421827599,0,0.0,16,212,Kosullu
8.962795303876002,0,7.152524584892944,18,213,Kosullu
23.38193221391172,0,19.45487902257969,17,214,Kosullu
16.387581773976827,0,0.0,19,215,Kosullu
6.712202574987086,0,0.0,19,216,Kosullu
33.41989541413142,0,30.518574275593608,17,217,Kosullu
88.09471989985512,0,184.59506523485612,19,218,Kosullu
22.768563023447513,0,0.0,18,219,Kosullu
4.70592253212378,0,4.44569375220766,17,220,Kosullu
2.4921586638897764,0,11.98049120341011,20,221,Kosullu
8.128020694327908,0,15.01224917569175,18,222,Kosullu
1.6102571489145765,0,0.0,18,223,Kosullu
8.606092287130895,0,0.0,19,224,Kosullu
18.2328770486006,0,31.078905197683298,19,225,Kosullu
5.402282652252209,0,0.0,19,226,Kosullu
47.00299751545485,0,0.0,18,227,Kosullu
7.405751914727368,0,19.56131996125083,19,228,Kosullu
4.1040377539760495,0,2.778019127987818,19,229,Kosullu
4.68830924972263,0,11.115314827649854,15,230,Kosullu
1.0153418763586926,0,7.730900168345443,16,231,Kosullu
4.395705926715451,0,0.17035913604854613,18,232,Kosullu
40.45340810103098,0,33.123074607194326,19,233,Kosullu
21.65686179210462,0,33.09999599300323,19,234,Kosullu
12.784166963896375,0,8.963981152420672,20,235,Kosullu
2.236385958668667,0,0.0,17,236,Kosullu
21.803099656725777,0,47.807720155541574,20,237,Kosullu
3.7438785887365595,0,0.0,19,238,Kosullu
4.415621295857116,0,10.915891308919129,20,239,Kosullu
8.549831197369919,0,0.6440530521184087,18,240,Kosullu
5.157589187749841,0,0.0,19,241,Kosullu
4.119978211677759,0,51.87879256645107,19,242,Kosullu
4.330545720895113,0,21.271859189322356,19,243,Kosullu
4.334231841548634,0,46.644548552434344,19,244,Kosullu
16.615207699823276,0,8.126851774019372,18,245,Kosullu
4.472507056444338,0,0.0,14,246,Kosullu
13.527412748168908,0,14.976710450978544,20,247,Kosullu
8.888753772393864,0,68.78573337933926,19,248,Kosullu
4.4386729061643555,0,0.0,17,249,Kosullu
18.804258597698333,0,32.088679618219544,19,250,Kosullu
6.499549178016196,0,20.642482490873533,18,251,Kosullu
0.45654443559745395,0,5.301867240511569,17,252,Kosullu
4.475012703742242,0,31.577911190690372,18,253,Kosullu
13.019295567904706,0,13.450835255687991,18,254,Kosullu
5.467977196223001,0,0.0,19,255,Kosullu
2.6956531723751676,0,0.0,18,256,Kosullu
5.364939128873125,0,20.61159800504106,19,257,Kosullu
0.5288822473659534,0,0.0,18,258,Kosullu
27.848788599191966,0,28.918058838099398,18,259,Kosullu
60.100960919706985,0,140.54898730906137,20,260,Kosullu
0.6764944216840061,0,8.123406199995657,19,261,Kosullu
3.3735997651816216,0,16.91521139489339,17,262,Kosullu
5.421190949420253,0,49.89198260295143,20,263,Kosullu
18.584142407221375,0,10.20118405583736,20,264,Kosullu
1.7331712397749608,0,0.0,19,265,Kosullu
22.914991636829697,0,0.0,19,266,Kosullu
0.30414989132899367,0,10.204252288233988,19,267,Kosullu
60.74395134222583,0,62.08350994641745,18,268,Kosullu
18.49521284935869,0,16.792231213327454,20,269,Kosullu
15.064531941482802,0,0.0,17,270,Kosullu
27.586964560464736,0,15.8519243985574,18,271,Kosullu
2.1203939173863007,0,0.5992838091794397,20,272,Kosullu
6.940281344768358,0,22.277649975823806,19,273,Kosullu
16.81523850731164,0,0.0,19,274,Kosullu
0.4128310523214651,0,0.0,18,275,Kosullu
11.950641824892747,0,0.0,18,276,Kosullu
13.921637838894426,0,5.041753094696844,16,277,Kosullu
5.328317814789053,0,22.237545193455276,18,278,Kosullu
9.462341586742639,0,5.398523691158232,18,279,Kosullu
1.9464478130740623,0,0.0,18,280,Kosullu
8.079561209370928,0,0.0,19,281,Kosullu
11.751557931695913,0,0.0,16,282,Kosullu
0.782780615278233,0,0.0,19,283,Kosullu
1.2669993166285551,0,0.0,20,284,Kosullu
49.094857013349845,0,34.85003254499287,19,285,Kosullu
5.098347170714289,0,0.0,20,286,Kosullu
31.17370904265083,0,53.91738765366745,20,287,Kosullu
3.443369912167749,0,2.0561861264934578,20,288,Kosullu
36.9119910974571,0,45.37516876690654,17,289,Kosullu
1.976964451810413,0,9.269476151220545,17,290,Kosullu
1.3276530239347029,0,0.0,17,291,Kosullu
0.6176968110804865,0,0.9274128936318675,19,292,Kosullu
8.692726912549505,0,0.0,19,293,Kosullu
25.303302966083262,0,0.0,17,294,Kosullu
2.7761904065835523,0,0.0,18,295,Kosullu
10.562026883713617,0,11.753338529498365,19,296,Kosullu
1.3502128327209595,0,21.574316015058457,19,297,Kosullu
11.418808031218441,0,25.899587637920604,17,298,Kosullu
2.9084851592863292,0,2.388711507812218,17,299,Kosullu
0.7112303948285914,0,0.0,18,300,Kosullu
4.502620009976599,0,36.43011901921585,19,301,Kosullu
4.396052903117248,0,0.0,19,302,Kosullu
2.1791721184494435,0,11.995315747490281,19,303,Kosullu
39.13073600185148,0,0.0,19,304,Kosullu
4.680710172929089,0,12.210575895674765,19,305,Kosullu
5.153781951785603,0,0.0,19,306,Kosullu
0.7885076389673706,0,0.0,20,307,Kosullu
8.950107205265697,0,14.276347449094374,18,308,Kosullu
8.917642400327084,0,0.0,17,309,Kosullu
0.70445548746725,0,0.0,18,310,Kosullu
12.394472051472333,0,33.73613393262599,17,311,Kosullu
1.1157723499417211,0,0.0,19,312,Kosullu
4.903104725175984,0,0.0,17,313,Kosullu
3.0643137873872215,0,26.08930747132274,18,314,Kosullu
11.972794349177322,0,21.560658390541278,17,315,Kosullu
2.9154858541078648,0,7.195288813450134,18,316,Kosullu
5.957405383872355,0,0.0,19,317,Kosullu
4.456536796962625,0,0.0,19,318,Kosullu
21.101864783861384,0,41.12443347803264,17,319,Kosullu
8.42717303084007,0,0.0,20,320,Kosullu
24.10119736097096,0,10.622220641685885,19,321,Kosullu
6.785116107644729,0,0.0,18,322,Kosullu
0.9025143476057669,0,0.0,18,323,Kosullu
11.180476304976162,0,13.715555033479575,19,324,Kosullu
12.766321844243347,0,62.03682312949246,18,325,Kosullu
0.8392225378994633,0,0.0,19,326,Kosullu
4.576633201988365,0,4.13678521286829,17,327,Kosullu
2.974441033384671,0,0.0,17,328,Kosullu
16.11442657345686,0,0.0,19,329,Kosullu
2.79413708214487,0,0.0,19,330,Kosullu
18.53065002223075,0,22.45384096816781,19,331,Kosullu
23.463568363886584,0,39.51812243992174,19,332,Kosullu
1.2711520721204115,0,18.37831427158909,17,333,Kosullu
0.8157812134858982,0,0.0,17,334,Kosullu
4.520062829928723,0,0.0,19,335,Kosullu
3.0042104361451654,0,21.94798322965414,20,336,Kosullu
2.727404628909553,0,3.518541205749102,19,337,Kosullu
2.7694301543382998,0,0.0,15,338,Kosullu
24.294529094845338,0,20.42047308516578,17,339,Kosullu
0.07126397505188652,0,0.0,19,340,Kosullu
7.1837289617256666,0,21.906679777365582,19,341,Kosullu
13.502486682552432,0,0.0,19,342,Kosullu
9.145705078932457,0,2.3447233523889395,18,343,Kosullu
1.6156975449674023,0,0.0,18,344,Kosullu
0.674338852740869,0,0.0,19,345,Kosullu
42.03175648665647,0,67.82401497579701,19,346,Kosullu
3.9156060959945562,0,0.0,19,347,Kosullu
6.941442549245804,0,24.878704097418904,18,348,Kosullu
5.571680353737092,0,10.438951880541993,18,349,Kosullu
0.46288103794169544,0,0.0,16,350,Kosullu
1.5876444624238149,0,41.87559490582885,19,351,Kosullu
26.295597782809388,0,62.84094288120883,19,352,Kosullu
0.9941785215395026,0,0.0,20,353,Kosullu
6.615182244684829,0,10.780939677937795,19,354,Kosullu
14.600756410223617,0,0.14858656858888253,19,355,Kosullu
2.3920301217027164,0,0.0,18,356,Kosullu
24.820257716611778,0,18.855220688731663,19,357,Kosullu
28.543274891531826,0,108.23346811979616,19,358,Kosullu
3.866589966134369,0,2.2889537845041446,19,359,Kosullu
9.436133917487094,0,0.0,18,360,Kosullu
18.752045300359264,0,8.475191079358183,19,361,Kosullu
0.7105200691799431,0,0.0,17,362,Kosullu
5.013115051691713,0,0.0,18,363,Kosullu
3.1281319662904568,0,0.0,18,364,Kosullu
1.0464962199107655,0,0.0,17,365,Kosullu
8.532986619711467,0,21.899770266753023,19,366,Kosullu
0.8985688170854099,0,0.0,19,367,Kosullu
1.539169334056592,0,0.0,18,368,Kosullu
19.704034776527674,0,0.0,17,369,Kosullu
9.657936394760616,0,15.804175873215002,20,370,Kosullu
14.346242223645264,0,0.0,19,371,Kosullu
7.119434501773244,0,1.3589489686528395,19,372,Kosullu
1.5001872823786375,0,0.0,18,373,Kosullu
1.9762906813541035,0,14.039538815239268,19,374,Kosullu
89.24693911647549,0,11.840261946316502,19,375,Kosullu
27.873427062152963,0,13.402682457150604,20,376,Kosullu
16.038707901121736,0,0.0,19,377,Kosullu
2.252529408113114,0,0.0,19,378,Kosullu
3.068998242162537,0,0.3082292889147311,19,379,Kosullu
1.0991410994619535,0,0.0,19,380,Kosullu
18.029162151998523,0,19.59990063794919,19,381,Kosullu
3.160597008815001,0,0.0,19,382,Kosullu
17.25743567877246,0,28.84543846897253,19,383,Kosullu
1.8749342323875757,0,2.7620870193529754,15,384,Kosullu
27.26804611033801,0,0.0,19,385,Kosullu
8.003008322132334,0,0.0,18,386,Kosullu
3.67271246758606,0,0.4764171871213989,19,387,Kosullu
2.540739067287217,0,0.0,17,388,Kosullu
1.3518755722225189,0,0.0,18,389,Kosullu
15.200673841516036,0,43.10100822706232,20,390,Kosullu
3.550432488667343,0,4.647918564044971,20,391,Kosullu
1.4659081964611147,0,30.944415899189778,20,392,Kosullu
37.73822762025256,0,70.57311161434467,18,393,Kosullu
0.3853285265405804,0,0.0,19,394,Kosullu
0.18618356912033482,0,0.0,19,395,Kosullu
4.5172199779113225,0,11.82922601060568,19,396,Kosullu
35.86447461793353,0,26.494408806595175,17,397,Kosullu
35.18472321446081,0,54.90480689100758,19,398,Kosullu
0.11150819002313501,0,2.532642558453972,18,399,Kosullu
11.13606334444925,0,0.0,18,400,Kosullu
11.906664732498276,0,30.593178985149848,20,401,Kosullu
26.547429577823074,0,0.0,18,402,Kosullu
1.4669850006950673,0,0.0,18,403,Kosullu
2.409911629893151,0,2.6052593598283806,18,404,Kosullu
15.10666389392517,0,44.3727272784015,18,405,Kosullu
101.5317480792883,0,113.11214505051663,18,406,Kosullu
4.927196759922931,0,9.971440723929845,19,407,Kosullu
6.54254594252417,0,0.0,17,408,Kosullu
42.154669810729324,0,14.663330864848149,19,409,Kosullu
3.587484142219273,0,0.0,19,410,Kosullu
17.731842174409966,0,0.0,18,411,Kosullu
2.610167633995307,0,4.737076929178556,18,412,Kosullu
4.217954304833874,0,1.5442103049731486,17,413,Kosullu
3.7386533754319418,0,18.959348708276195,19,414,Kosullu
4.889514377414348,0,5.133567357337881,20,415,Kosullu
21.062297295119766,0,27.323023188647767,19,416,Kosullu
23.60711848401198,0,84.98881017909679,20,417,Kosullu
4.460457936584778,0,0.0,17,418,Kosullu
2.207172207098776,0,0.0,18,419,Kosullu
8.838001243486799,0,6.159443942076564,20,420,Kosullu
5.374297527365277,0,0.0,16,421,Kosullu
6.598721837808758,0,11.121014187377796,18,422,Kosullu
3.09428215736941,0,2.942546452692568,18,423,Kosullu
16.101975327998204,0,25.812304485850973,19,424,Kosullu
4.335265671719128,0,0.0,16,425,Kosullu
5.2700687072630075,0,27.96824560528546,18,426,Kosullu
2.142169071955331,0,0.0,19,427,Kosullu
2.1944245704261665,0,0.0,18,428,Kosullu
9.811958284725947,0,0.0,20,429,Kosullu
9.103140504823084,0,1.755356758892674,20,430,Kosullu
5.698455795171377,0,37.86251576440736,19,431,Kosullu
13.250829566595634,0,0.0,19,432,Kosullu
1.6450177855419794,0,0.0,18,433,Kosullu
3.164916550989012,0,6.070474093003554,19,434,Kosullu
7.223883352338197,0,3.7137469463581283,20,435,Kosullu
3.190822964973736,0,0.0,14,436,Kosullu
3.5803745912734977,0,0.0,19,437,Kosullu
2.9166020485380235,0,0.0,17,438,Kosullu
4.579634963280148,0,16.218715423796368,20,439,Kosullu
6.797796142135904,0,36.446790841366635,20,440,Kosullu
9.916841083572976,0,15.686829236794836,17,441,Kosullu
22.958728204794355,0,45.570435429008285,20,442,Kosullu
9.40816215096137,0,47.12000733869189,19,443,Kosullu
7.297850905814866,0,10.241744939282228,19,444,Kosullu
18.397789162744623,0,24.929883615570077,19,445,Kosullu
13.6636176764485,0,0.0,19,446,Kosullu
5.15844279819397,0,8.322703825235862,19,447,Kosullu
2.023191553398408,0,0.0,19,448,Kosullu
1.9338975851914484,0,14.789067994941604,17,449,Kosullu
3.0260564741928775,0,0.0,18,450,Kosullu
6.970626851334246,0,0.05335488351715867,19,451,Kosullu
7.499251571653662,0,5.751925037648448,19,452,Kosullu
18.549481814782638,0,52.65956561960263,19,453,Kosullu
13.171187132636447,0,0.0,20,454,Kosullu
34.253375117229226,0,4.016400096967573,16,455,Kosullu
5.590612208946653,0,1.2708734767624605,18,456,Kosullu
2.258005905034723,0,20.50123641704721,19,457,Kosullu
10.094833642335116,0,0.0,17,458,Kosullu
9.17469073829177,0,0.0,17,459,Kosullu
4.506120805831967,0,49.8137732386586,19,460,Kosullu
2.211258941781132,0,0.0,16,461,Kosullu
21.666275427290955,0,103.88424416900227,18,462,Kosullu
0.529447112745322,0,11.807685777668041,18,463,Kosullu
12.433614311882799,0,29.329564622390194,18,464,Kosullu
1.4483527037181312,0,0.0,19,465,Kosullu
6.18579186593647,0,0.0,19,466,Kosullu
21.293606208153133,0,0.0,17,467,Kosullu
0.5949702593048696,0,0.0,18,468,Kosullu
11.969637738434752,0,43.42678798474361,20,469,Kosullu
3.9088103610307283,0,0.0,18,470,Kosullu
2.732143261349359,0,0.0,18,471,Kosullu
0.0,0,0.0,15,472,Kosullu
7.276486797725634,0,22.47979659960572,18,473,Kosullu
2.938638183035036,0,31.651973271973816,15,474,Kosullu
2.750441569137708,0,0.0,17,475,Kosullu
8.945545825742643,0,28.894662426206764,18,476,Kosullu
9.22044989663742,0,0.0,15,477,Kosullu
0.8614001862470388,0,0.0,19,478,Kosullu
27.396694682666357,0,40.77873120570399,16,479,Kosullu
31.311729101121955,0,61.49029277805124,19,480,Kosullu
48.31494917208106,0,53.37121536541201,20,481,Kosullu
14.814131590982495,0,9.497230310840337,18,482,Kosullu
1.4015909823289256,0,0.0,19,483,Kosullu
7.172640023997657,0,0.0,18,484,Kosullu
4.353481166117719,0,0.0,18,485,Kosullu
8.094787196426918,0,0.0,17,486,Kosullu
7.933046443151948,0,0.0,18,487,Kosullu
6.168783237002378,0,0.0,18,488,Kosullu
1.2488043936569078,0,3.5418090490097143,16,489,Kosullu
6.294059023054519,0,23.28446494079691,19,490,Kosullu
0.0,0,0.0,19,491,Kosullu
8.450920282959286,0,36.86998548687728,18,492,Kosullu
4.71277411367462,0,0.0,16,493,Kosullu
6.920653987177373,0,41.63510784040193,19,494,Kosullu
20.65117492972103,0,14.96744855468097,19,495,Kosullu
5.968664538435285,0,0.0,18,496,Kosullu
2.920379115777989,0,18.983521177944,19,497,Kosullu
10.416467049311837,0,14.89606580699342,16,498,Kosullu
2.733649110711918,0,0.0,17,499,Kosullu
6.400705239387435,0,0.0,19,500,Kosullu
1.8136379969221341,0,0.0,19,501,Kosullu
19.286139432198475,0,43.89817631258677,20,502,Kosullu
16.36084991285403,0,6.231318068153598,18,503,Kosullu
10.061620544006615,0,0.0,19,504,Kosullu
1.7526741555156964,0,12.288095377066384,18,505,Kosullu
6.4485536698983,0,0.0,20,506,Kosullu
1.0243847643587554,0,0.1969726016000095,17,507,Kosullu
9.140825631614888,0,24.377778716678733,18,508,Kosullu
1.4869647811566638,0,0.0,17,509,Kosullu
1.1776932763773704,0,0.0,17,510,Kosullu
9.530565907064656,0,31.001302845407622,19,511,Kosullu
3.840744480590533,0,69.37527016870388,19,512,Kosullu
4.117789978164522,0,8.262762909518301,16,513,Kosullu
7.244672721931561,0,30.83681678360074,17,514,Kosullu
1.9194479415548482,0,0.0,17,515,Kosullu
9.124585357775892,0,3.482884394960763,18,516,Kosullu
2.369293822250783,0,0.0,19,517,Kosullu
1.7187741844983186,0,30.731589061969146,16,518,Kosullu
3.680921180296375,0,0.15528957749518213,17,519,Kosullu
1.831292473461134,0,0.0,19,520,Kosullu
11.248952493685959,0,8.141913003286788,17,521,Kosullu
18.580266739880305,0,0.0,18,522,Kosullu
2.8307224025615794,0,0.0,17,523,Kosullu
6.73455766229165,0,32.33265441642453,15,524,Kosullu
33.33817726005452,0,13.191763360443474,18,525,Kosullu
2.9603798489248714,0,0.0,17,526,Kosullu
2.693893695828934,0,0.0,18,527,Kosullu
0.15135119359323107,0,0.0,17,528,Kosullu
23.775264338924146,0,14.969841221292711,18,529,Kosullu
0.9085754755730925,0,36.43883681152846,17,530,Kosullu
1.4285968012069914,0,0.0,19,531,Kosullu
9.999811581730626,0,36.80843950742491,17,532,Kosullu
1.049901094307403,0,0.0,16,533,Kosullu
3.9408093870225223,0,0.0,19,534,Kosullu
9.681345120113336,0,0.0,20,535,Kosullu
17.56331688246865,0,29.87837359922736,18,536,Kosullu
9.862578395881602,0,5.4807635306921725,20,537,Kosullu
16.720659190364284,0,0.0,15,538,Kosullu
16.48113763203174,0,59.57493546512438,20,539,Kosullu
3.0883743197081386,0,0.6612620218772918,20,540,Kosullu
0.474578924104354,0,19.28856020165756,18,541,Kosullu
4.868275514465247,0,2.636140527787518,18,542,Kosullu
3.663530528416661,0,17.667605858662398,19,543,Kosullu
14.87248065496693,0,0.0,18,544,Kosullu
33.50701646406959,0,50.568721801709785,19,545,Kosullu
10.942416054601619,0,0.0,17,546,Kosullu
10.843321594869026,0,0.0,18,547,Kosullu
51.988796981972754,0,72.65407179650128,18,548,Kosullu
40.10617355233707,0,48.85114414479449,20,549,Kosullu
0.8348984706489325,0,0.0,17,550,Kosullu
5.02022828210604,0,0.0,19,551,Kosullu
18.200966233950247,0,0.0,20,552,Kosullu
22.05526997629932,0,11.454612052196637,17,553,Kosullu
3.642157646451488,0,0.0,17,554,Kosullu
5.9780928183585615,0,14.272298620097047,15,555,Kosullu
9.216137506462092,0,39.46515019667652,17,556,Kosullu
25.63742003142456,0,33.28000413299213,20,557,Kosullu
31.4362678508885,0,133.28535385459412,20,558,Kosullu
72.5120580198252,0,153.50467573996895,19,559,Kosullu
2.555228540224994,0,0.0,18,560,Kosullu
16.28477436001005,0,0.0,17,561,Kosullu
36.24335542562917,0,47.14323510769316,19,562,Kosullu
5.646211192608433,0,13.317723413956514,16,563,Kosullu
2.924472572497619,0,12.179146332511152,17,564,Kosullu
9.959070503074718,0,10.226109044867087,19,565,Kosullu
0.520136914254314,0,0.0,16,566,Kosullu
0.442436061650467,0,5.0,18,567,Kosullu
4.285064938215107,0,0.0,18,568,Kosullu
5.3524344312002965,0,0.0,18,569,Kosullu
21.789058760561755,0,0.0,19,570,Kosullu
6.689645350636729,0,3.159575631266705,20,571,Kosullu
2.888425418098847,0,19.701491104171907,20,572,Kosullu
1.9581385841958252,0,0.0,19,573,Kosullu
6.016999719750031,0,7.32697737204154,19,574,Kosullu
3.106701808800781,0,0.0,17,575,Kosullu
4.3909899293128225,0,20.255489775555247,18,576,Kosullu
5.301027334120099,0,0.0,18,577,Kosullu
1.9623948304025653,0,0.0,20,578,Kosullu
29.338013701499676,0,0.0,18,579,Kosullu
2.1530783330094088,0,0.0,18,580,Kosullu
0.7124751473371802,0,0.0,18,581,Kosullu
2.81696578140867,0,19.02686451138925,19,582,Kosullu
22.43459054843829,0,52.35104728091585,18,583,Kosullu
32.18778378881179,0,20.639710027218086,19,584,Kosullu
1.3891214621217374,0,0.0,19,585,Kosullu
3.045765848955714,0,0.0,17,586,Kosullu
5.12124677280126,0,3.2965917880137,19,587,Kosullu
13.620697929156748,0,63.67026222655301,19,588,Kosullu
1.4080406141843342,0,1.2743965898392844,16,589,Kosullu
15.06806240364258,0,0.0,17,590,Kosullu
1.3095868947303564,0,0.0,17,591,Kosullu
1.721549638084591,0,18.2916601477599,20,592,Kosullu
18.15263219797887,0,48.68516376235857,18,593,Kosullu
30.3408758865441,0,44.60407486658306,19,594,Kosullu
6.096493158603628,0,0.0,20,595,Kosullu
3.524228431799442,0,0.0,19,596,Kosullu
29.247852323353335,0,33.1266328711435,17,597,Kosullu
7.30469621539771,0,0.0,18,598,Kosullu
15.274725314427352,0,13.650263821931844,18,599,Kosullu
0.9802364190941356,0,0.0,18,600,Kosullu
3.2833846215571008,0,8.13452321403696,19,601,Kosullu
4.871226163431487,0,0.0,17,602,Kosullu
35.99829686376521,0,26.491518712767174,19,603,Kosullu
26.78826426222554,0,36.441383343327686,17,604,Kosullu
2.689906990292117,0,0.0,19,605,Kosullu
3.0264333953148572,0,0.0,19,606,Kosullu
40.64886866939939,0,53.76134868804354,18,607,Kosullu
18.437641752520115,0,37.9859193363352,20,608,Kosullu
7.208066711934286,0,8.453021472561261,19,609,Kosullu
18.438459866320024,0,0.0,15,610,Kosullu
3.085137674597625,0,14.681088185736087,20,611,Kosullu
1.2543818864176608,0,0.0,19,612,Kosullu
6.499228841507796,0,18.48560047665984,19,613,Kosullu
10.69781127510847,0,7.704622241362131,18,614,Kosullu
2.69418632297178,0,0.0,18,615,Kosullu
7.458532237716313,0,0.0,19,616,Kosullu
1.352233325141686,0,0.0,16,617,Kosullu
11.176255299513638,0,0.0,17,618,Kosullu
15.689517808122988,0,45.27947454434286,17,619,Kosullu
5.310297823672621,0,0.0,17,620,Kosullu
7.8857176463463805,0,9.730070150407983,18,621,Kosullu
5.286582382898121,0,0.0,18,622,Kosullu
13.653906866394948,0,42.53922695632588,20,623,Kosullu
8.396643969564073,0,43.79389039871273,20,624,Kosullu
4.113615099801179,0,24.87726511073538,17,625,Kosullu
18.589051143483744,0,6.602855265963001,19,626,Kosullu
11.248766564738974,0,48.154018260156136,17,627,Kosullu
3.238119320193033,0,0.0,17,628,Kosullu
2.8489423762144264,0,0.0,19,629,Kosullu
0.8817490177385311,0,0.0,19,630,Kosullu
6.849275808767011,0,55.06971751038748,20,631,Kosullu
4.139451598885539,0,0.0,18,632,Kosullu
28.601460964213043,0,35.66663823927507,18,633,Kosullu
2.1542842679637175,0,0.0,20,634,Kosullu
4.717474770742605,0,0.0,19,635,Kosullu
10.272384759047602,0,0.0,18,636,Kosullu
1.9179832304461126,0,30.889277479751968,18,637,Kosullu
11.67996652128647,0,41.07566226051512,18,638,Kosullu
7.301108848786312,0,0.0,20,639,Kosullu
19.96374823098718,0,6.927479986502078,19,640,Kosullu
1.5916005274281468,0,0.0,18,641,Kosullu
2.0415239595174945,0,0.0,20,642,Kosullu
15.801247831316248,0,24.056578095106886,18,643,Kosullu
9.769264442238402,0,32.74035047683691,20,644,Kosullu
4.572856113311019,0,0.0,17,645,Kosullu
1.7044178399341856,0,0.0,19,646,Kosullu
12.84743524261899,0,0.0,19,647,Kosullu
26.685175978895742,0,0.0,18,648,Kosullu
4.180110571896576,0,13.905097258253363,19,649,Kosullu
2.208442686533714,0,0.0,13,650,Kosullu
3.802551104802844,0,0.0,18,651,Kosullu
17.065113185720133,0,43.31296344770385,20,652,Kosullu
0.28662856685820753,0,0.0,18,653,Kosullu
9.264524094921963,0,4.007951955990336,17,654,Kosullu
43.39312995636758,0,94.65030261899187,19,655,Kosullu
3.1988070451478476,0,0.0,15,656,Kosullu
20.722184786087823,0,41.45867724862336,20,657,Kosullu
4.6515003975423825,0,10.873349893893078,18,658,Kosullu
1.2234318968532918,0,0.0,20,659,Kosullu
16.198360642552295,0,25.837827516264156,19,660,Kosullu
0.3192489229046718,0,5.005890722324182,20,661,Kosullu
4.928869451432491,0,3.7628539285108786,16,662,Kosullu
2.015711257941479,0,0.0,18,663,Kosullu
0.894406832313055,0,0.0,16,664,Kosullu
4.32088825376321,0,20.072160688791882,19,665,Kosullu
2.356499630141669,0,10.05705598600548,18,666,Kosullu
6.293597031753822,0,0.0,16,667,Kosullu
10.090101922567307,0,0.0,18,668,Kosullu
5.937234710126675,0,0.0,19,669,Kosullu
7.921069253848005,0,10.080564762796428,17,670,Kosullu
7.145067487618477,0,12.665122951486069,19,671,Kosullu
3.316762055844421,0,0.0,18,672,Kosullu
9.885299740284886,0,0.0,17,673,Kosullu
12.130900928626566,0,24.949517084067566,17,674,Kosullu
6.655188780728861,0,0.0,20,675,Kosullu
6.231384602583316,0,16.032111285745486,17,676,Kosullu
16.054388947498413,0,0.0,19,677,Kosullu
17.348443195622487,0,40.477642302255845,19,678,Kosullu
17.85017404852544,0,24.33986262297742,15,679,Kosullu
2.9125643108660118,0,20.701583915840274,16,680,Kosullu
12.820860757085137,0,0.0,19,681,Kosullu
0.1405371403936897,0,3.2450275714543295,18,682,Kosullu
32.93469438016509,0,91.71651352557535,19,683,Kosullu
1.9290646581077222,0,0.0,18,684,Kosullu
2.4614947873530784,0,0.0,19,685,Kosullu
11.616686251812649,0,0.0,18,686,Kosullu
36.18919357380768,0,31.91316778928058,19,687,Kosullu
19.983545458264278,0,5.489035257394448,17,688,Kosullu
14.098606493036073,0,32.20555142058555,20,689,Kosullu
8.841709363523075,0,0.0,19,690,Kosullu
8.044382157272794,0,0.0,19,691,Kosullu
8.125685924816484,0,0.0,17,692,Kosullu
19.12569211693537,0,4.384125604754047,17,693,Kosullu
10.823863234281962,0,16.535443467421487,20,694,Kosullu
3.548237825325051,0,0.0,17,695,Kosullu
15.586686725077891,0,0.0,17,696,Kosullu
2.1955672674887285,0,15.730271609775457,16,697,Kosullu
0.4738251384797506,0,0.0,19,698,Kosullu
2.9249676837339638,0,0.0,14,699,Kosullu
8.73642634883284,0,4.2784273104207955,20,700,Kosullu
13.440632463685766,0,0.0,19,701,Kosullu
24.37398763101062,0,28.04983142203679,18,702,Kosullu
2.3539968789204564,0,3.0938133039680906,20,703,Kosullu
4.759333381675516,0,0.0,18,704,Kosullu
0.7064962436810037,0,0.6728770224921732,19,705,Kosullu
4.404631792247942,0,8.099170235480926,18,706,Kosullu
27.6444044656226,0,66.76911515970227,19,707,Kosullu
0.7367917488750803,0,17.32424864020993,17,708,Kosullu
12.491002302971674,0,3.9370369477829854,19,709,Kosullu
7.9325865855473126,0,18.296926614219785,19,710,Kosullu
31.06621133751549,0,45.559148383356955,18,711,Kosullu
2.0083821993078437,0,0.0,16,712,Kosullu
9.51670051399324,0,17.616990175982323,18,713,Kosullu
4.519722362910282,0,45.48423957304317,18,714,Kosullu
23.037278101464313,0,62.09365915771042,18,715,Kosullu
12.09553457155075,0,17.4941530028467,19,716,Kosullu
2.155755282922574,0,0.0,19,717,Kosullu
54.45656970522786,0,15.885481845033098,19,718,Kosullu
3.043147215541653,0,0.0,19,719,Kosullu
6.896230906116844,0,0.0,19,720,Kosullu
12.970878062714327,0,3.10047092138052,18,721,Kosullu
1.3455598917840372,0,0.0,18,722,Kosullu
5.967845427478112,0,0.0,19,723,Kosullu
2.369192197873833,0,6.774880011315986,19,724,Kosullu
9.760789437087983,0,0.0,18,725,Kosullu
4.5292948113346085,0,0.0,15,726,Kosullu
9.979480708110092,0,29.115827467220242,19,727,Kosullu
1.6221490872787956,0,1.6493517626128096,18,728,Kosullu
46.71310355591854,0,46.72978937083411,19,729,Kosullu
38.938421426126155,0,3.2820735201055413,18,730,Kosullu
1.8098246410084886,0,0.0,13,731,Kosullu
5.493094007294999,0,0.0,18,732,Kosullu
14.30704802154374,0,44.704338956488755,19,733,Kosullu
2.37352041626809,0,7.682443010699842,18,734,Kosullu
1.6087648605331146,0,25.935044444471544,20,735,Kosullu
0.7569041372169529,0,0.0,20,736,Kosullu
4.72055925009223,0,3.1282117547571033,19,737,Kosullu
36.04168226959912,0,14.464263462750466,20,738,Kosullu
1.2355040372818802,0,0.0,18,739,Kosullu
0.0,0,0.0,20,740,Kosullu
10.046406250296311,0,24.832249458196486,20,741,Kosullu
37.309834385537634,0,82.74139233250838,18,742,Kosullu
1.9121947144563645,0,0.0,17,743,Kosullu
6.493149433014335,0,0.0,19,744,Kosullu
2.8276900268798633,0,0.0,18,745,Kosullu
1.8660915163187322,0,0.0,17,746,Kosullu
2.5874761786938705,0,0.0,20,747,Kosullu
2.3751020969504113,0,0.0,17,748,Kosullu
2.08367117565114,0,0.0,20,749,Kosullu
3.3183082100807995,0,53.80818359659213,19,750,Kosullu
2.0429309219987783,0,0.0,14,751,Kosullu
9.90694477791258,0,9.182849793074126,19,752,Kosullu
3.3453542799817186,0,14.40353329774814,19,753,Kosullu
5.965253457304158,0,0.0,20,754,Kosullu
8.459813204061334,0,0.0,19,755,Kosullu
11.772979894221754,0,0.0,20,756,Kosullu
12.354932987584855,0,0.0,20,757,Kosullu
12.241121003695778,0,0.38196465015562353,17,758,Kosullu
4.3288848286468475,0,3.9719403701203646,18,759,Kosullu
2.0407166646393424,0,0.0,17,760,Kosullu
2.7112965261770494,0,4.769940937862316,18,761,Kosullu
5.09407217271999,0,0.0,16,762,Kosullu
19.69549796060188,0,30.394592196138433,19,763,Kosullu
3.0663686649148163,0,2.0904210785835176,20,764,Kosullu
11.093812597671922,0,7.728204149042767,18,765,Kosullu
18.96122330494472,0,25.698542278314278,18,766,Kosullu
0.7720468074441234,0,6.028571169588361,19,767,Kosullu
27.824805061515434,0,25.66864829722465,20,768,Kosullu
2.8378557013178027,0,21.13995946040268,19,769,Kosullu
1.1773401939381727,0,0.0,20,770,Kosullu
5.473198521427076,0,11.814832242360012,16,771,Kosullu
0.0,0,15.603680138444133,16,772,Kosullu
8.844222103406723,0,0.0,18,773,Kosullu
36.990180133584616,0,0.0,19,774,Kosullu
0.011596482660457418,0,0.0,18,775,Kosullu
3.670265604878983,0,9.289424294449361,18,776,Kosullu
31.941155135130444,0,59.32798811646302,18,777,Kosullu
19.70394961191836,0,36.89238427639964,20,778,Kosullu
2.304448243337825,0,0.0,17,779,Kosullu
36.95418976885471,0,24.615165787146452,19,780,Kosullu
1.741923917663083,0,0.0,15,781,Kosullu
6.611001092027358,0,0.0,18,782,Kosullu
0.8062248510626496,0,2.7107660669939833,20,783,Kosullu
0.5297113414143616,0,0.0,18,784,Kosullu
5.019438715002837,0,8.107002520168294,18,785,Kosullu
7.247072241836245,0,11.58876289610805,18,786,Kosullu
6.48446212661931,0,0.0,18,787,Kosullu
5.755578262784075,0,0.0,19,788,Kosullu
6.21702300947213,0,0.0,17,789,Kosullu
2.896274930372242,0,0.0,17,790,Kosullu
10.628442292134478,0,12.737141119212993,19,791,Kosullu
4.5919220727564625,0,30.36615072961962,18,792,Kosullu
2.5681579895855,0,1.7542345195962525,18,793,Kosullu
1.7593305813921172,0,61.41762123333501,17,794,Kosullu
2.135010980014824,0,0.0,19,795,Kosullu
3.2782491236756575,0,0.0,19,796,Kosullu
4.449009717795165,0,34.968572423293494,19,797,Kosullu
9.414970846284401,0,17.039569360467624,19,798,Kosullu
3.4532645733765643,0,0.0,15,799,Kosullu
5.709059696226512,0,0.0,19,800,Kosullu
16.416728361530215,0,0.0,19,801,Kosullu
11.097903740671091,0,0.0,17,802,Kosullu
6.761945498335911,0,8.677903574113145,19,803,Kosullu
8.443659621520613,0,0.0,19,804,Kosullu
31.416373916355223,0,46.277986288787474,20,805,Kosullu
1.6462861984435364,0,0.0,17,806,Kosullu
3.485298863958672,0,46.74070792755123,19,807,Kosullu
1.3792233145991983,0,0.0,18,808,Kosullu
12.009768128186897,0,7.425907864440205,19,809,Kosullu
7.331010865116794,0,0.0,19,810,Kosullu
1.3362819887096458,0,17.75675217754224,19,811,Kosullu
0.5741325164802102,0,1.5919388451519012,16,812,Kosullu
12.253149281767126,0,2.7820444818562464,20,813,Kosullu
10.622686554309626,0,1.6882093097102597,19,814,Kosullu
1.9833936050033563,0,0.0,18,815,Kosullu
3.2736427745387684,0,0.0,18,816,Kosullu
7.012416013310883,0,20.216635717412714,19,817,Kosullu
26.521337477320596,0,12.198794337102981,19,818,Kosullu
4.890781412952828,0,17.56451698176778,19,819,Kosullu
3.3138266638650196,0,8.61558839798056,19,820,Kosullu
6.067217547340285,0,7.092806106352725,18,821,Kosullu
15.38731833792526,0,9.416981802529165,19,822,Kosullu
1.2739927002532911,0,0.0,18,823,Kosullu
6.447247395352619,0,28.247711929760612,20,824,Kosullu
9.658297557749076,0,7.498851500253409,20,825,Kosullu
0.8349555497892772,0,4.5162638467931515,18,826,Kosullu
8.163369555418274,0,0.0,19,827,Kosullu
3.9625823549905164,0,2.680236178997177,18,828,Kosullu
1.0801086958162514,0,0.0,17,829,Kosullu
8.051049806040082,0,15.193057558389967,19,830,Kosullu
51.287381365236044,0,17.055697939381957,18,831,Kosullu
7.774797638982746,0,4.8204422667960785,19,832,Kosullu
19.694721786203726,0,0.0,19,833,Kosullu
6.842893159163833,0,15.764010528777362,19,834,Kosullu
9.974628451691924,0,7.921876216264138,18,835,Kosullu
39.189870762485064,0,0.0,19,836,Kosullu
1.2174316222492108,0,0.0,17,837,Kosullu
25.237269389166745,0,0.0,20,838,Kosullu
3.719694998204062,0,0.0,18,839,Kosullu
7.801984872601088,0,0.0,18,840,Kosullu
5.126050552425485,0,5.0,16,841,Kosullu
10.58109428283034,0,0.0,18,842,Kosullu
0.597499653629104,0,0.0,19,843,Kosullu
6.253188163478156,0,3.0968819558575547,18,844,Kosullu
9.332697181409817,0,0.0,20,845,Kosullu
12.45664634463046,0,35.79353841172059,18,846,Kosullu
4.755928552705107,0,0.0,19,847,Kosullu
2.8864761561893233,0,0.0,19,848,Kosullu
58.64570054294319,0,49.154992708870395,19,849,Kosullu
8.828755371994275,0,0.0,17,850,Kosullu
20.68843361948518,0,136.4875332156148,17,851,Kosullu
11.380906891728127,0,0.0,20,852,Kosullu
0.32213993727061907,0,0.0,19,853,Kosullu
4.629611377725925,0,14.579627526756951,19,854,Kosullu
4.041628615448096,0,45.42971472145007,15,855,Kosullu
8.09098756057349,0,0.0,17,856,Kosullu
0.5048797343729113,0,0.0,20,857,Kosullu
2.4721797500111444,0,14.287911859170038,18,858,Kosullu
14.856668650799568,0,33.96382513035968,19,859,Kosullu
4.1478158237811,0,0.0,18,860,Kosullu
4.0097889944877165,0,5.600331651624231,18,861,Kosullu
3.6558494376569346,0,0.0,19,862,Kosullu
12.86691213640945,0,1.7967467225926725,18,863,Kosullu
12.228021975163438,0,30.38331654667701,19,864,Kosullu
2.6361497711671453,0,0.0,17,865,Kosullu
2.197068913079291,0,0.0,19,866,Kosullu
6.342914476839242,0,0.0,18,867,Kosullu
4.810696098892166,0,0.0,16,868,Kosullu
3.6481085059632163,0,0.0,19,869,Kosullu
0.7489666747141073,0,0.0,17,870,Kosullu
5.103294647588212,0,39.884635267021906,20,871,Kosullu
0.9875243506196137,0,0.0,19,872,Kosullu
7.780965341515991,0,25.215527735108026,16,873,Kosullu
2.2457641074524446,0,0.0,17,874,Kosullu
7.630432718659123,0,29.326515664111355,19,875,Kosullu
10.689358876983261,0,69.24529197757727,19,876,Kosullu
1.6054311470874605,0,0.0,18,877,Kosullu
1.27626203169772,0,0.0,17,878,Kosullu
15.472470659845065,0,8.681862868906194,19,879,Kosullu
0.9395507029269318,0,0.0,17,880,Kosullu
0.9811921913987774,0,7.3864139250677,19,881,Kosullu
4.112610633419421,0,18.39944845306627,18,882,Kosullu
8.868830421283892,0,0.0,17,883,Kosullu
6.605881002956522,0,81.79578505574068,18,884,Kosullu
4.815705355815098,0,0.0,17,885,Kosullu
2.169369608108331,0,0.0,17,886,Kosullu
6.294298262765313,0,0.0,19,887,Kosullu
2.5155628469982254,0,0.0,19,888,Kosullu
8.9400207211239,0,0.0,18,889,Kosullu
7.813904939255788,0,33.394035279613774,20,890,Kosullu
1.5824778218986404,0,0.0,17,891,Kosullu
3.7002211305816566,0,0.0,19,892,Kosullu
8.99169530925679,0,0.0,16,893,Kosullu
2.0104476883652014,0,0.0,17,894,Kosullu
3.8748453982055575,0,2.631608429381572,19,895,Kosullu
41.25782993233241,0,42.80281453986112,17,896,Kosullu
4.895813943372764,0,69.08428032624101,20,897,Kosullu
7.567249159764038,0,13.5231303633974,18,898,Kosullu
6.969841014596582,0,5.101690808519834,17,899,Kosullu
24.562673577744526,0,32.83083121152589,18,900,Kosullu
14.670527136270284,0,15.91736298543799,19,901,Kosullu
11.47743268450611,0,12.36054930987865,20,902,Kosullu
1.996331208565566,0,0.0,18,903,Kosullu
1.252273357303566,0,0.0,18,904,Kosullu
11.361212698087375,0,10.047897917539387,19,905,Kosullu
13.152208125997982,0,14.386239644640511,19,906,Kosullu
18.0771203202446,0,0.0,17,907,Kosullu
6.348073316479686,0,15.015220760239458,18,908,Kosullu
9.74570797974095,0,0.0,18,909,Kosullu
21.70224410248491,0,28.792882207138746,19,910,Kosullu
13.608925601969027,0,14.870747155591005,18,911,Kosullu
0.0,0,0.0,17,912,Kosullu
15.619883055373652,0,50.257474829844455,15,913,Kosullu
2.900873554802931,0,0.0,19,914,Kosullu
11.604882990413657,0,9.096816016474065,19,915,Kosullu
8.223661370094048,0,12.737340556956212,19,916,Kosullu
1.2471235099188012,0,0.0,19,917,Kosullu
11.778481024351112,0,0.0,19,918,Kosullu
1.680268258916974,0,0.0,18,919,Kosullu
5.978273146867799,0,0.3123102491010741,19,920,Kosullu
1.6713082527235679,0,0.0,17,921,Kosullu
1.462331294431946,0,1.3744535337057755,19,922,Kosullu
1.2873260308806407,0,0.0,19,923,Kosullu
26.22169212440354,0,14.707000170658603,17,924,Kosullu
29.090597580608943,0,22.153716675503233,19,925,Kosullu
11.210167719175526,0,2.9179569693937424,18,926,Kosullu
6.313981850800969,0,5.383772859786973,19,927,Kosullu
2.935980381454326,0,0.0,18,928,Kosullu
6.334607159963557,0,0.0,16,929,Kosullu
16.539904690235556,0,8.235309153658648,19,930,Kosullu
7.408401916381462,0,58.05369266648455,17,931,Kosullu
2.0384363913160843,0,0.0,17,932,Kosullu
16.778899877634345,0,4.5739510883981325,20,933,Kosullu
16.779632372328177,0,48.680908712279575,18,934,Kosullu
5.13639777084016,0,0.0,20,935,Kosullu
7.146285613139348,0,1.270396860563153,19,936,Kosullu
1.6695066641337282,0,0.0,17,937,Kosullu
12.31855405333387,0,0.0,20,938,Kosullu
1.9361262184493924,0,5.360948919015016,20,939,Kosullu
3.99056429397813,0,0.0,13,940,Kosullu
16.075445486726544,0,35.52665960722061,19,941,Kosullu
5.281098328597135,0,0.0,16,942,Kosullu
12.120268045553644,0,0.0,20,943,Kosullu
25.145848841601918,0,32.04026754770598,20,944,Kosullu
19.656129746330482,0,0.0,17,945,Kosullu
3.5731776033886895,0,0.0,19,946,Kosullu
5.889902381420743,0,8.63010181995378,17,947,Kosullu
3.7916777401936304,0,0.0,18,948,Kosullu
5.2550652761310275,0,36.69604605352407,19,949,Kosullu
4.728483511772684,0,0.0,18,950,Kosullu
0.8930127682470546,0,0.0,15,951,Kosullu
4.398680527554601,0,3.2691416722271924,19,952,Kosullu
8.538782551804669,0,11.994000607977455,18,953,Kosullu
16.807603020105965,0,0.0,18,954,Kosullu
4.298668956600491,0,0.0,16,955,Kosullu
32.82873441770507,0,39.36707387762863,19,956,Kosullu
5.402464009039524,0,0.0,18,957,Kosullu
6.530167077580378,0,0.0,18,958,Kosullu
0.7728589751544114,0,0.0,17,959,Kosullu
24.433938487921715,0,38.895097971120606,20,960,Kosullu
20.630676107956326,0,17.657117744780976,20,961,Kosullu
1.5954134526611474,0,0.0,18,962,Kosullu
15.04790794795646,0,0.0,17,963,Kosullu
2.2022444469876823,0,0.0,18,964,Kosullu
3.079136045190834,0,10.816062781417259,19,965,Kosullu
5.856185591025902,0,28.018348099438754,18,966,Kosullu
11.973157374682971,0,0.0,19,967,Kosullu
0.5660009150557018,0,0.0,17,968,Kosullu
6.128185958536418,0,45.43430917487797,19,969,Kosullu
3.0347782632764257,0,0.1243433553109412,19,970,Kosullu
12.273941777227218,0,0.0,17,971,Kosullu
1.0076688700155614,0,9.347527649004917,15,972,Kosullu
8.794257464673901,0,0.0,19,973,Kosullu
4.434870265607778,0,30.95658393838994,19,974,Kosullu
2.2562960809150345,0,13.920578974340287,19,975,Kosullu
4.68260466684683,0,22.292139866720902,19,976,Kosullu
2.999804919051712,0,0.0,19,977,Kosullu
4.820999490534168,0,0.0,20,978,Kosullu
9.93222856327249,0,0.0,20,979,Kosullu
0.4588224385712343,0,0.0,18,980,Kosullu
0.8475009394162768,0,13.142483038439025,20,981,Kosullu
9.461853557586037,0,13.999345313356628,18,982,Kosullu
15.641287867981577,0,21.110424944716442,18,983,Kosullu
0.5852967153845112,0,0.0,19,984,Kosullu
16.07385561585555,0,0.0,16,985,Kosullu
0.682704457916923,0,0.0,17,986,Kosullu
14.843058271008191,0,0.0,19,987,Kosullu
5.818875275036641,0,0.0,19,988,Kosullu
0.1810879698592733,0,0.0,15,989,Kosullu
12.716805292882682,0,6.322573130531794,17,990,Kosullu
2.879633309583804,0,11.328753594850639,19,991,Kosullu
14.958945849539877,0,10.684679141292804,18,992,Kosullu
1.3932357262980648,0,10.076923573743386,18,993,Kosullu
12.663871599873522,0,55.832491704646884,19,994,Kosullu
2.7994864568866036,0,4.866726071069991,19,995,Kosullu
15.346789200140305,0,18.04197799178337,17,996,Kosullu
2.037763902517375,0,6.840881480310998,19,997,Kosullu
29.678650483909273,0,40.80925859751824,18,998,Kosullu
7.892538617268751,0,0.0,17,999,Kosullu
14.653036557621483,0,11.414489103371181,18,1000,Kosullu
8.84160700389663,0,8.838717208766639,19,1001,Kosullu
11.941357685003156,0,0.0,19,1002,Kosullu
9.61508911220843,0,46.34494901773758,19,1003,Kosullu
0.468404714282801,0,0.0,18,1004,Kosullu
1.420362759987233,0,0.0,16,1005,Kosullu
20.626746432093174,0,16.74122906427965,19,1006,Kosullu
5.104399858157137,0,1.0237433429080625,17,1007,Kosullu
3.684575958873505,0,15.084955679067434,15,1008,Kosullu
6.335929809575481,0,6.585317431434248,19,1009,Kosullu
27.98400496270952,0,16.282205046213505,19,1010,Kosullu
11.358567283220825,0,15.371660148332978,20,1011,Kosullu
5.913556879857588,0,17.41943986655093,19,1012,Kosullu
2.3605072782894125,0,3.061552837279635,20,1013,Kosullu
4.4048996253594135,0,11.809083236925574,17,1014,Kosullu
9.677693060982913,0,0.0,18,1015,Kosullu
0.05263157894736842,0,0.0,19,1016,Kosullu
3.313541870677472,0,0.0,18,1017,Kosullu
1.7773585583386837,0,0.0,19,1018,Kosullu
10.99086420489877,0,11.35940651759563,19,1019,Kosullu
3.318001021893728,0,0.0,19,1020,Kosullu
1.725776755401475,0,0.0,16,1021,Kosullu
24.660508453890934,0,51.30438032713124,20,1022,Kosullu
2.0709665179947,0,0.0,19,1023,Kosullu
3.0617810737200437,0,1.2265148500683836,19,1024,Kosullu
2.2685348560472667,0,0.0,17,1025,Kosullu
8.318234221268472,0,1.0981614295131976,20,1026,Kosullu
9.56907206563164,0,20.077431405116272,20,1027,Kosullu
2.1018135945517202,0,0.0,19,1028,Kosullu
10.060597218234022,0,0.0,17,1029,Kosullu
4.753194378803617,0,47.99391199343779,18,1030,Kosullu
1.8689651346637166,0,0.0,14,1031,Kosullu
11.983230503183181,0,2.1122630137866736,18,1032,Kosullu
3.0990623570424773,0,0.0,18,1033,Kosullu
0.8669900870120935,0,0.0,19,1034,Kosullu
1.9164952318419197,0,0.0,20,1035,Kosullu
25.266479307184277,0,31.90329200088297,20,1036,Kosullu
6.563785565412029,0,0.0,16,1037,Kosullu
1.8997609286121497,0,6.707112708526893,17,1038,Kosullu
14.22900262671701,0,2.8400255707446718,19,1039,Kosullu
10.70945868778944,0,0.0,18,1040,Kosullu
8.316440491822215,0,20.485706938074884,16,1041,Kosullu
5.08510509281082,0,3.9516332090004767,19,1042,Kosullu
6.991431553902185,0,0.0,19,1043,Kosullu
17.788511654249,0,0.0,19,1044,Kosullu
1.7727086543982689,0,0.0,17,1045,Kosullu
6.121263708967682,0,30.059176760752337,19,1046,Kosullu
1.3284200388059044,0,1.4412170682946908,18,1047,Kosullu
0.11559491088824145,0,0.0,17,1048,Kosullu
7.290019423033432,0,0.0,18,1049,Kosullu
6.505339871473406,0,0.0,16,1050,Kosullu
14.060572067469808,0,11.276369305184403,19,1051,Kosullu
5.592940146406659,0,0.0,19,1052,Kosullu
3.9177984718746606,0,0.0,19,1053,Kosullu
10.453709024686693,0,9.993224732847693,19,1054,Kosullu
10.140783294522972,0,0.0,19,1055,Kosullu
11.807501015479023,0,27.752392217205113,20,1056,Kosullu
1.4176169956210725,0,5.979484705158768,16,1057,Kosullu
4.77993105885178,0,0.0,19,1058,Kosullu
5.744980020529911,0,0.6678036600589508,19,1059,Kosullu
3.621162970914925,0,0.0,19,1060,Kosullu
9.925223912983563,0,10.350633971587513,17,1061,Kosullu
4.07444284103027,0,0.0,18,1062,Kosullu
1.964499374112111,0,0.0,16,1063,Kosullu
0.000803494186962597,0,0.0,18,1064,Kosullu
8.883799543702269,0,8.956883523495492,17,1065,Kosullu
9.453700345321186,0,0.0,19,1066,Kosullu
17.78015750096884,0,36.967054173692475,17,1067,Kosullu
6.618116280171014,0,0.0,19,1068,Kosullu
14.078446235720707,0,0.0,19,1069,Kosullu
10.118845916272226,0,18.54617714209479,20,1070,Kosullu
10.168781567030813,0,23.249695559363488,18,1071,Kosullu
5.302134067442563,0,0.0,17,1072,Kosullu
4.9844273236326035,0,51.512615290851954,18,1073,Kosullu
12.075704409497735,0,0.0,17,1074,Kosullu
7.198655645636427,0,8.891367331706817,20,1075,Kosullu
2.2194437792884156,0,0.0,18,1076,Kosullu
1.2909392064175371,0,1.8446295126612995,16,1077,Kosullu
12.52606368794806,0,24.688620527031844,18,1078,Kosullu
2.5590505906821175,0,0.0,18,1079,Kosullu
14.976651819437938,0,56.78731733573619,19,1080,Kosullu
14.749442973694684,0,5.0020837281219315,17,1081,Kosullu
28.847408355263546,0,80.42652790302367,18,1082,Kosullu
4.619221303995147,0,28.125601766572856,20,1083,Kosullu
3.1013066064325367,0,0.0,19,1084,Kosullu
2.120104697599634,0,0.0,17,1085,Kosullu
1.8703776942994697,0,0.18528930399577348,19,1086,Kosullu
33.04011424120934,0,71.76616239160694,20,1087,Kosullu
32.7058202369457,0,11.17344933782607,18,1088,Kosullu
2.17124030294869,0,0.0,20,1089,Kosullu
19.133505803318023,0,0.0,17,1090,Kosullu
11.644219981625133,0,0.0,19,1091,Kosullu
0.6996727139680362,0,0.0,17,1092,Kosullu
1.3748345476082438,0,0.0,19,1093,Kosullu
3.0025166684518063,0,8.767681167395153,20,1094,Kosullu
11.180167196705899,0,0.0,18,1095,Kosullu
13.445439167136199,0,31.6048951587685,18,1096,Kosullu
3.1127304050726248,0,18.155952250715472,19,1097,Kosullu
2.192241205834576,0,0.09347513662174833,17,1098,Kosullu
1.2260031688162694,0,0.09606957421925699,18,1099,Kosullu
3.9658104550503896,0,0.0,17,1100,Kosullu
5.9166793000319124,0,0.0,19,1101,Kosullu
51.422690257318266,0,17.08865165872453,17,1102,Kosullu
8.092270971811397,0,0.0,16,1103,Kosullu
1.7744093179730314,0,0.0,16,1104,Kosullu
4.578727397344066,0,0.0,17,1105,Kosullu
8.894008040420143,0,0.0,17,1106,Kosullu
1.3586959401521477,0,3.9710689063915083,20,1107,Kosullu
9.175263436132518,0,0.0,16,1108,Kosullu
9.160795321354488,0,23.22222193734609,17,1109,Kosullu
1.1565258480774123,0,0.0,18,1110,Kosullu
10.105436687499578,0,2.300757636836863,19,1111,Kosullu
9.234221033185158,0,17.590290843569505,20,1112,Kosullu
0.3849888537677991,0,1.192998319095068,17,1113,Kosullu
1.5496697911144703,0,0.0,17,1114,Kosullu
3.404741091637959,0,8.955353043561843,20,1115,Kosullu
13.194924824710105,0,0.0,17,1116,Kosullu
2.331488601823431,0,53.849711777690686,15,1117,Kosullu
12.421264122369308,0,21.428578124360286,19,1118,Kosullu
3.7700708316835687,0,0.0,19,1119,Kosullu
2.6585041761468315,0,0.0,18,1120,Kosullu
1.1293082224501079,0,0.0,19,1121,Kosullu
6.142256881258809,0,29.140615018865958,17,1122,Kosullu
7.210984712024482,0,0.0,18,1123,Kosullu
2.3781949436030803,0,0.0,18,1124,Kosullu
22.958705861925562,0,14.771285694244057,18,1125,Kosullu
0.38157183058431215,0,10.906069742033822,17,1126,Kosullu
5.524804494109119,0,0.0,18,1127,Kosullu
0.5970408325838004,0,0.0,18,1128,Kosullu
3.1477542380462413,0,0.0,18,1129,Kosullu
10.819039095137109,0,11.896364113941104,18,1130,Kosullu
21.963774002228224,0,0.0,17,1131,Kosullu
5.0346284150979885,0,21.849087762621934,18,1132,Kosullu
0.539542124795295,0,0.0,16,1133,Kosullu
0.7273900405996522,0,0.0,18,1134,Kosullu
1.1655174757895312,0,0.0,18,1135,Kosullu
72.07680511732157,0,135.38052478430728,17,1136,Kosullu
4.979374996456507,0,0.0,19,1137,Kosullu
0.7982223792698715,0,8.357525669687902,16,1138,Kosullu
9.550862641493381,0,12.069215053055018,20,1139,Kosullu
1.8143629496756948,0,3.336946955899066,17,1140,Kosullu
4.482303259086889,0,0.0,20,1141,Kosullu
22.05643740955763,0,72.09521082823142,18,1142,Kosullu
0.3379301953871874,0,0.0,16,1143,Kosullu
11.86335724032873,0,0.0,15,1144,Kosullu
5.862478547349205,0,0.8257750621330615,19,1145,Kosullu
5.1766566284389715,0,7.056250082966358,16,1146,Kosullu
8.905758317425356,0,0.0,19,1147,Kosullu
1.2198634389060863,0,59.87216860123203,19,1148,Kosullu
19.706686939417033,0,11.245276752383404,18,1149,Kosullu
2.822342705980346,0,38.75639741623678,16,1150,Kosullu
0.5855734456129257,0,0.0,19,1151,Kosullu
19.024231608261843,0,45.85350887529779,19,1152,Kosullu
12.280105298765609,0,6.403335757273339,20,1153,Kosullu
3.2943966809775738,0,0.0,17,1154,Kosullu
21.540854211960728,0,18.001490500452064,19,1155,Kosullu
1.0601367884564505,0,0.0,17,1156,Kosullu
0.9113960117881647,0,0.0,19,1157,Kosullu
0.37397735167450263,0,4.503254168990168,18,1158,Kosullu
7.034911734480815,0,7.895278044431393,18,1159,Kosullu
2.71765158938207,0,13.152029748942482,18,1160,Kosullu
28.425086816659437,0,53.521703800851185,19,1161,Kosullu
40.89313837576206,0,55.61488779110584,19,1162,Kosullu
4.607634211320099,0,6.774809330557673,19,1163,Kosullu
11.850114633726555,0,0.0,18,1164,Kosullu
83.59666111111471,0,94.0842985715218,19,1165,Kosullu
17.13048191520522,0,3.02963148221761,18,1166,Kosullu
12.072197759365999,0,47.65007058714127,19,1167,Kosullu
3.822223903259487,0,18.276726655544735,20,1168,Kosullu
2.385818670662321,0,4.042037069446735,17,1169,Kosullu
2.318680615858151,0,10.904041170800156,20,1170,Kosullu
5.083362839274582,0,0.0,16,1171,Kosullu
9.997594726101351,0,8.221258208966276,16,1172,Kosullu
7.717606300934278,0,2.943158585170636,20,1173,Kosullu
7.503308381203357,0,0.0,18,1174,Kosullu
8.669728169276436,0,35.41408165472154,20,1175,Kosullu
2.793826833067434,0,0.0,19,1176,Kosullu
8.106154506436354,0,38.835629309823105,19,1177,Kosullu
0.5141191741129564,0,0.0,19,1178,Kosullu
9.478394457952186,0,21.445649140736634,18,1179,Kosullu
1.3098648902755414,0,0.0,15,1180,Kosullu
0.5720438622096317,0,0.0,18,1181,Kosullu
18.450638638234192,0,52.78360990803452,18,1182,Kosullu
20.363065993856132,0,0.0,19,1183,Kosullu
1.1499457764227663,0,0.0,19,1184,Kosullu
13.076467332852681,0,0.0,19,1185,Kosullu
9.281950613529194,0,0.0,18,1186,Kosullu
13.241521380077751,0,0.0,19,1187,Kosullu
7.486427926201133,0,8.144579115911085,18,1188,Kosullu
3.1747445269188894,0,0.0,17,1189,Kosullu
21.402357436821056,0,108.38404838008694,18,1190,Kosullu
1.8537437654818218,0,0.0,19,1191,Kosullu
8.681811650130385,0,31.64826418378243,18,1192,Kosullu
3.5528534937340326,0,19.077431068429178,17,1193,Kosullu
0.6778835164157108,0,18.147546979434765,19,1194,Kosullu
8.21143216632299,0,0.0,19,1195,Kosullu
6.0511144518771856,0,27.5651020373665,19,1196,Kosullu
3.703698741478394,0,4.775717922222157,17,1197,Kosullu
18.736857782565593,0,91.74144518550742,17,1198,Kosullu
0.8181086635658621,0,25.544905736424198,19,1199,Kosullu
7.081161381929606,0,0.0,19,1200,Kosullu
10.136777444817602,0,1.2131201175427009,18,1201,Kosullu
3.0920124781544818,0,0.0,18,1202,Kosullu
2.4834199833799566,0,3.1587460835370393,19,1203,Kosullu
2.0320148868103804,0,6.799150608338721,17,1204,Kosullu
31.6688280933504,0,0.0,18,1205,Kosullu
21.181750924385362,0,31.975180091940615,19,1206,Kosullu
5.592492679929989,0,0.0,18,1207,Kosullu
7.581077054518671,0,0.0,20,1208,Kosullu
3.7215160090004593,0,7.335879375163529,18,1209,Kosullu
5.258760159979926,0,4.863959304735886,19,1210,Kosullu
9.407649645778502,0,32.25082543037996,19,1211,Kosullu
0.5557668018216172,0,0.0,17,1212,Kosullu
55.92151961975341,0,35.604684272118675,18,1213,Kosullu
13.66626388252436,0,7.996093862157295,19,1214,Kosullu
19.262949834527905,0,9.972239097501586,20,1215,Kosullu
2.212368343081762,0,0.0,18,1216,Kosullu
4.527834562818006,0,16.925850565774056,20,1217,Kosullu
36.1518610853617,0,54.95502952877206,20,1218,Kosullu
4.234101008086196,0,0.0,19,1219,Kosullu
9.486911202883741,0,17.06288203228445,19,1220,Kosullu
0.2899849596328651,0,0.0,18,1221,Kosullu
1.1150023177500565,0,0.0,18,1222,Kosullu
3.995479710232035,0,0.0,19,1223,Kosullu
2.1831147061778884,0,0.0,18,1224,Kosullu
6.226979347732827,0,3.9403443341830098,19,1225,Kosullu
12.70723847410226,0,0.0,18,1226,Kosullu
12.414758285780952,0,0.0,19,1227,Kosullu
2.4564105710967503,0,9.216409725887615,19,1228,Kosullu
10.490535756984656,0,0.0,18,1229,Kosullu
7.6092917782951615,0,37.98449802475278,19,1230,Kosullu
4.250854872596394,0,0.0,17,1231,Kosullu
34.543741415667036,0,37.412015305763134,20,1232,Kosullu
6.109572015199194,0,10.579580596830397,18,1233,Kosullu
22.180819335496352,0,107.4973523917871,19,1234,Kosullu
9.701905656323191,0,24.195178311412917,20,1235,Kosullu
3.8545933932851786,0,0.0,19,1236,Kosullu
9.208270108093798,0,0.0,17,1237,Kosullu
1.5312697593275886,0,0.0,18,1238,Kosullu
7.340838061045637,0,4.7472092958706185,18,1239,Kosullu
1.7848638347684518,0,4.861694190764695,20,1240,Kosullu
3.65649472813745,0,0.0,18,1241,Kosullu
1.4463491699946776,0,0.0,17,1242,Kosullu
4.501316416640912,0,0.0,15,1243,Kosullu
0.9414149078896074,0,18.523845224022125,19,1244,Kosullu
7.890176098473773,0,6.028602242778106,19,1245,Kosullu
35.67537425931296,0,25.762695116786233,17,1246,Kosullu
0.7428811374250286,0,0.0,18,1247,Kosullu
0.20103238648743782,0,0.0,19,1248,Kosullu
10.61215248353976,0,10.167482311525589,17,1249,Kosullu
10.032596795018318,0,11.45447456613698,20,1250,Kosullu
2.1079161518971588,0,0.0,20,1251,Kosullu
16.896686289447523,0,28.232258988266835,20,1252,Kosullu
1.3024274040961814,0,0.0,20,1253,Kosullu
2.759073157507135,0,1.2189588472975856,17,1254,Kosullu
0.5986495866381887,0,0.0,18,1255,Kosullu
7.231776105238756,0,36.87868454407686,20,1256,Kosullu
12.551836469091388,0,71.6647896061449,20,1257,Kosullu
47.71118420630613,0,40.490062097513146,19,1258,Kosullu
4.729798379973917,0,23.800820837919048,17,1259,Kosullu
5.261962901562966,0,61.02708643580348,17,1260,Kosullu
11.75095247502333,0,0.0,19,1261,Kosullu
25.608658770253584,0,88.35406348485498,20,1262,Kosullu
25.974212771066874,0,0.0,20,1263,Kosullu
1.9420400749332403,0,0.0,18,1264,Kosullu
2.1161620860397,0,0.0,20,1265,Kosullu
2.1768402738019406,0,8.036250455902405,17,1266,Kosullu
1.720744332489059,0,16.32116939607414,19,1267,Kosullu
1.440419760636658,0,0.0,18,1268,Kosullu
1.4574729981117132,0,0.0,18,1269,Kosullu
1.5190940866267988,0,0.0,17,1270,Kosullu
6.7573618799860755,0,7.777929387046299,20,1271,Kosullu
1.9351848608486586,0,0.0,18,1272,Kosullu
2.467917082803613,0,0.0,17,1273,Kosullu
17.708588536220216,0,0.0,18,1274,Kosullu
5.6591378659328315,0,27.18074406129864,16,1275,Kosullu
1.9388607500672606,0,5.0,17,1276,Kosullu
1.9706492732205074,0,20.583940189548287,20,1277,Kosullu
5.161577514816806,0,3.2840525628029695,18,1278,Kosullu
6.706767520060175,0,0.0,19,1279,Kosullu
7.178740475835227,0,0.0,18,1280,Kosullu
22.984711101204063,0,0.0,20,1281,Kosullu
1.4650379021274904,0,0.0,19,1282,Kosullu
1.4086941393714483,0,9.336600613048915,17,1283,Kosullu
52.53353065275756,0,37.196897372613364,20,1284,Kosullu
3.6394387531501993,0,0.0,17,1285,Kosullu
2.7589988617156296,0,3.6760800221924796,19,1286,Kosullu
0.27035657197492213,0,26.374147770287664,16,1287,Kosullu
33.631156506324764,0,37.91200794213239,20,1288,Kosullu
2.1896403072986006,0,0.0,15,1289,Kosullu
2.9015950026274617,0,0.0,19,1290,Kosullu
1.2708599585622462,0,0.0,19,1291,Kosullu
9.970554726952487,0,0.0,18,1292,Kosullu
4.93961282952676,0,28.894570976555826,18,1293,Kosullu
15.74638864144994,0,34.52110609980042,20,1294,Kosullu
2.425910259115595,0,9.455872343396209,20,1295,Kosullu
5.356877695803789,0,2.163164958396294,20,1296,Kosullu
12.240795167615877,0,40.60070524770106,19,1297,Kosullu
10.396410040586954,0,27.703702695277457,20,1298,Kosullu
5.7812498765674265,0,3.4157109987903027,20,1299,Kosullu
4.865948676027595,0,0.0,19,1300,Kosullu
2.1518500865730914,0,0.0,18,1301,Kosullu
17.19694680714001,0,0.0,18,1302,Kosullu
5.625131430607523,0,0.0,20,1303,Kosullu
53.885231274461454,0,18.54500204773268,15,1304,Kosullu
1.341759317392105,0,0.0,18,1305,Kosullu
5.824087955382813,0,21.998302440820964,20,1306,Kosullu
15.733364259814453,0,0.0,18,1307,Kosullu
1.0962801499810395,0,0.0,19,1308,Kosullu
12.857676740294668,0,0.0,19,1309,Kosullu
8.186895911695794,0,0.0,15,1310,Kosullu
6.372751153009855,0,0.0,15,1311,Kosullu
26.330580308629738,0,40.4760387683736,20,1312,Kosullu
20.804775883615637,0,0.0,14,1313,Kosullu
0.987495046066912,0,0.0,18,1314,Kosullu
3.80180561460497,0,4.617003023082987,18,1315,Kosullu
7.6550247890194,0,0.0,19,1316,Kosullu
10.346289317245994,0,2.7009185754589566,19,1317,Kosullu
1.011345198526558,0,0.0,17,1318,Kosullu
9.455619963233747,0,11.602661448702406,19,1319,Kosullu
8.771021216390166,0,10.025319640384453,18,1320,Kosullu
6.178345912268764,0,0.0,18,1321,Kosullu
5.955227449259412,0,0.0,17,1322,Kosullu
36.899407412828864,0,0.0,19,1323,Kosullu
7.648525606318788,0,9.11578838147932,16,1324,Kosullu
10.144470845744781,0,0.0,18,1325,Kosullu
1.355583294298114,0,0.0,18,1326,Kosullu
6.514704947760348,0,10.418577105036661,20,1327,Kosullu
16.59490359946148,0,32.70300718191049,20,1328,Kosullu
2.3214154189596954,0,0.0,18,1329,Kosullu
8.451942337954398,0,0.0,20,1330,Kosullu
4.908465571835469,0,13.791591832973438,20,1331,Kosullu
10.675174583984232,0,26.666144460975715,19,1332,Kosullu
6.229838376038408,0,0.9958665867287095,17,1333,Kosullu
16.102579385508562,0,31.068914505188218,20,1334,Kosullu
2.6448517985718434,0,16.696892131347624,20,1335,Kosullu
1.1417594729790697,0,2.099592564736156,19,1336,Kosullu
8.692523708979643,0,15.421656369061395,17,1337,Kosullu
2.9344674992002666,0,0.018161653172683145,16,1338,Kosullu
9.150873905987584,0,0.0,20,1339,Kosullu
58.571907731038046,0,38.0016965594221,18,1340,Kosullu
30.556407451148328,0,52.137970038998105,18,1341,Kosullu
12.188895866264579,0,76.6024121578888,17,1342,Kosullu
9.922496086300297,0,37.28510234676787,19,1343,Kosullu
9.807162518082711,0,0.0,18,1344,Kosullu
13.606609682815993,0,0.0,17,1345,Kosullu
4.739183306270452,0,30.45602514734685,18,1346,Kosullu
19.11930712123167,0,9.766402355670834,18,1347,Kosullu
8.654106079316547,0,57.499595735117225,17,1348,Kosullu
11.006749585567709,0,19.239244710885828,18,1349,Kosullu
1.5986792262684035,0,2.634959845550668,19,1350,Kosullu
13.09293642165756,0,13.4803479416355,19,1351,Kosullu
2.2139264883676883,0,0.0,17,1352,Kosullu
10.29203528065498,0,0.0,16,1353,Kosullu
8.52187836954076,0,0.0,19,1354,Kosullu
4.937027894504757,0,22.017037854188516,18,1355,Kosullu
7.0027006028449,0,12.667943574854121,18,1356,Kosullu
1.0899957791490336,0,9.389696754226065,18,1357,Kosullu
2.174002357717477,0,0.0,19,1358,Kosullu
2.340120109662753,0,0.0,18,1359,Kosullu
2.236223401448291,0,0.0,19,1360,Kosullu
0.78177095195284,0,0.0,18,1361,Kosullu
1.980961642874833,0,0.0,19,1362,Kosullu
29.504109002564416,0,2.533912304942703,20,1363,Kosullu
101.43908544954033,0,65.38976782776797,20,1364,Kosullu
6.033274598293642,0,19.145745196685766,19,1365,Kosullu
3.8718638480908845,0,0.0,19,1366,Kosullu
2.6766019598561903,0,0.0,20,1367,Kosullu
5.129336647137343,0,29.649864208478334,19,1368,Kosullu
10.572062944381114,0,75.64057038530143,20,1369,Kosullu
0.7761151262491484,0,0.0,18,1370,Kosullu
9.422972815713162,0,0.0,20,1371,Kosullu
51.02064154148613,0,39.740998722948575,18,1372,Kosullu
9.975843661182841,0,55.70832967314766,19,1373,Kosullu
1.8673191840608723,0,6.281283643603842,17,1374,Kosullu
9.992504940535099,0,8.510901041977718,20,1375,Kosullu
5.09408168767988,0,9.202951587258099,16,1376,Kosullu
2.425727656214583,0,0.5722850375227608,19,1377,Kosullu
2.682721955036733,0,0.06865537706784153,16,1378,Kosullu
11.745296944898518,0,18.988559029822,19,1379,Kosullu
8.991398836523372,0,28.906747434506144,20,1380,Kosullu
11.036917043390572,0,4.202067505731179,18,1381,Kosullu
4.0874086141061605,0,3.8226204286893903,17,1382,Kosullu
10.317867119738676,0,36.115723579311236,16,1383,Kosullu
8.985343387407253,0,0.0,17,1384,Kosullu
9.654588437650707,0,0.0,20,1385,Kosullu
0.376332002199389,0,0.0,18,1386,Kosullu
15.013704102280833,0,4.235236008315383,17,1387,Kosullu
2.8670754476199565,0,0.0,19,1388,Kosullu
7.290948677486057,0,21.285436019238944,20,1389,Kosullu
6.40871309158304,0,25.222652677866677,20,1390,Kosullu
9.973204275650094,0,11.604232327201487,17,1391,Kosullu
2.1679424217180814,0,13.146640052946736,17,1392,Kosullu
0.7953462355796821,0,0.0,19,1393,Kosullu
2.2769392412063714,0,1.5367869924646698,17,1394,Kosullu
4.5501906063440725,0,4.4117538347595655,20,1395,Kosullu
6.098439611180445,0,0.0,17,1396,Kosullu
2.9821632743684354,0,3.076186519867349,18,1397,Kosullu
6.4994139303509035,0,0.0,19,1398,Kosullu
6.267190489104528,0,0.0,19,1399,Kosullu
2.2057492252802486,0,0.0,19,1400,Kosullu
6.226268788545531,0,0.0,19,1401,Kosullu
1.0942554092104526,0,36.0802503995622,16,1402,Kosullu
11.671340801973445,0,29.254965085071206,19,1403,Kosullu
1.1182800482657367,0,0.0,19,1404,Kosullu
1.969407771446339,0,11.257323746068437,20,1405,Kosullu
9.447973594653188,0,0.0,16,1406,Kosullu
25.042778535377106,0,104.79538717505443,19,1407,Kosullu
5.932539682217268,0,31.030131473002598,19,1408,Kosullu
10.47414328488503,0,6.157631254127693,20,1409,Kosullu
50.41802381986501,0,29.07878575091388,20,1410,Kosullu
65.12987998523758,0,110.84773165245855,18,1411,Kosullu
11.40254794870646,0,0.0,18,1412,Kosullu
8.513938000883062,0,0.0,18,1413,Kosullu
6.430376098782449,0,8.579369219153762,19,1414,Kosullu
35.77001664302598,0,6.5760004517728134,18,1415,Kosullu
3.3106109965007677,0,1.7761691702025928,19,1416,Kosullu
9.229798588760548,0,9.901849694982957,17,1417,Kosullu
0.4726296741502452,0,0.0,20,1418,Kosullu
8.234786307289683,0,0.0,17,1419,Kosullu
0.9707609276776672,0,2.1279517704805926,15,1420,Kosullu
7.4040988499160685,0,0.0,17,1421,Kosullu
2.4210645965876045,0,0.0,18,1422,Kosullu
17.17957523903246,0,34.89419665122335,19,1423,Kosullu
7.427121562821291,0,7.765790428026662,17,1424,Kosullu
14.577081595444334,0,57.31132153899199,18,1425,Kosullu
11.965875655962819,0,0.0,19,1426,Kosullu
13.726193260608047,0,69.13888788633255,18,1427,Kosullu
4.987953915018939,0,0.0,18,1428,Kosullu
4.019801143160857,0,0.0,20,1429,Kosullu
2.5853096605962986,0,0.0,19,1430,Kosullu
9.522573233387584,0,31.950937710679057,20,1431,Kosullu
22.284134750268844,0,0.0,19,1432,Kosullu
2.9595915331652276,0,0.0,17,1433,Kosullu
4.836231053537985,0,0.0,17,1434,Kosullu
2.4805907930453106,0,0.0,18,1435,Kosullu
0.76904212520415,0,0.0,17,1436,Kosullu
28.206482427694947,0,31.75156817650145,20,1437,Kosullu
0.45663512394312655,0,8.20292276004244,17,1438,Kosullu
2.983074852604377,0,18.2751500543186,20,1439,Kosullu
2.719564710471172,0,15.422401124911232,19,1440,Kosullu
1.043337798979793,0,0.7416285780656153,20,1441,Kosullu
3.0337609396473346,0,2.8978848572473908,18,1442,Kosullu
3.955329053841718,0,0.0,17,1443,Kosullu
5.18400069740193,0,7.616793752298975,17,1444,Kosullu
9.637736241635814,0,3.232559575256232,18,1445,Kosullu
10.082885939910172,0,0.0,20,1446,Kosullu
22.474018191943863,0,96.10477308889631,19,1447,Kosullu
4.2592737296698715,0,0.0,19,1448,Kosullu
2.49295593289713,0,0.0,18,1449,Kosullu
5.025720101351802,0,23.512620273211496,17,1450,Kosullu
8.250077386396713,0,8.213295037792022,17,1451,Kosullu
6.1093375561421235,0,0.0,18,1452,Kosullu
11.943513740123963,0,47.625127987462974,17,1453,Kosullu
7.905882194883113,0,0.0,17,1454,Kosullu
6.607103051805311,0,0.0,20,1455,Kosullu
3.4364824925168356,0,0.0,17,1456,Kosullu
5.9218620912727165,0,53.081159695585484,16,1457,Kosullu
2.9821383722321118,0,5.0,17,1458,Kosullu
16.07368079490148,0,16.68011924581623,17,1459,Kosullu
7.050956153239607,0,0.0,18,1460,Kosullu
1.0234501871808601,0,53.63114823257888,18,1461,Kosullu
5.797132455338418,0,8.3959081779048,20,1462,Kosullu
4.1003815571481805,0,29.48053297575143,17,1463,Kosullu
3.660967858306885,0,0.0,18,1464,Kosullu
27.6702471958878,0,36.83162293064942,19,1465,Kosullu
1.181942670708347,0,18.37235121495928,19,1466,Kosullu
9.402879956765933,0,22.01783323501951,18,1467,Kosullu
37.04908144350948,0,24.324394329151914,20,1468,Kosullu
7.139900107629931,0,35.037951067976735,18,1469,Kosullu
12.455315600295926,0,0.0,15,1470,Kosullu
6.539855705189676,0,0.0,15,1471,Kosullu
10.107287485650799,0,0.0,18,1472,Kosullu
4.361512303825912,0,5.976630018134756,18,1473,Kosullu
16.77095650735726,0,7.719127118938275,18,1474,Kosullu
37.4166617822509,0,48.724826328904555,19,1475,Kosullu
2.358684283390864,0,0.0,18,1476,Kosullu
6.158524607162,0,27.78232257522751,17,1477,Kosullu
24.893658213578817,0,6.491856215151472,18,1478,Kosullu
5.001234628097275,0,0.0,19,1479,Kosullu
8.358120669044691,0,37.9417304986618,19,1480,Kosullu
15.341851196005953,0,0.0,19,1481,Kosullu
0.1924475893004269,0,0.0,18,1482,Kosullu
25.7443672847859,0,0.0,15,1483,Kosullu
9.494106551943839,0,0.0,18,1484,Kosullu
5.499997920842346,0,0.0,17,1485,Kosullu
1.1206338582352824,0,19.777959362220713,18,1486,Kosullu
11.00411645319125,0,17.032390747096258,18,1487,Kosullu
2.3836641733277806,0,5.808658759811408,17,1488,Kosullu
12.535375873285485,0,0.0,18,1489,Kosullu
3.372771583898493,0,0.0,17,1490,Kosullu
3.7430695014692312,0,0.0,18,1491,Kosullu
18.657175536895664,0,43.16069445041728,19,1492,Kosullu
5.478637317613307,0,14.239163680705815,17,1493,Kosullu
3.327924377148749,0,18.97801034298027,18,1494,Kosullu
2.542406312721249,0,0.0,19,1495,Kosullu
7.204802818310935,0,11.629800994108223,20,1496,Kosullu
9.007683994522678,0,0.0,18,1497,Kosullu
37.82453818287527,0,48.42515263697919,18,1498,Kosullu
1.1601889210876357,0,0.0,16,1499,Kosullu
2.8086241783299317,0,0.0,19,1500,Kosullu
2.7439991149067584,0,0.0,15,1501,Kosullu
10.435143301155579,0,0.0,17,1502,Kosullu
40.32341294214259,0,0.0,19,1503,Kosullu
9.873320700057489,0,13.462561351576596,20,1504,Kosullu
1.2456823748561106,0,6.7975928652230095,17,1505,Kosullu
13.773050024223819,0,3.898996646997432,18,1506,Kosullu
16.592695595278883,0,15.005550549152929,19,1507,Kosullu
17.661196473246612,0,8.334808096597783,20,1508,Kosullu
29.694597429971903,0,52.869034806940874,19,1509,Kosullu
4.604456366947217,0,0.0,18,1510,Kosullu
7.614343644256347,0,0.0,17,1511,Kosullu
6.562918308476756,0,8.012006523913897,20,1512,Kosullu
9.522607105550637,0,24.54242227507956,14,1513,Kosullu
50.71858306716284,0,75.16328787906286,20,1514,Kosullu
3.8566262074083446,0,0.0,17,1515,Kosullu
44.05413375933602,0,37.14320591118974,18,1516,Kosullu
3.052462180387653,0,0.0,18,1517,Kosullu
4.226883334709586,0,0.0,18,1518,Kosullu
4.343896792248774,0,21.560629984273817,18,1519,Kosullu
25.187750669149683,0,96.88100613186072,20,1520,Kosullu
15.053889110740515,0,12.724809245286053,18,1521,Kosullu
4.541228978685371,0,0.0,18,1522,Kosullu
12.386370397999773,0,2.5536429365411095,20,1523,Kosullu
2.812717736945542,0,0.0,17,1524,Kosullu
3.417727121481411,0,0.0,19,1525,Kosullu
7.798513676581736,0,32.02335155477181,19,1526,Kosullu
2.6972652872932428,0,0.0,19,1527,Kosullu
1.5386972977611149,0,0.0,18,1528,Kosullu
1.8968954776927593,0,18.02350512009366,19,1529,Kosullu
17.98788278659192,0,60.68816256051224,19,1530,Kosullu
33.04947824896254,0,115.27418083638935,18,1531,Kosullu
5.7882411350947764,0,27.580160320498294,19,1532,Kosullu
12.318656589422602,0,6.773027297849069,16,1533,Kosullu
18.038617507238477,0,28.23204458316326,20,1534,Kosullu
2.83279939496257,0,0.0,20,1535,Kosullu
13.360719816301517,0,23.299952428262486,19,1536,Kosullu
0.21216595227300195,0,0.0,16,1537,Kosullu
36.312760850152614,0,0.0,18,1538,Kosullu
6.701743148829554,0,0.0,19,1539,Kosullu
1.9045706273332987,0,20.52176087561952,15,1540,Kosullu
0.9679208946875819,0,0.0,18,1541,Kosullu
7.035225284324759,0,0.0,18,1542,Kosullu
15.33132616823517,0,0.0,19,1543,Kosullu
4.731976819906691,0,11.364042437760702,19,1544,Kosullu
8.620464886855622,0,0.0,17,1545,Kosullu
5.256941586904208,0,14.824927991086497,19,1546,Kosullu
3.8359224101852747,0,22.38424272205299,19,1547,Kosullu
10.06724440998202,0,0.0,19,1548,Kosullu
15.990080022885437,0,8.810558728833428,17,1549,Kosullu
5.84805509062647,0,5.466038690486471,19,1550,Kosullu
0.29633475920364416,0,0.0,20,1551,Kosullu
5.051885913691481,0,0.0,19,1552,Kosullu
10.646998494411816,0,42.81678692575264,18,1553,Kosullu
1.2624378831987901,0,10.423657246793368,18,1554,Kosullu
7.561240242454839,0,32.27231485316821,17,1555,Kosullu
2.157100925753229,0,4.684349493015134,19,1556,Kosullu
8.240110208742788,0,7.240661482469591,20,1557,Kosullu
29.06774559625185,0,5.999550350424897,19,1558,Kosullu
22.672192775851357,0,12.124867561441533,19,1559,Kosullu
1.439349377824798,0,0.0,15,1560,Kosullu
1.5960957926713502,0,0.0,18,1561,Kosullu
38.26563694102363,0,18.653396669372967,19,1562,Kosullu
20.238156927962617,0,0.0,20,1563,Kosullu
6.648704067338879,0,0.0,18,1564,Kosullu
9.117938610458761,0,5.0,20,1565,Kosullu
15.141658246018771,0,0.0,18,1566,Kosullu
13.749102300155744,0,66.14841917085943,18,1567,Kosullu
8.229116701639185,0,34.045365908926726,20,1568,Kosullu
11.214900859114369,0,0.0,20,1569,Kosullu
4.761521819389156,0,0.0,18,1570,Kosullu
6.2939400269940515,0,0.0,17,1571,Kosullu
9.295062765178134,0,21.0748927416646,18,1572,Kosullu
5.572508116337696,0,19.6895345816651,19,1573,Kosullu
5.710003095181973,0,4.869260568987215,18,1574,Kosullu
1.5067785344519575,0,0.0,18,1575,Kosullu
12.968518895777086,0,13.03451324237227,18,1576,Kosullu
2.7953071484064926,0,10.044417234120374,19,1577,Kosullu
22.296189895153834,0,31.630716453823084,20,1578,Kosullu
7.167761170973212,0,7.797258936209175,20,1579,Kosullu
1.94244404377622,0,0.0,17,1580,Kosullu
7.014732554015598,0,0.0,16,1581,Kosullu
9.569008214252577,0,33.84741566126337,18,1582,Kosullu
5.015369089878042,0,0.0,17,1583,Kosullu
12.026478854508735,0,28.169876095130064,20,1584,Kosullu
9.256064216798013,0,2.6624360161464438,20,1585,Kosullu
1.2856829642044425,0,5.124960825620349,19,1586,Kosullu
4.748221052452565,0,9.574885799105004,16,1587,Kosullu
16.913018494959225,0,0.0,18,1588,Kosullu
30.28822578034044,0,35.98875867582865,18,1589,Kosullu
6.964916083621974,0,0.0,19,1590,Kosullu
3.490780129723034,0,0.0,19,1591,Kosullu
0.34893112672387094,0,0.0,15,1592,Kosullu
10.10789952932688,0,2.3876899454575096,20,1593,Kosullu
1.6114477661838325,0,0.0,18,1594,Kosullu
1.2413822678564246,0,0.0,19,1595,Kosullu
24.58589015364033,0,5.949536164303879,19,1596,Kosullu
3.7036444326646945,0,15.063663479446916,20,1597,Kosullu
33.06069162676355,0,0.0,19,1598,Kosullu
51.57104058768104,0,41.95772386271011,19,1599,Kosullu
3.7842613554291322,0,25.022057993047156,19,1600,Kosullu
11.287981651042191,0,3.317821153319926,19,1601,Kosullu
25.424580013914607,0,108.71579283358369,17,1602,Kosullu
6.342242581390232,0,17.858147510091385,18,1603,Kosullu
9.230755630243188,0,6.008873901325785,18,1604,Kosullu
4.264133132136258,0,0.0,18,1605,Kosullu
13.137753659963998,0,25.193701145636,17,1606,Kosullu
2.179620056271787,0,9.46120813584622,17,1607,Kosullu
14.62477998304258,0,25.778698135538775,18,1608,Kosullu
7.869317923320263,0,0.0,18,1609,Kosullu
33.78589747610854,0,19.41992869935973,20,1610,Kosullu
5.643819933926494,0,24.234155858559234,17,1611,Kosullu
5.205239106052443,0,12.294509963575365,19,1612,Kosullu
12.704725235287764,0,0.0,17,1613,Kosullu
27.135849333078728,0,51.12469445316373,18,1614,Kosullu
1.8294685370523813,0,3.8613830349809746,17,1615,Kosullu
5.401677153130494,0,11.428727415262983,16,1616,Kosullu
3.603235291220693,0,21.742679871445603,19,1617,Kosullu
7.319834270751364,0,0.0,18,1618,Kosullu
35.63708691811498,0,0.0,18,1619,Kosullu
25.260258499408405,0,0.0,19,1620,Kosullu
0.21885701678275377,0,0.0,19,1621,Kosullu
5.154145129705993,0,0.0,19,1622,Kosullu
15.75799381029926,0,5.088749817867381,18,1623,Kosullu
5.4619771944602835,0,35.38841834885022,19,1624,Kosullu
12.701785912863441,0,3.959353066936785,19,1625,Kosullu
1.9844785019495532,0,6.235950968627094,19,1626,Kosullu
6.7508220223824775,0,17.45048840430286,17,1627,Kosullu
3.895889501977789,0,26.367552663928166,18,1628,Kosullu
12.379289424117685,0,12.967896126549363,18,1629,Kosullu
5.804539922642829,0,0.0,17,1630,Kosullu
14.21789742594394,0,34.68396839675421,19,1631,Kosullu
12.780447040087916,0,10.104820430021334,18,1632,Kosullu
5.605137882505258,0,0.54503750406883,20,1633,Kosullu
2.097051005052163,0,0.0,19,1634,Kosullu
23.808782935620144,0,21.797744938573658,19,1635,Kosullu
0.4695629048674388,0,0.0,19,1636,Kosullu
3.856443098655259,0,0.0,16,1637,Kosullu
1.8275199014090626,0,0.0,16,1638,Kosullu
11.500973345832616,0,10.965273326626857,18,1639,Kosullu
15.570250151712832,0,0.0,19,1640,Kosullu
11.136198535202958,0,0.0,15,1641,Kosullu
5.066075437339185,0,0.0,17,1642,Kosullu
16.44250428982475,0,13.823873500898628,15,1643,Kosullu
0.3189111963020095,0,0.0,18,1644,Kosullu
3.9264846276079424,0,0.0,17,1645,Kosullu
6.678682588763853,0,0.0,18,1646,Kosullu
3.782989502071452,0,0.0,17,1647,Kosullu
5.691072265607741,0,0.0,19,1648,Kosullu
4.203840285915763,0,32.09173558065726,17,1649,Kosullu
9.33623016353555,0,0.0,18,1650,Kosullu
46.90246990089587,0,125.72353637158062,17,1651,Kosullu
1.7876319103169938,0,5.159667777588936,18,1652,Kosullu
1.8557056567541015,0,0.0,17,1653,Kosullu
4.963147832853612,0,0.0,17,1654,Kosullu
9.894968324636313,0,0.0,19,1655,Kosullu
3.1728607313333073,0,37.035278914124206,20,1656,Kosullu
0.3010198210598853,0,0.0,19,1657,Kosullu
8.506750709285516,0,5.626055422476213,20,1658,Kosullu
9.954024418053853,0,14.967888423681927,18,1659,Kosullu
14.75436358551806,0,1.421796642027175,20,1660,Kosullu
5.847845089835814,0,0.0,19,1661,Kosullu
7.482948893500372,0,0.0,18,1662,Kosullu
1.2541548672854546,0,2.7036306869740088,20,1663,Kosullu
44.26115579480991,0,4.479980903968283,19,1664,Kosullu
47.325567942934846,0,69.71959094099094,20,1665,Kosullu
2.663182179954346,0,3.8529207229395297,19,1666,Kosullu
59.485154699891574,0,41.685683896335604,19,1667,Kosullu
0.11587259509732775,0,0.0,20,1668,Kosullu
14.587958580561292,0,0.0,20,1669,Kosullu
4.798404792566555,0,0.0,18,1670,Kosullu
0.4633830070028504,0,9.602784936732917,15,1671,Kosullu
20.07243396053518,0,59.3065322439553,20,1672,Kosullu
1.1623113476583014,0,0.0,18,1673,Kosullu
1.5613526852332271,0,0.0,17,1674,Kosullu
41.461041141577724,0,83.09685553635256,20,1675,Kosullu
1.2729348841584835,0,0.0,18,1676,Kosullu
6.836100098275477,0,20.421216542879336,19,1677,Kosullu
20.81703734772038,0,30.14259887469268,17,1678,Kosullu
9.28448434100484,0,6.737023842709448,18,1679,Kosullu
4.8486047331900055,0,0.0,18,1680,Kosullu
17.979328856044866,0,23.31586258066369,18,1681,Kosullu
57.96537082333393,0,34.97962520664737,16,1682,Kosullu
10.80474619045196,0,51.48955478457992,19,1683,Kosullu
4.350829467309245,0,0.0,18,1684,Kosullu
17.95480852287762,0,13.036210665445253,20,1685,Kosullu
8.16727882598244,0,0.0,20,1686,Kosullu
9.630571332689872,0,0.0,18,1687,Kosullu
0.7093611346393449,0,0.0,16,1688,Kosullu
9.09652576518522,0,17.764052920150107,18,1689,Kosullu
4.024136665392714,0,0.0,18,1690,Kosullu
18.94559039384833,0,11.867141281910733,20,1691,Kosullu
11.235062975052681,0,0.0,19,1692,Kosullu
0.8231208121353383,0,0.0,17,1693,Kosullu
5.5200117162435705,0,3.4951178206948157,18,1694,Kosullu
3.7092383760486523,0,29.056345601295106,15,1695,Kosullu
2.5284362639838465,0,9.809614133255025,16,1696,Kosullu
16.434156512010944,0,0.0,20,1697,Kosullu
21.849268144130217,0,0.0,17,1698,Kosullu
2.5253072064069952,0,0.0,15,1699,Kosullu
21.645068598237003,0,13.007498475155558,19,1700,Kosullu
18.473736541123834,0,33.66296408485459,20,1701,Kosullu
4.723601774331686,0,0.0,17,1702,Kosullu
15.265958360671224,0,0.0,16,1703,Kosullu
12.429421640320584,0,42.37058185796451,20,1704,Kosullu
0.05555555555555555,0,0.0,18,1705,Kosullu
4.910741920591745,0,59.60841075414436,18,1706,Kosullu
25.216793473404227,0,0.0,19,1707,Kosullu
6.335615230012914,0,2.069507123385506,18,1708,Kosullu
2.203354061790296,0,0.0,18,1709,Kosullu
41.40607644994733,0,73.3789724097656,20,1710,Kosullu
2.990103005647516,0,7.84614320614628,18,1711,Kosullu
24.070806601832338,0,36.31394112940916,18,1712,Kosullu
8.292188158019517,0,6.00519199547,18,1713,Kosullu
24.669596307146644,0,1.1981048288667466,18,1714,Kosullu
2.5166248500393458,0,8.459894817745806,19,1715,Kosullu
1.2982954927422892,0,0.0,18,1716,Kosullu
14.370550102557889,0,3.741042819009863,20,1717,Kosullu
17.478389127488505,0,0.0,18,1718,Kosullu
6.770972856097505,0,0.0,19,1719,Kosullu
11.972936678565386,0,7.756189345793814,20,1720,Kosullu
5.925466257783164,0,0.6022690318863511,20,1721,Kosullu
28.344269348206502,0,27.85611509483607,20,1722,Kosullu
10.189070303066583,0,11.17248293619349,20,1723,Kosullu
1.9795175797722806,0,0.0,19,1724,Kosullu
3.5064976634519534,0,19.962546807687772,19,1725,Kosullu
2.6156457758548477,0,26.236792796757584,19,1726,Kosullu
2.4696259236916576,0,0.0,18,1727,Kosullu
1.0677084769831215,0,0.0,19,1728,Kosullu
18.973940065055547,0,6.8065700222244345,20,1729,Kosullu
6.359003096150422,0,14.310731473016972,20,1730,Kosullu
8.439283232197681,0,34.96622817607249,19,1731,Kosullu
2.920786049262369,0,3.3707399257382917,18,1732,Kosullu
2.6912418190703704,0,31.3374090035677,20,1733,Kosullu
6.623947421798297,0,4.70494944145787,17,1734,Kosullu
5.597115948077832,0,0.0,17,1735,Kosullu
3.5803336780995627,0,22.412204101522775,18,1736,Kosullu
4.269311559499037,0,0.0,19,1737,Kosullu
2.371873375019983,0,8.98270830910866,19,1738,Kosullu
1.245156106025462,0,28.786985075294353,19,1739,Kosullu
4.998849820508328,0,26.722632332986393,20,1740,Kosullu
8.405030220521999,0,56.948125285703554,20,1741,Kosullu
1.2323749962414632,0,0.0,19,1742,Kosullu
7.472784942897176,0,13.487233014261847,16,1743,Kosullu
1.4546732221663432,0,0.0,17,1744,Kosullu
19.47288553785267,0,7.696147763755107,17,1745,Kosullu
27.487665450096888,0,37.640843269392974,19,1746,Kosullu
0.9813165057146149,0,0.0,18,1747,Kosullu
15.41205610943105,0,0.0,17,1748,Kosullu
17.12850149120321,0,31.052779205383786,19,1749,Kosullu
8.58112543361137,0,8.805855202291866,18,1750,Kosullu
3.444296106273082,0,4.6486957942837535,16,1751,Kosullu
10.887119860932241,0,0.0,20,1752,Kosullu
3.58292956328877,0,1.5130440539713277,18,1753,Kosullu
9.376813638749171,0,0.0,20,1754,Kosullu
1.524499530988751,0,3.580167983425042,18,1755,Kosullu
9.341172087184912,0,0.0,16,1756,Kosullu
2.173838139178151,0,3.5939534035182987,17,1757,Kosullu
3.957806280582306,0,7.229143640450673,14,1758,Kosullu
12.817432351514498,0,0.0,16,1759,Kosullu
8.734895851680564,0,0.0,19,1760,Kosullu
6.4672174872218,0,0.7909979179579523,20,1761,Kosullu
2.4487919323070066,0,0.0,17,1762,Kosullu
2.3040057146376136,0,30.107410119589645,19,1763,Kosullu
24.432920089794234,0,12.001342546035346,18,1764,Kosullu
12.949207804295858,0,11.53575913788029,16,1765,Kosullu
2.2373523848112087,0,8.33756671630681,17,1766,Kosullu
12.327504525530466,0,13.4799443615467,17,1767,Kosullu
1.938314394519962,0,4.641073179957402,18,1768,Kosullu
1.2850286887744242,0,1.6763795037699651,19,1769,Kosullu
5.671682806437808,0,69.09677476593458,19,1770,Kosullu
14.040118084586496,0,11.549774890274534,19,1771,Kosullu
22.42617241137832,0,50.26461477798085,18,1772,Kosullu
1.4786317026343763,0,1.0494809723776939,18,1773,Kosullu
4.775396033874157,0,0.0,19,1774,Kosullu
0.5685218351117318,0,0.9898937487179182,17,1775,Kosullu
4.387396776036016,0,0.0,16,1776,Kosullu
6.408224048679607,0,12.077686393499675,19,1777,Kosullu
23.568135631925973,0,0.0,18,1778,Kosullu
18.607294916949304,0,38.04302389996832,19,1779,Kosullu
1.1865028121222154,0,2.2360099339728663,18,1780,Kosullu
3.8004751609541243,0,17.727228859297725,17,1781,Kosullu
12.031119179618537,0,0.0,19,1782,Kosullu
6.0371212537128836,0,0.0,18,1783,Kosullu
77.76526748100738,0,103.00870037849097,17,1784,Kosullu
5.13508741811069,0,0.0,18,1785,Kosullu
4.207355159018998,0,0.7422946777884363,19,1786,Kosullu
0.4193320985025903,0,0.0,18,1787,Kosullu
3.5456277291975398,0,0.0,19,1788,Kosullu
2.853897722695374,0,4.820503132830311,18,1789,Kosullu
9.689581541266506,0,0.0,16,1790,Kosullu
4.221419296084925,0,0.0,19,1791,Kosullu
2.0545571959866082,0,0.0,19,1792,Kosullu
49.92671399151071,0,57.927244768101616,18,1793,Kosullu
2.8752821884824837,0,16.596147209585354,19,1794,Kosullu
0.2073396893753391,0,9.495989126107759,18,1795,Kosullu
1.940518017195814,0,39.83144659410112,16,1796,Kosullu
5.110351903006886,0,0.3533409704413657,18,1797,Kosullu
10.188275231592982,0,20.927971617799983,18,1798,Kosullu
0.0,0,0.0,18,1799,Kosullu
10.436333871459686,0,0.536838350054154,18,1800,Kosullu
27.96726645085783,0,2.9838056648666225,18,1801,Kosullu
1.6605503007256444,0,0.0,19,1802,Kosullu
8.596729838090535,0,15.115693740940912,18,1803,Kosullu
2.4801487567756966,0,53.47048358346461,19,1804,Kosullu
2.3805033927181394,0,24.463166526793145,19,1805,Kosullu
0.6486405987575365,0,5.124412295905017,18,1806,Kosullu
19.28799655360749,0,41.514043230556524,17,1807,Kosullu
1.107108578546192,0,0.0,18,1808,Kosullu
3.5927546540175666,0,0.0,18,1809,Kosullu
1.2601252401059668,0,0.0,20,1810,Kosullu
4.081036931597502,0,0.0,17,1811,Kosullu
13.694426147078254,0,0.0,19,1812,Kosullu
19.866128853611492,0,15.04455256419459,18,1813,Kosullu
6.574576957710275,0,21.44596313540876,17,1814,Kosullu
7.375175420031448,0,62.275729715213174,19,1815,Kosullu
9.818630743579625,0,24.699343577222862,18,1816,Kosullu
1.8352832396717977,0,24.079564991736788,14,1817,Kosullu
5.68683578101596,0,0.0,18,1818,Kosullu
24.62547171588804,0,11.49022921353395,20,1819,Kosullu
0.05618767640985305,0,0.0,19,1820,Kosullu
9.508426332204962,0,50.1576017771842,19,1821,Kosullu
32.32900347031692,0,27.331459466709646,18,1822,Kosullu
25.9346563578607,0,0.0,20,1823,Kosullu
31.7467005453856,0,67.37098619033281,17,1824,Kosullu
5.137949464655672,0,3.464559921971272,17,1825,Kosullu
1.5791273134025292,0,0.0,19,1826,Kosullu
34.72314682704437,0,31.59609400988103,20,1827,Kosullu
7.729982985917081,0,16.682030076461672,17,1828,Kosullu
4.771047296742732,0,0.0,19,1829,Kosullu
7.193626654716312,0,2.8382439101406476,19,1830,Kosullu
9.273429590276098,0,0.0,18,1831,Kosullu
2.37062010504859,0,0.0,20,1832,Kosullu
17.498059945443227,0,0.0,15,1833,Kosullu
2.2771632462349385,0,26.5423198430841,17,1834,Kosullu
12.294468026519107,0,17.471869603421,20,1835,Kosullu
8.46923894787465,0,4.067319363341426,18,1836,Kosullu
57.11364674488283,0,2.845993896484231,19,1837,Kosullu
2.6641685226847294,0,18.585652593735517,19,1838,Kosullu
1.6216665239737533,0,0.0,18,1839,Kosullu
48.499234539748635,0,75.52827859876413,18,1840,Kosullu
16.083630566321563,0,28.89964842396438,18,1841,Kosullu
31.95891634976645,0,72.77072493639906,19,1842,Kosullu
52.568832493757036,0,108.6997250564392,19,1843,Kosullu
10.081682527159284,0,0.0,17,1844,Kosullu
3.114079652733851,0,0.0,19,1845,Kosullu
45.91222286108811,0,53.262839246429394,19,1846,Kosullu
16.421471358079785,0,60.38935768512698,18,1847,Kosullu
1.644262160630034,0,0.0,19,1848,Kosullu
18.425868798775063,0,0.4331447213180013,18,1849,Kosullu
2.6471499363928426,0,0.0,16,1850,Kosullu
8.909714056236671,0,0.0,16,1851,Kosullu
1.51319053476725,0,0.0,20,1852,Kosullu
7.506078894020381,0,35.87278974126042,18,1853,Kosullu
7.840292943867202,0,2.11183147209465,20,1854,Kosullu
20.01339998764999,0,74.27573455014493,18,1855,Kosullu
16.69508042246842,0,0.0,19,1856,Kosullu
17.920788433888497,0,0.0,19,1857,Kosullu
12.512376045617408,0,31.087015101796283,19,1858,Kosullu
7.029077920889138,0,8.291222703160372,18,1859,Kosullu
1.3861924974838686,0,5.551534585840898,20,1860,Kosullu
9.086799565157571,0,3.0518160390798243,18,1861,Kosullu
30.84359888669415,0,8.877144904803629,18,1862,Kosullu
7.8751020855450475,0,14.841513381455457,19,1863,Kosullu
19.598682811903,0,21.804171254817845,19,1864,Kosullu
1.377117981127931,0,0.0,16,1865,Kosullu
3.6475248623757577,0,3.123308398433551,18,1866,Kosullu
8.2698664961447,0,30.108855779470048,19,1867,Kosullu
19.07809348961071,0,12.113107567030227,20,1868,Kosullu
15.01316648848286,0,0.0,18,1869,Kosullu
7.5934209294315105,0,0.0,18,1870,Kosullu
15.082699068495778,0,0.0,18,1871,Kosullu
13.305721310073508,0,1.4247539031047154,18,1872,Kosullu
1.9770384505206282,0,14.545869364627947,15,1873,Kosullu
2.543160344644654,0,0.0,16,1874,Kosullu
22.882063898598297,0,37.904631602847076,20,1875,Kosullu
4.7809685074423065,0,25.64473870021658,17,1876,Kosullu
7.129952956676658,0,0.0,20,1877,Kosullu
12.88188639930759,0,80.28912809170913,16,1878,Kosullu
13.101741375781991,0,0.0,18,1879,Kosullu
14.686567478236476,0,36.69543619663989,18,1880,Kosullu
19.581120310550972,0,25.726481711802762,19,1881,Kosullu
1.2949323777734405,0,0.0,18,1882,Kosullu
1.7191942671613354,0,1.386469203301374,19,1883,Kosullu
11.792916820924232,0,0.0,18,1884,Kosullu
7.680227100505925,0,7.218866761511947,18,1885,Kosullu
0.5498464104603992,0,8.592865206550812,18,1886,Kosullu
4.699326745578182,0,6.790175826338157,18,1887,Kosullu
10.064993057281692,0,28.253160370992987,20,1888,Kosullu
22.360505936011972,0,0.0,18,1889,Kosullu
4.6109553725894665,0,12.043311984160937,19,1890,Kosullu
9.52612218762009,0,0.0,17,1891,Kosullu
29.814293358806168,0,0.0,20,1892,Kosullu
13.176740582604607,0,0.0,18,1893,Kosullu
12.472138515491164,0,23.129796597634027,19,1894,Kosullu
1.0838430623873583,0,15.073214066933133,17,1895,Kosullu
13.807577959916562,0,22.031749566759743,19,1896,Kosullu
2.2971275108711877,0,9.24144706109314,19,1897,Kosullu
2.1724263176336414,0,0.0,17,1898,Kosullu
6.920809364617565,0,6.225784648881529,19,1899,Kosullu
3.0066128893657242,0,9.08311495622064,18,1900,Kosullu
5.119577172816699,0,0.0,16,1901,Kosullu
10.044609395727761,0,10.345585827022774,20,1902,Kosullu
5.980531039707937,0,0.2997734786475803,17,1903,Kosullu
6.850485099964351,0,4.553185964987961,17,1904,Kosullu
1.0047483889912157,0,11.696691442610643,18,1905,Kosullu
4.4907210024379935,0,0.0,18,1906,Kosullu
36.32149237842721,0,3.1781060082725503,20,1907,Kosullu
1.4809722450958844,0,0.0,18,1908,Kosullu
3.4126021869179333,0,0.0,19,1909,Kosullu
14.730439421769155,0,48.62909283326405,16,1910,Kosullu
12.278838211940474,0,30.495965538058897,18,1911,Kosullu
2.748483777079077,0,11.046479720308469,16,1912,Kosullu
10.14177065645492,0,0.0,18,1913,Kosullu
18.68173398557865,0,9.266002231485345,19,1914,Kosullu
8.687392468543544,0,0.0,19,1915,Kosullu
5.146908751738031,0,0.0,18,1916,Kosullu
20.310228599626885,0,0.0,19,1917,Kosullu
16.839674057526157,0,9.432137334709182,19,1918,Kosullu
6.839980968219758,0,3.535142210487834,18,1919,Kosullu
2.6326446576155464,0,0.0,18,1920,Kosullu
59.74476027268214,0,118.23083700570521,20,1921,Kosullu
2.210228530855121,0,0.0,19,1922,Kosullu
1.0437456777857124,0,0.0,19,1923,Kosullu
6.069709956957315,0,0.0,20,1924,Kosullu
13.01268059335068,0,21.320915070225624,19,1925,Kosullu
1.9103483688516434,0,0.0,18,1926,Kosullu
0.4025113161519158,0,0.0,20,1927,Kosullu
11.508284185579113,0,44.509711335772636,18,1928,Kosullu
0.6972457368205277,0,0.0,18,1929,Kosullu
17.402306225770086,0,25.859737605868872,19,1930,Kosullu
3.9190763452528663,0,13.057075860409554,20,1931,Kosullu
2.1579887533609727,0,0.0,18,1932,Kosullu
6.54639764941756,0,0.0,18,1933,Kosullu
3.103753541704546,0,1.9803640190673946,18,1934,Kosullu
14.46714292805282,0,41.14191710590541,16,1935,Kosullu
4.599708677776065,0,0.0,17,1936,Kosullu
5.376643974438767,0,0.0,18,1937,Kosullu
42.8628118078871,0,28.207904294318723,19,1938,Kosullu
24.08501865570874,0,32.05828372477339,19,1939,Kosullu
2.3563862518396603,0,12.8481617546459,17,1940,Kosullu
23.849587280050848,0,32.392283029193095,20,1941,Kosullu
3.050158089518405,0,0.0,18,1942,Kosullu
10.966467106567622,0,19.43390895431196,19,1943,Kosullu
14.998248651541859,0,36.28352583258902,19,1944,Kosullu
1.109571724208917,0,0.0,18,1945,Kosullu
5.049018077400108,0,6.654761343004395,20,1946,Kosullu
8.399049079383682,0,24.734435054358016,20,1947,Kosullu
6.058378969778401,0,0.0,18,1948,Kosullu
1.4719202972247751,0,0.47583805526181777,18,1949,Kosullu
8.808060465370822,0,9.021694175766811,19,1950,Kosullu
0.955700391458847,0,0.0,18,1951,Kosullu
31.01407597292592,0,0.0,17,1952,Kosullu
3.794180406878734,0,34.63242486586495,19,1953,Kosullu
0.6579775144468845,0,7.339052996850398,17,1954,Kosullu
36.61714445065396,0,16.608233994221848,19,1955,Kosullu
2.3692744664268033,0,0.0,18,1956,Kosullu
26.47050997198291,0,18.246590306057954,19,1957,Kosullu
4.812161372257691,0,0.0,20,1958,Kosullu
1.905513299181762,0,0.0,17,1959,Kosullu
17.516476040143306,0,0.0,19,1960,Kosullu
6.82449667801632,0,22.449539644309368,17,1961,Kosullu
0.0,0,0.0,17,1962,Kosullu
9.212295385233475,0,53.80376651909563,16,1963,Kosullu
50.48003522576529,0,96.5976228094874,19,1964,Kosullu
0.525860565143298,0,0.0,18,1965,Kosullu
15.354598028714445,0,0.0,20,1966,Kosullu
0.8695121084375292,0,0.0,17,1967,Kosullu
29.820614977176625,0,33.78179570387272,19,1968,Kosullu
1.157570467594814,0,25.71286844559239,17,1969,Kosullu
4.365384207177755,0,0.0,18,1970,Kosullu
41.23513678097916,0,49.243579778600406,19,1971,Kosullu
5.869414497685755,0,0.0,17,1972,Kosullu
10.257085489500632,0,3.089145885046605,20,1973,Kosullu
1.268863375081738,0,0.0,15,1974,Kosullu
2.307981221197307,0,0.0,17,1975,Kosullu
1.231706517353638,0,0.0,18,1976,Kosullu
14.350712216075976,0,0.0,17,1977,Kosullu
8.860018750204725,0,21.69500773350228,18,1978,Kosullu
1.6248836340969788,0,0.0,17,1979,Kosullu
24.637980086788357,0,55.78972078457156,17,1980,Kosullu
1.915560817539418,0,0.0,18,1981,Kosullu
0.8550908185147719,0,0.0,17,1982,Kosullu
7.922867663465147,0,0.0,18,1983,Kosullu
46.85362561596717,0,70.88399044106228,19,1984,Kosullu
132.49149793195235,0,140.9422737897196,19,1985,Kosullu
13.932360523229207,0,0.0,20,1986,Kosullu
0.3683819836333175,0,0.0,17,1987,Kosullu
15.27613885421752,0,3.032417672185545,19,1988,Kosullu
39.92074992591052,0,25.875806121835126,20,1989,Kosullu
23.64677971260961,0,37.37893722218047,19,1990,Kosullu
14.784242106241694,0,3.902461196370325,19,1991,Kosullu
5.386207389170987,0,0.0,18,1992,Kosullu
9.924747610854585,0,29.811538121070726,18,1993,Kosullu
23.455310174730638,0,13.170088110100949,18,1994,Kosullu
18.44348823882152,0,0.0,19,1995,Kosullu
9.949640823154125,0,9.275486228385148,17,1996,Kosullu
1.0129243993595638,0,0.0,19,1997,Kosullu
7.556557719482472,0,36.28331276476342,17,1998,Kosullu
4.152145155931108,0,1.3243749529793831,18,1999,Kosullu
10.894608172541496,0,0.0,19,2000,Kosullu
10.005332767246788,0,0.0,18,2001,Kosullu
2.9417363085884527,0,0.0,19,2002,Kosullu
1.824061388399124,0,0.0,16,2003,Kosullu
38.50418375077971,0,0.0,19,2004,Kosullu
32.93263993909102,0,41.467167219451824,20,2005,Kosullu
42.20841640911018,0,54.46928622713858,20,2006,Kosullu
8.149899876088226,0,4.191886431469072,18,2007,Kosullu
2.477129004742929,0,7.065718574369328,17,2008,Kosullu
2.3715578518670273,0,10.019089684301775,18,2009,Kosullu
10.219103591819664,0,0.0,19,2010,Kosullu
8.204654746859767,0,0.0,17,2011,Kosullu
1.5809878261945114,0,0.0,16,2012,Kosullu
8.990085075944005,0,15.932204191112135,19,2013,Kosullu
14.879277028683601,0,45.71310191718044,17,2014,Kosullu
6.965333031245417,0,13.62415152405265,19,2015,Kosullu
7.8497196320346285,0,14.785828503934738,19,2016,Kosullu
4.964388215001645,0,37.14133121195073,19,2017,Kosullu
13.017336664565457,0,0.0,20,2018,Kosullu
3.5939538192722082,0,0.34058877548704913,18,2019,Kosullu
0.8461093875614324,0,4.922187751228648,20,2020,Kosullu
1.4593988119701082,0,26.383724358459688,19,2021,Kosullu
5.315122824008775,0,6.338658233433364,16,2022,Kosullu
2.951613407881753,0,23.180726759973254,20,2023,Kosullu
3.476682011218003,0,0.0,20,2024,Kosullu
21.09443568625124,0,0.0,18,2025,Kosullu
5.881828944874278,0,2.7627382905791933,16,2026,Kosullu
11.326186996128099,0,0.0,19,2027,Kosullu
14.964267275473011,0,0.0,18,2028,Kosullu
15.308878259975721,0,0.0,19,2029,Kosullu
1.7043625557004904,0,0.0,19,2030,Kosullu
4.649174644149605,0,12.279417467915664,18,2031,Kosullu
19.61041613749407,0,0.0,20,2032,Kosullu
5.71103084183207,0,1.0302952150570945,17,2033,Kosullu
6.256922509861879,0,13.212891375466313,18,2034,Kosullu
16.783384728926233,0,37.849721124761686,17,2035,Kosullu
1.6537974513959761,0,10.625067075747268,18,2036,Kosullu
2.8271032504452185,0,0.0,18,2037,Kosullu
1.6533719749970537,0,0.0,20,2038,Kosullu
2.9486747994588027,0,0.7310959481465034,20,2039,Kosullu
3.1085323545478825,0,0.0,19,2040,Kosullu
3.3184587508019754,0,0.0,18,2041,Kosullu
3.5711467981644014,0,10.664607241286035,17,2042,Kosullu
4.390318307584646,0,12.532524679910182,19,2043,Kosullu
9.55587358633939,0,33.08147932540891,20,2044,Kosullu
5.212974913779788,0,0.0,17,2045,Kosullu
31.963723138227135,0,0.0,19,2046,Kosullu
8.18122115468218,0,0.0,16,2047,Kosullu
9.752236097826636,0,0.0,18,2048,Kosullu
2.3546560607289253,0,0.0,20,2049,Kosullu
5.891470582667706,0,0.0,20,2050,Kosullu
6.820522914540625,0,0.0,16,2051,Kosullu
41.40983766823588,0,87.66565684654421,17,2052,Kosullu
15.007096363001905,0,0.0,19,2053,Kosullu
3.055258886576717,0,4.144418904821578,17,2054,Kosullu
5.741531240310832,0,0.0,19,2055,Kosullu
30.160512232984722,0,52.82551562270595,17,2056,Kosullu
7.726094240126013,0,1.762190293862659,19,2057,Kosullu
2.381548293677705,0,0.0,18,2058,Kosullu
15.060591191243187,0,2.3330915524572333,17,2059,Kosullu
6.693753914950278,0,23.135933212755333,20,2060,Kosullu
6.7885028354353505,0,0.0,18,2061,Kosullu
3.5980851381342234,0,13.166383365574234,18,2062,Kosullu
14.14030839350998,0,12.273795774675193,17,2063,Kosullu
4.856610780234841,0,21.74368914095703,17,2064,Kosullu
0.646263456260066,0,0.0,17,2065,Kosullu
2.94809322016399,0,70.57384081864461,19,2066,Kosullu
0.6845186027941642,0,0.0,18,2067,Kosullu
21.02695297689247,0,12.173659790578597,20,2068,Kosullu
12.871630775474019,0,12.24588162081966,19,2069,Kosullu
6.128544257142751,0,2.151563880665833,19,2070,Kosullu
1.6472699697199005,0,0.0,17,2071,Kosullu
0.45066219758403,0,0.0,18,2072,Kosullu
33.52979829227045,0,45.05715184801403,18,2073,Kosullu
1.6454956765071111,0,8.31518351617217,18,2074,Kosullu
7.688042310591715,0,0.0,16,2075,Kosullu
18.673816665524956,0,38.11810976087463,18,2076,Kosullu
2.803363055591814,0,0.0,17,2077,Kosullu
7.359743122252797,0,7.826793143622183,20,2078,Kosullu
5.120497276109721,0,3.810952254329152,18,2079,Kosullu
2.6848880965283133,0,0.0,18,2080,Kosullu
11.989252223634583,0,2.2048015631401086,17,2081,Kosullu
39.25421970022378,0,44.459580449341956,20,2082,Kosullu
57.10268719955212,0,43.62929099753046,19,2083,Kosullu
9.276072894466395,0,5.685624724818467,19,2084,Kosullu
7.483429608603978,0,3.0532829499987884,19,2085,Kosullu
0.401150857073801,0,10.164662126455255,18,2086,Kosullu
5.063729769876933,0,2.195174206027616,18,2087,Kosullu
5.105826590440476,0,0.0,18,2088,Kosullu
12.882356004275778,0,22.33020399342172,18,2089,Kosullu
2.7720523673322877,0,20.919267624148574,18,2090,Kosullu
9.24217131791198,0,0.0,19,2091,Kosullu
5.105960560942267,0,0.0,17,2092,Kosullu
3.8531866358179743,0,0.0,17,2093,Kosullu
6.757504268180163,0,72.30017212685675,17,2094,Kosullu
2.4291228131889953,0,0.0,17,2095,Kosullu
7.542112682437393,0,4.753310265323819,18,2096,Kosullu
7.266028243565431,0,0.0,20,2097,Kosullu
12.94618674587332,0,0.0,20,2098,Kosullu
2.613977580249388,0,0.0,17,2099,Kosullu
2.0432564630488232,0,0.0,18,2100,Kosullu
3.3680673404310966,0,0.0,16,2101,Kosullu
33.77113659483249,0,38.72015068237528,20,2102,Kosullu
0.8605459074150517,0,0.0,16,2103,Kosullu
2.9005737513740075,0,0.0,17,2104,Kosullu
13.733463585150707,0,18.070603915118852,20,2105,Kosullu
10.451897772876187,0,11.189884319742873,17,2106,Kosullu
5.787130423372166,0,4.61629809614584,18,2107,Kosullu
11.28187314466916,0,46.79088318318452,19,2108,Kosullu
20.47262148596467,0,7.117522386673102,18,2109,Kosullu
0.5827857757554042,0,0.0,18,2110,Kosullu
10.827659382774495,0,36.43247952681975,20,2111,Kosullu
12.599283054619251,0,36.90796646939742,18,2112,Kosullu
1.9715339128864273,0,52.50323984990865,20,2113,Kosullu
14.218639156091019,0,0.0,20,2114,Kosullu
38.55361353177067,0,26.18385216161016,17,2115,Kosullu
19.368318756470586,0,52.214751683781685,17,2116,Kosullu
3.9513595360513607,0,2.463417825398949,19,2117,Kosullu
3.8492517408567246,0,0.0,18,2118,Kosullu
0.4564345428823098,0,0.0,15,2119,Kosullu
7.330645395218467,0,2.677552585511023,17,2120,Kosullu
27.306519730567953,0,54.33842432895892,18,2121,Kosullu
10.928335997587597,0,15.654153988612393,19,2122,Kosullu
33.671831733907595,0,36.13791134466959,19,2123,Kosullu
36.46989453572384,0,17.46211650774262,19,2124,Kosullu
3.0562570651983023,0,23.052916039272304,19,2125,Kosullu
5.437609254879282,0,12.434986815464697,18,2126,Kosullu
2.126847056623199,0,7.760039013700521,20,2127,Kosullu
22.5235316705813,0,21.762140799617384,19,2128,Kosullu
7.307780905379624,0,0.0,18,2129,Kosullu
12.86937411388847,0,1.776598697616123,17,2130,Kosullu
30.28639893422174,0,0.0,17,2131,Kosullu
0.5120354196618015,0,0.8020869225915703,18,2132,Kosullu
13.504406923744906,0,23.23527863093409,19,2133,Kosullu
11.108332253298315,0,12.348059146896276,18,2134,Kosullu
1.1299853417883254,0,0.0,18,2135,Kosullu
0.4182055947371125,0,0.0,18,2136,Kosullu
13.749304778144513,0,18.614015518252643,18,2137,Kosullu
18.60632189238453,0,9.247174082390075,17,2138,Kosullu
5.044154582401298,0,0.0,17,2139,Kosullu
25.93739465481981,0,26.99094803821629,19,2140,Kosullu
7.213127230705236,0,14.196082463232074,18,2141,Kosullu
0.4763907101781378,0,1.6915758096656646,19,2142,Kosullu
4.307587617388815,0,1.3265869856794552,18,2143,Kosullu
3.5146170413919187,0,0.0,16,2144,Kosullu
2.20861328868669,0,0.0,19,2145,Kosullu
5.237817731229578,0,21.441582499670233,20,2146,Kosullu
1.5341565022303403,0,0.0,19,2147,Kosullu
0.8921339690220564,0,0.0,18,2148,Kosullu
12.136367514318168,0,24.235731862432942,19,2149,Kosullu
37.83365812237449,0,3.1510506054708003,18,2150,Kosullu
5.4265469280327405,0,13.724967995711495,17,2151,Kosullu
1.4123071481883755,0,0.0,16,2152,Kosullu
14.789129092608338,0,20.699977985162718,18,2153,Kosullu
2.890097561077168,0,13.537044025516366,20,2154,Kosullu
9.54306710442875,0,0.0,18,2155,Kosullu
2.644976952069892,0,4.268184571343227,18,2156,Kosullu
1.0615258094700668,0,0.0,17,2157,Kosullu
9.802331592965375,0,0.0,19,2158,Kosullu
2.8423498155042854,0,24.269627267187218,17,2159,Kosullu
0.4159270339732433,0,0.0,18,2160,Kosullu
5.857448650641441,0,0.0,19,2161,Kosullu
3.2034225258587044,0,16.47168033647648,18,2162,Kosullu
18.810854551874087,0,12.723105448685033,17,2163,Kosullu
15.114624597010426,0,3.366274334291745,19,2164,Kosullu
14.358606138771489,0,13.591880731748802,20,2165,Kosullu
11.161018756112107,0,0.0,18,2166,Kosullu
30.85636608653792,0,36.48809602094792,18,2167,Kosullu
41.65858579488334,0,10.949521542078287,17,2168,Kosullu
0.05652936757571562,0,0.0,18,2169,Kosullu
3.6279895431411378,0,48.56653601812053,20,2170,Kosullu
11.78519685061063,0,6.439927961919807,17,2171,Kosullu
0.3985227748763557,0,0.0,18,2172,Kosullu
0.2771229644335954,0,0.0,18,2173,Kosullu
1.6845682327079483,0,4.107345736421337,17,2174,Kosullu
3.841833640144818,0,0.0,18,2175,Kosullu
23.644454534555177,0,12.36060198456505,19,2176,Kosullu
0.15838361787273117,0,0.0,18,2177,Kosullu
5.346724670247278,0,0.0,17,2178,Kosullu
3.0182911513061135,0,38.984168555775,19,2179,Kosullu
11.317902083240279,0,10.922907950520482,19,2180,Kosullu
0.12410575881192756,0,0.0,15,2181,Kosullu
46.7033136015083,0,99.29091818882694,20,2182,Kosullu
27.880776604496095,0,0.0,20,2183,Kosullu
4.905453916200818,0,19.569271970906584,19,2184,Kosullu
2.3145867481867146,0,0.9934830020498566,18,2185,Kosullu
14.514462978733192,0,5.389441776340902,19,2186,Kosullu
2.330681475490068,0,0.06648193553866122,18,2187,Kosullu
16.2460660774368,0,19.611962392743692,19,2188,Kosullu
4.395154322541926,0,0.0,19,2189,Kosullu
14.445698164202076,0,0.0,20,2190,Kosullu
5.185077135848849,0,0.0,19,2191,Kosullu
20.23551670232703,0,5.067822187562513,19,2192,Kosullu
0.10935396348202317,0,6.193995190803776,20,2193,Kosullu
4.744421010459845,0,0.0,20,2194,Kosullu
1.0986948586137102,0,0.0,19,2195,Kosullu
9.61827218728736,0,0.0,19,2196,Kosullu
1.7126673489630901,0,0.0,19,2197,Kosullu
4.772928027798844,0,8.886209448815464,18,2198,Kosullu
40.80399983491875,0,30.530624125927602,20,2199,Kosullu
4.901928192221132,0,0.0,19,2200,Kosullu
14.115775132305474,0,5.117420245316737,19,2201,Kosullu
10.046885214308233,0,0.0,16,2202,Kosullu
12.895408124673882,0,5.0,20,2203,Kosullu
5.530289514233296,0,0.0,17,2204,Kosullu
44.4591860049117,0,58.32500596137129,19,2205,Kosullu
18.469880084582353,0,56.595026670144875,18,2206,Kosullu
10.49679929903969,0,0.39915267239246077,19,2207,Kosullu
3.041656192842695,0,0.0,18,2208,Kosullu
9.318807082854322,0,4.451357660731276,18,2209,Kosullu
6.613593701029842,0,1.123635480593748,20,2210,Kosullu
1.989095224100541,0,0.0,18,2211,Kosullu
21.303145330955317,0,25.492875291166513,17,2212,Kosullu
7.507613774350252,0,0.0,18,2213,Kosullu
2.2650846547324335,0,11.442319386166957,17,2214,Kosullu
32.46637277259723,0,109.81615252328754,18,2215,Kosullu
0.29142189638187854,0,20.517906059383108,17,2216,Kosullu
33.80994470964166,0,36.44407909094559,20,2217,Kosullu
6.5782524187204565,0,0.0,18,2218,Kosullu
6.5814254293717065,0,7.228976129832802,16,2219,Kosullu
5.788450033499451,0,14.574736145982172,18,2220,Kosullu
8.01278246537086,0,0.0,18,2221,Kosullu
8.49773103983284,0,0.0,18,2222,Kosullu
0.7201016528429587,0,0.0,20,2223,Kosullu
13.495737249339323,0,26.271595142650938,19,2224,Kosullu
18.90177260016233,0,52.974895671646266,17,2225,Kosullu
8.915016191044609,0,33.58808198323527,20,2226,Kosullu
20.07001563729054,0,0.0,19,2227,Kosullu
24.361723746288224,0,7.015380113623451,20,2228,Kosullu
0.05528569021584464,0,0.0,17,2229,Kosullu
9.75562481687799,0,0.0,18,2230,Kosullu
1.0141162542331854,0,4.855531570153403,19,2231,Kosullu
9.711433564316224,0,19.07051459286896,20,2232,Kosullu
1.6003261360417742,0,42.112828089675645,19,2233,Kosullu
1.393945955252311,0,0.0,20,2234,Kosullu
10.557989273872803,0,0.0,18,2235,Kosullu
22.907330350052163,0,13.544129404336331,17,2236,Kosullu
1.4472350590335497,0,0.0,16,2237,Kosullu
4.050408763623437,0,4.991350699568386,19,2238,Kosullu
31.06109092874226,0,51.543083308474195,18,2239,Kosullu
18.763940266815382,0,0.0,19,2240,Kosullu
6.894709853879656,0,0.0,19,2241,Kosullu
18.717041111519272,0,81.42950289374107,19,2242,Kosullu
10.31563040169424,0,5.727591499183177,19,2243,Kosullu
0.12340037021861526,0,0.0,17,2244,Kosullu
19.345666872182164,0,60.43228012794049,19,2245,Kosullu
4.77472467685903,0,0.0,18,2246,Kosullu
34.86499334806833,0,17.401089024460077,18,2247,Kosullu
2.026662687029311,0,0.0,18,2248,Kosullu
14.005904135205842,0,14.276221619154342,20,2249,Kosullu
3.538413585768152,0,0.0,18,2250,Kosullu
6.919570434453772,0,12.277021379030145,17,2251,Kosullu
6.161673930618579,0,0.0,16,2252,Kosullu
5.600781327333256,0,7.475891595134897,18,2253,Kosullu
22.25240914917387,0,0.0,19,2254,Kosullu
6.8945891702726385,0,0.0,16,2255,Kosullu
3.8180082611860784,0,6.579583188192942,20,2256,Kosullu
7.552599698256019,0,3.9747556195486595,17,2257,Kosullu
1.3433860904414006,0,0.0,18,2258,Kosullu
3.7196770908161985,0,14.524524753389983,19,2259,Kosullu
8.992253694676572,0,7.879976738754806,20,2260,Kosullu
6.765570976488052,0,1.3534298231856496,20,2261,Kosullu
17.47887261121074,0,0.0,19,2262,Kosullu
12.969534090826736,0,0.0,17,2263,Kosullu
2.9038393417292587,0,0.0,18,2264,Kosullu
15.112610727044721,0,0.0,20,2265,Kosullu
13.687803970873901,0,0.0,18,2266,Kosullu
22.546480107994853,0,48.525829424120616,19,2267,Kosullu
22.035788963037746,0,11.898511670706569,18,2268,Kosullu
24.28327360067747,0,0.0,19,2269,Kosullu
19.440711849793445,0,6.231524509739984,16,2270,Kosullu
1.7450151694289375,0,2.025409577478115,16,2271,Kosullu
5.203384114906017,0,0.0,17,2272,Kosullu
19.288626754017923,0,0.0,16,2273,Kosullu
2.2702187889790597,0,0.0,18,2274,Kosullu
0.0,0,0.0,17,2275,Kosullu
18.66840036250569,0,2.4163918149047845,19,2276,Kosullu
1.88255412585201,0,0.0,19,2277,Kosullu
1.1796741670251492,0,0.0,17,2278,Kosullu
7.531877313779447,0,44.86886903663668,18,2279,Kosullu
4.95352302991127,0,0.0,19,2280,Kosullu
13.581865354762487,0,0.0,18,2281,Kosullu
2.7477916100300175,0,10.59435398209132,19,2282,Kosullu
6.8916570777961415,0,0.0,18,2283,Kosullu
9.461436817577933,0,5.5711345509816965,18,2284,Kosullu
8.263328583011644,0,4.577361353555716,19,2285,Kosullu
32.61963550476386,0,60.622052499421045,17,2286,Kosullu
30.97641588120091,0,70.58220665121655,19,2287,Kosullu
4.029118718583397,0,0.0,16,2288,Kosullu
21.542609562799413,0,38.18817431234578,18,2289,Kosullu
50.68357851511899,0,27.246602031239718,17,2290,Kosullu
6.296956628395063,0,5.552863647350648,19,2291,Kosullu
30.40496560831777,0,45.6598853779692,19,2292,Kosullu
9.956867334422235,0,0.0,19,2293,Kosullu
31.577814867405394,0,0.0,19,2294,Kosullu
2.299472248311798,0,12.503433730338372,17,2295,Kosullu
3.8794835759954958,0,2.348364280864132,18,2296,Kosullu
12.352909554265828,0,0.0,20,2297,Kosullu
32.5392454724292,0,18.72192412727088,19,2298,Kosullu
7.332403887178564,0,14.138869609988944,17,2299,Kosullu
30.916307496446077,0,56.8774829364375,18,2300,Kosullu
7.9785594027271465,0,0.0,18,2301,Kosullu
7.850327898206059,0,14.668955078145302,16,2302,Kosullu
8.633928580647657,0,40.00667869407073,17,2303,Kosullu
3.7714028762421368,0,0.0,18,2304,Kosullu
0.9857945374314294,0,0.0,16,2305,Kosullu
4.601916785852972,0,0.0,17,2306,Kosullu
2.066565365288766,0,2.1279347763653504,19,2307,Kosullu
19.356552921920834,0,40.72399509520534,17,2308,Kosullu
1.4506279901277042,0,0.0,16,2309,Kosullu
6.707290864959643,0,13.608040514292156,19,2310,Kosullu
4.813526489370826,0,9.918791513928397,18,2311,Kosullu
8.916974860647743,0,37.16846662438422,19,2312,Kosullu
5.578503980383147,0,12.245250515354599,16,2313,Kosullu
8.457839693376572,0,7.096909905488474,17,2314,Kosullu
6.349257112764908,0,0.0,18,2315,Kosullu
11.528589895216566,0,19.156136854112674,19,2316,Kosullu
4.276297470640438,0,0.0,20,2317,Kosullu
7.241696290063108,0,0.0,16,2318,Kosullu
2.583194712357086,0,0.0,18,2319,Kosullu
2.1783335967086312,0,0.0,19,2320,Kosullu
28.479103227421934,0,16.06455982368459,20,2321,Kosullu
29.425770707089736,0,40.50557079243549,20,2322,Kosullu
4.92838193514119,0,0.0,18,2323,Kosullu
7.155785422305016,0,28.813720366511916,17,2324,Kosullu
7.87019828597919,0,0.0,18,2325,Kosullu
2.3049716635547934,0,0.0,18,2326,Kosullu
0.8704723388848296,0,7.612172167614119,17,2327,Kosullu
3.0608048641772045,0,10.237880070589085,16,2328,Kosullu
5.340953395970114,0,25.8430088066674,17,2329,Kosullu
3.297204874630884,0,25.622131377622452,16,2330,Kosullu
9.769049804975628,0,9.4873027973793,19,2331,Kosullu
4.628571326774849,0,0.6096678641386006,17,2332,Kosullu
2.185866396497435,0,0.0,15,2333,Kosullu
8.428436022509924,0,4.667752124800472,19,2334,Kosullu
8.276177633669924,0,3.059726915191618,20,2335,Kosullu
3.3518905422821255,0,2.8125728420861265,18,2336,Kosullu
4.223489863020883,0,0.0,19,2337,Kosullu
23.093893507482697,0,0.0,18,2338,Kosullu
3.5958459593813705,0,0.0,17,2339,Kosullu
2.2138656220620505,0,2.003164274399353,20,2340,Kosullu
3.1375317816755675,0,0.0,18,2341,Kosullu
3.6723211961824944,0,5.756691866694894,20,2342,Kosullu
1.1148789098112644,0,0.0,19,2343,Kosullu
7.432521799401699,0,0.0,19,2344,Kosullu
1.1996969607314425,0,3.322252595491932,18,2345,Kosullu
8.805435852122645,0,30.73834365056871,20,2346,Kosullu
2.2857685661611233,0,0.0,19,2347,Kosullu
3.7832345574978063,0,22.801517388876505,20,2348,Kosullu
15.635624115108307,0,104.19828804635961,19,2349,Kosullu
9.93066498219674,0,0.6212906495999277,18,2350,Kosullu
4.821419014710483,0,0.0,19,2351,Kosullu
2.147427663910179,0,0.0,20,2352,Kosullu
30.72496138019419,0,3.608691688107683,19,2353,Kosullu
5.060749693184035,0,21.476856692814863,19,2354,Kosullu
11.125577362317296,0,20.33588322802177,20,2355,Kosullu
6.81505655100916,0,61.84695977702842,19,2356,Kosullu
3.2719663062189683,0,0.5467437744312633,18,2357,Kosullu
1.8084903357914708,0,10.424488938343814,17,2358,Kosullu
16.611813800373632,0,0.0,19,2359,Kosullu
9.62013357880795,0,12.129375855187675,19,2360,Kosullu
1.1028427926850604,0,5.0,19,2361,Kosullu
7.700265273082669,0,43.2645116986273,20,2362,Kosullu
1.3087005838254107,0,14.044970313939302,16,2363,Kosullu
22.61985983998173,0,34.090552798838246,19,2364,Kosullu
18.422554514423084,0,0.5469331378646416,19,2365,Kosullu
1.4760131801947394,0,0.0,18,2366,Kosullu
11.08243054862097,0,23.82073307214563,20,2367,Kosullu
14.368263285428437,0,81.39179607520259,19,2368,Kosullu
10.928649264386086,0,72.89113411671292,20,2369,Kosullu
2.79476139750274,0,0.0,16,2370,Kosullu
3.403337476383987,0,0.0,16,2371,Kosullu
5.591549978013932,0,9.632805260761359,16,2372,Kosullu
3.1068497332783775,0,46.00377841785047,18,2373,Kosullu
16.461987748758602,0,12.581404718876968,19,2374,Kosullu
3.5807106582669213,0,9.149209400523375,13,2375,Kosullu
1.515998527319141,0,11.733885073499096,18,2376,Kosullu
23.051040271233493,0,45.09009541297996,18,2377,Kosullu
3.1806872134383855,0,0.0,17,2378,Kosullu
4.344051671339561,0,6.575782297151022,20,2379,Kosullu
5.447846294892755,0,0.0,17,2380,Kosullu
0.678530782692988,0,25.855441790197006,19,2381,Kosullu
4.237711896757343,0,0.0,17,2382,Kosullu
34.10895937503225,0,66.99969602049288,20,2383,Kosullu
3.1740231426549164,0,0.6689605092199713,19,2384,Kosullu
3.6935954366852974,0,0.0,18,2385,Kosullu
12.663433506350406,0,0.0,17,2386,Kosullu
9.895093360438738,0,0.0,20,2387,Kosullu
25.13691195315828,0,102.72053072906624,19,2388,Kosullu
6.475436272896845,0,0.0,18,2389,Kosullu
7.966556587263782,0,0.0,19,2390,Kosullu
8.355056939122981,0,0.0,19,2391,Kosullu
7.221751064926997,0,0.0,19,2392,Kosullu
5.535250517822603,0,31.967116213813483,18,2393,Kosullu
1.2965848854081412,0,28.64760220283364,18,2394,Kosullu
9.122756794765783,0,0.0,19,2395,Kosullu
0.7504989431677775,0,0.0,17,2396,Kosullu
0.1646778944723716,0,8.348878888780803,18,2397,Kosullu
2.5230450913476914,0,0.0,19,2398,Kosullu
5.685747931439462,0,2.9561807944738234,17,2399,Kosullu
14.635030225176928,0,28.425109896369975,19,2400,Kosullu
7.6781429528102105,0,11.731395186924942,19,2401,Kosullu
9.875956848441607,0,0.0,19,2402,Kosullu
6.862485844436746,0,57.801074012596416,19,2403,Kosullu
6.529518734572895,0,20.503137468863258,18,2404,Kosullu
7.870981335407316,0,0.0,18,2405,Kosullu
7.708542913221559,0,0.0,17,2406,Kosullu
8.228095243703535,0,11.154121361276566,18,2407,Kosullu
18.419642003155552,0,0.0,20,2408,Kosullu
6.471160667099994,0,0.0,20,2409,Kosullu
15.656488685860053,0,21.925167270682323,19,2410,Kosullu
14.92543648979398,0,0.0,18,2411,Kosullu
7.4296970262406195,0,3.9416853784606474,18,2412,Kosullu
1.1460443043043942,0,0.0,17,2413,Kosullu
0.2821193437354239,0,0.0,20,2414,Kosullu
5.147258776293094,0,0.0,18,2415,Kosullu
12.211350827212796,0,0.0,20,2416,Kosullu
11.55940136567664,0,0.0,20,2417,Kosullu
8.709727331495262,0,0.0,20,2418,Kosullu
3.5155443589330297,0,0.0,17,2419,Kosullu
9.160382142443058,0,44.29007904171738,19,2420,Kosullu
13.251954796623822,0,25.411510199118823,18,2421,Kosullu
5.91804009621646,0,0.0,19,2422,Kosullu
21.322401750288684,0,4.773607859310516,20,2423,Kosullu
9.620356188008637,0,0.0,18,2424,Kosullu
2.5873220633343172,0,5.819181436816393,17,2425,Kosullu
13.258003745929498,0,0.0,19,2426,Kosullu
11.032435162590573,0,0.0,20,2427,Kosullu
4.036703314024267,0,0.0,18,2428,Kosullu
3.7794756976120314,0,18.851059726865117,16,2429,Kosullu
1.1685786908420586,0,0.0,18,2430,Kosullu
1.3331775517805198,0,0.0,19,2431,Kosullu
2.6545817902455924,0,36.11055303656218,20,2432,Kosullu
3.0458842171195126,0,2.9860663978960247,19,2433,Kosullu
17.043123607198567,0,14.287488497876097,19,2434,Kosullu
3.2796764892080503,0,42.923236573048314,19,2435,Kosullu
2.5392371495242636,0,0.0,18,2436,Kosullu
1.6994197774161528,0,0.0,19,2437,Kosullu
32.18415015176385,0,69.66753880629699,18,2438,Kosullu
3.6375790937959263,0,0.0,16,2439,Kosullu
2.486815135814381,0,45.78066176297443,19,2440,Kosullu
2.32424606116073,0,1.011521539064006,19,2441,Kosullu
3.35030188777786,0,18.700257626600433,19,2442,Kosullu
13.681775578747065,0,56.360143078110866,17,2443,Kosullu
1.5568125187170556,0,0.9596501446003458,17,2444,Kosullu
20.371851973754676,0,22.464498273497952,18,2445,Kosullu
1.3625569237871642,0,0.0,18,2446,Kosullu
10.6710865002574,0,0.0,18,2447,Kosullu
12.13310431624048,0,0.0,20,2448,Kosullu
5.183063727389919,0,18.6848397089762,20,2449,Kosullu
13.988516169306362,0,88.20302259047224,19,2450,Kosullu
7.344093732330029,0,10.418112976917826,20,2451,Kosullu
4.530542590764631,0,0.0,17,2452,Kosullu
0.5504427177008253,0,0.0,16,2453,Kosullu
6.089797616172307,0,2.0096771738166126,18,2454,Kosullu
4.311664279689908,0,0.0,19,2455,Kosullu
0.5722498300935942,0,0.0,17,2456,Kosullu
14.710249379680654,0,78.62540382148967,18,2457,Kosullu
10.129510855913006,0,14.335878124867747,20,2458,Kosullu
6.490302569572245,0,0.0,19,2459,Kosullu
6.354159998107282,0,2.2764803870329615,18,2460,Kosullu
3.2459687796478742,0,29.03734743204768,19,2461,Kosullu
16.032042353541602,0,14.256659967168048,18,2462,Kosullu
27.618423811447236,0,0.0,20,2463,Kosullu
3.087636169780466,0,0.0,18,2464,Kosullu
13.261620765607436,0,24.678375911663636,18,2465,Kosullu
5.029273711305413,0,0.0,17,2466,Kosullu
7.566713570776849,0,21.00213962532206,17,2467,Kosullu
67.3969451922318,0,57.89303465272428,17,2468,Kosullu
8.577998479638985,0,25.275582578166677,19,2469,Kosullu
14.152342289649184,0,10.784258722074128,19,2470,Kosullu
3.1054786784410866,0,0.0,19,2471,Kosullu
6.632823642474312,0,46.81725280746758,16,2472,Kosullu
15.438359006152629,0,9.469900198605046,18,2473,Kosullu
8.715961279969088,0,0.0,20,2474,Kosullu
4.401062922502645,0,12.143483568318572,19,2475,Kosullu
2.0583019765754806,0,0.0,18,2476,Kosullu
0.10267456726885953,0,1.3516252629478345,18,2477,Kosullu
5.77408131098194,0,50.605230378403064,18,2478,Kosullu
31.707753851743934,0,24.85030351838452,17,2479,Kosullu
11.919753610558097,0,0.0,19,2480,Kosullu
1.5621449343071294,0,24.68223826930989,19,2481,Kosullu
1.1815757428963014,0,0.0,16,2482,Kosullu
19.10932752977384,0,0.0,19,2483,Kosullu
15.954833421442325,0,0.0,17,2484,Kosullu
11.266935243960729,0,20.224009178551967,18,2485,Kosullu
22.59187633407869,0,4.8746718517568866,18,2486,Kosullu
5.272799440628679,0,0.0,17,2487,Kosullu
6.28748629674534,0,1.2960398303258671,19,2488,Kosullu
1.1432594043127557,0,6.195416929875762,19,2489,Kosullu
10.005184668209331,0,0.0,18,2490,Kosullu
5.111189327446062,0,15.122734211706813,19,2491,Kosullu
3.7732510191192334,0,0.0,19,2492,Kosullu
0.8532201637757902,0,0.0,20,2493,Kosullu
7.94606020075255,0,0.0,17,2494,Kosullu
12.551031126516364,0,0.0,19,2495,Kosullu
3.585380893136513,0,29.088456691250997,17,2496,Kosullu
6.785066997879225,0,3.2584495845670745,20,2497,Kosullu
14.300285526943277,0,10.153787941080282,18,2498,Kosullu
4.121974485627296,0,31.684635977992343,16,2499,Kosullu
