ortalama_hasta_bekleme_dk,hekim_atil_sure_dk,hekim_mesai_asimi_dk,gorulen_hasta_sayisi,gun,politika
2.7211891832821102,15,16.128333910146466,19,0,Statik
52.82134043037548,45,111.24570620551788,17,1,Statik
1.3116295905921684,45,0.0,17,2,Statik
14.97084729817054,45,0.0,17,3,Statik
23.84407858976871,30,23.729478167995183,18,4,Statik
2.8961408702928932,15,35.06658943101735,19,5,Statik
2.061955932340711,30,5.560338746979426,18,6,Statik
3.3768642209231436,60,0.0,16,7,Statik
9.6229464601704,60,0.0,16,8,Statik
7.382479363103794,15,43.06131517909262,19,9,Statik
3.0928500447722116,15,0.0,19,10,Statik
5.171025770130004,30,12.222225131638709,18,11,Statik
34.20420987641135,15,26.26687840546731,19,12,Statik
4.568286182404769,45,0.0,17,13,Statik
16.383548885773315,30,5.459929809863752,18,14,Statik
14.330313455768191,30,0.0,18,15,Statik
2.9693712518184765,0,1.631776159438516,20,16,Statik
0.8584196301745253,30,0.0,18,17,Statik
3.785669763338062,0,0.0,20,18,Statik
15.933389638506082,45,0.0,17,19,Statik
17.43193397143572,30,0.0,18,20,Statik
69.29607162873684,15,80.26017756234836,19,21,Statik
4.01496959876818,15,0.0,19,22,Statik
0.6154212819083114,60,0.0,16,23,Statik
10.337184256178746,30,0.0,18,24,Statik
9.665619842514102,30,0.0,18,25,Statik
3.8594281337867162,60,15.009535052580702,16,26,Statik
21.20203335444795,15,0.0,19,27,Statik
38.801234112441776,30,104.13555321386292,18,28,Statik
1.8974471103268538,30,0.0,18,29,Statik
2.6357231478179086,15,34.613538814581716,19,30,Statik
10.511470106652933,60,25.774113517062858,16,31,Statik
25.843951925610128,45,84.24719657438698,17,32,Statik
9.524366303613578,45,10.365736315135734,17,33,Statik
4.822529419049947,30,0.0,18,34,Statik
3.199706419215548,0,0.0,20,35,Statik
4.382561406229141,30,0.0,18,36,Statik
11.998069395292395,15,0.0,19,37,Statik
28.015672146708578,45,0.0,17,38,Statik
7.873742650187584,45,0.0,17,39,Statik
15.066722612571867,15,0.0,19,40,Statik
16.19541038378279,15,7.103880556839556,19,41,Statik
0.9175410527427192,45,0.0,17,42,Statik
1.5533416274572371,15,0.0,19,43,Statik
8.549375758009788,45,12.739375437627416,17,44,Statik
5.079640325766306,60,0.0,16,45,Statik
15.826550239567743,45,5.747037272436671,17,46,Statik
6.2647567464719405,15,18.590535130817727,19,47,Statik
0.1653832239859711,15,0.0,19,48,Statik
2.571145058190808,15,0.0,19,49,Statik
11.921155499083612,30,0.0,18,50,Statik
13.6824120646719,15,0.0,19,51,Statik
18.90751398629729,15,0.0,19,52,Statik
16.948315159239744,30,0.0,18,53,Statik
1.0482858440605685,30,0.0,18,54,Statik
2.222052401600262,0,0.0,20,55,Statik
0.1753030822487926,30,0.0,18,56,Statik
3.2592900934511237,45,0.0,17,57,Statik
19.978463897861282,15,17.395777213825113,19,58,Statik
1.2066578579355236,15,1.5267969107278532,19,59,Statik
1.206654777353088,30,0.0,18,60,Statik
33.98560647322969,0,17.20800889899482,20,61,Statik
2.418700293185541,60,0.0,16,62,Statik
0.5533015452185515,60,0.0,16,63,Statik
7.229058031659697,15,12.470883342930676,19,64,Statik
0.6932215138398724,15,1.8621851081527439,19,65,Statik
0.6619929865472771,30,0.0,18,66,Statik
0.505716678225038,30,0.0,18,67,Statik
1.421608757964579,45,11.701453481193482,17,68,Statik
7.939726507880945,75,62.741413237141614,15,69,Statik
8.65640535889569,30,0.0,18,70,Statik
8.687401367068157,30,0.0,18,71,Statik
0.8518338661587889,15,0.0,19,72,Statik
18.237463569346936,0,55.27339007102228,20,73,Statik
39.8742043133298,15,32.446796509416686,19,74,Statik
22.577643366117425,15,1.1200938064993693,19,75,Statik
6.603249356218898,45,0.0,17,76,Statik
1.8555337723634115,15,0.0,19,77,Statik
5.6719669730951505,15,33.97533218492714,19,78,Statik
1.545987574199297,30,0.0,18,79,Statik
16.258529162771215,15,0.0,19,80,Statik
2.6450890913063025,45,3.2971429942274995,17,81,Statik
1.3857984239717425,30,0.0,18,82,Statik
6.504388263329399,30,0.0,18,83,Statik
5.132262462632425,45,25.763596957257846,17,84,Statik
2.920635093150201,30,36.62561366833819,18,85,Statik
3.285129507834682,15,3.214597301068409,19,86,Statik
16.72213440490516,30,16.790049289797764,18,87,Statik
1.8550868318491596,45,0.0,17,88,Statik
19.609343172350783,45,8.296344528794634,17,89,Statik
8.464039869091984,30,0.0,18,90,Statik
2.4628175660459712,45,0.0,17,91,Statik
1.9727244713706813,15,2.7210614744378177,19,92,Statik
4.120409683331273,0,0.0,20,93,Statik
2.740726239915666,15,0.0,19,94,Statik
1.6729592258827541,30,15.835319010706314,18,95,Statik
20.165938871639614,30,39.50998828613666,18,96,Statik
28.59732445316653,45,9.623040317618972,17,97,Statik
1.8914201355252183,0,0.0,20,98,Statik
18.46717549582752,30,0.0,18,99,Statik
4.8822279491211535,45,0.0,17,100,Statik
1.4442772742916405,15,5.480031502144527,19,101,Statik
4.690056630150509,30,0.0,18,102,Statik
1.8693239976439124,45,0.0,17,103,Statik
20.424717515502053,45,72.05392839436786,17,104,Statik
1.865900681629017,30,19.021499134085047,18,105,Statik
8.172591678990651,45,2.652941801098052,17,106,Statik
8.226475800417472,45,11.951097864907808,17,107,Statik
1.6648093890211935,75,0.0,15,108,Statik
5.919307306103201,60,0.0,16,109,Statik
5.954071482636272,60,0.0,16,110,Statik
15.48976011140065,30,30.066905821734963,18,111,Statik
11.541610243722536,30,37.95522725498131,18,112,Statik
9.135602581979597,45,15.954020684350837,17,113,Statik
1.49344874320978,45,0.0,17,114,Statik
7.757658834718205,45,69.53656034248803,17,115,Statik
4.290247513676067,0,0.0,20,116,Statik
6.59448290875455,0,0.0,20,117,Statik
9.561493962196222,15,23.6137549979116,19,118,Statik
2.4167490282150412,15,0.0,19,119,Statik
3.577731677492283,15,23.265656021125437,19,120,Statik
6.495551548717349,0,7.838656432773746,20,121,Statik
11.276568725818777,30,30.831171089521035,18,122,Statik
59.08682371793276,15,47.504096461414406,19,123,Statik
6.738392011975305,90,0.0,14,124,Statik
77.95122250953645,15,76.79628087522781,19,125,Statik
2.707271712021414,30,0.0,18,126,Statik
0.4893500453236591,0,0.0,20,127,Statik
5.627449842168314,30,20.379169689952107,18,128,Statik
16.933919819604313,45,0.09819382052540959,17,129,Statik
23.908004208803717,15,0.0,19,130,Statik
0.0,90,14.195508482488606,14,131,Statik
18.56539057245176,15,1.8730705318976106,19,132,Statik
17.527679892096494,30,14.57959886367081,18,133,Statik
1.8287873821601497,15,0.0,19,134,Statik
5.327745526246807,30,0.0,18,135,Statik
6.093952838593687,30,6.962191226387972,18,136,Statik
13.402137475705413,15,11.656591260135372,19,137,Statik
2.6789173869122953,60,32.3225342803583,16,138,Statik
7.005261816119367,45,29.97965261089297,17,139,Statik
0.0,75,0.0,15,140,Statik
15.708136474126945,15,42.61219131528395,19,141,Statik
16.288938592721845,30,34.10096378618357,18,142,Statik
6.696599383288916,60,8.607142774863178,16,143,Statik
14.749607605894886,75,15.680492873526816,15,144,Statik
6.016546914853782,0,0.0,20,145,Statik
0.44875131274685676,60,0.0,16,146,Statik
2.5205183851667488,30,8.804004545884482,18,147,Statik
2.862183945905119,30,0.0,18,148,Statik
0.7092951812577709,15,3.0177570072681874,19,149,Statik
46.10685244928832,0,110.6154253564647,20,150,Statik
11.3059782126494,30,0.0,18,151,Statik
33.209656770861926,30,56.75772876516959,18,152,Statik
27.122629655164953,15,20.994360955462184,19,153,Statik
0.4522156795814759,0,21.943430631040542,20,154,Statik
2.748304069937478,60,0.0,16,155,Statik
5.502802060182699,60,23.766699651765748,16,156,Statik
6.8285948636513885,15,0.0,19,157,Statik
3.7421665939352837,15,1.8233266367216174,19,158,Statik
8.990311725176463,45,8.76756368374987,17,159,Statik
22.1524983172691,0,24.910548675097857,20,160,Statik
12.642198541558122,15,0.0,19,161,Statik
10.068159469304174,30,63.376896326929,18,162,Statik
2.819281723846985,30,0.489772984322542,18,163,Statik
20.76268346333336,45,0.0,17,164,Statik
5.2292721016243,30,13.00040755922629,18,165,Statik
28.359608514965043,0,43.67786406714691,20,166,Statik
20.173337775844995,0,0.0,20,167,Statik
9.251190033435341,30,14.364701032198923,18,168,Statik
1.4301117861869377,75,0.0,15,169,Statik
3.4278786145208255,45,2.4583842741385524,17,170,Statik
2.382950682273769,60,0.15368282778075582,16,171,Statik
15.380372052377087,15,7.298143986721129,19,172,Statik
9.011028370691896,30,23.989925064010606,18,173,Statik
3.180616969807004,15,0.0,19,174,Statik
59.880124322834064,30,72.27825292635225,18,175,Statik
8.28281782296763,45,14.120127876023275,17,176,Statik
0.4558105567866929,15,0.0,19,177,Statik
3.3817989236901265,30,0.0,18,178,Statik
0.5410010053908838,60,0.0,16,179,Statik
3.75757622156899,60,0.0,16,180,Statik
5.827841959255174,15,18.43710865881104,19,181,Statik
20.189202086919494,45,12.229921778050482,17,182,Statik
10.94324163101954,45,0.0,17,183,Statik
1.5939697929709968,45,0.0,17,184,Statik
3.171646741343011,15,1.9126399695412033,19,185,Statik
0.8030692541008797,60,0.0,16,186,Statik
9.023291734691192,15,11.174348713851316,19,187,Statik
4.913173069356826,30,91.77021969167845,18,188,Statik
20.147880390779346,15,19.368350673195266,19,189,Statik
3.9285410870268427,0,20.6688764952508,20,190,Statik
5.41771765910659,0,0.0,20,191,Statik
1.0875763976201422,45,0.0,17,192,Statik
2.045540560594903,30,23.118515239425335,18,193,Statik
15.614871706127465,30,67.47479888919179,18,194,Statik
6.164976334117656,30,53.52104310283511,18,195,Statik
56.60069274970385,0,21.950467166670876,20,196,Statik
2.330725051716822,0,21.1286662107442,20,197,Statik
0.19726301951566066,75,20.064220136752965,15,198,Statik
8.534364024605813,60,0.0,16,199,Statik
6.396497916828749,105,3.0949707843872716,13,200,Statik
4.103944290493047,45,13.282267521096458,17,201,Statik
4.470957724155954,15,10.098832465483838,19,202,Statik
1.9576851900837502,75,0.0,15,203,Statik
1.0170601219628226,45,0.0,17,204,Statik
0.27197894347834556,90,0.0,14,205,Statik
4.340340855621404,15,0.0,19,206,Statik
23.98877011274529,15,0.0,19,207,Statik
0.08504418587085137,45,0.0,17,208,Statik
11.35892863928148,30,0.0,18,209,Statik
4.086472075146634,60,8.230975260434661,16,210,Statik
0.83331155542933,0,0.0,20,211,Statik
28.779803651300085,15,0.0,19,212,Statik
3.31294188376298,15,4.418387768518301,19,213,Statik
22.74464422827738,45,6.379285410980401,17,214,Statik
15.919017924609797,15,0.3341004173916531,19,215,Statik
0.28284660764295005,90,0.0,14,216,Statik
2.137321740189922,60,0.0,16,217,Statik
23.001949128003062,45,0.0,17,218,Statik
5.195797395367039,60,16.05629788538147,16,219,Statik
1.7537251926984128,30,0.15781351629857454,18,220,Statik
3.9253393232625315,0,0.0,20,221,Statik
19.87413462257056,15,0.0,19,222,Statik
46.23261723524286,75,81.16744281495568,15,223,Statik
15.79149913537341,30,1.958548884461834,18,224,Statik
34.30930310966463,30,85.23047170920836,18,225,Statik
19.560139443093455,0,60.27371808365166,20,226,Statik
11.507963194215165,15,0.0,19,227,Statik
3.5512409145206334,15,2.747103090548876,19,228,Statik
1.5834794224084414,45,3.4405311583213916,17,229,Statik
0.7324593301773786,45,3.5526795973802336,17,230,Statik
6.9715250862028935,45,0.0,17,231,Statik
4.91401614998576,45,0.0,17,232,Statik
12.422218801697849,60,0.0,16,233,Statik
10.676355536115702,0,0.0,20,234,Statik
12.101414541777478,15,43.394105687485705,19,235,Statik
10.521401825885881,60,33.28273049221508,16,236,Statik
41.36530813561535,15,43.70752421926568,19,237,Statik
20.347761670757823,30,35.27766325828287,18,238,Statik
46.21549256296433,30,35.286092540686525,18,239,Statik
5.8954775659573535,15,0.0,19,240,Statik
15.327427150152726,15,11.011079944773485,19,241,Statik
6.58317012297997,45,0.0,17,242,Statik
12.257690779970655,30,0.0,18,243,Statik
11.734583662147203,15,5.6329734239541835,19,244,Statik
0.9816431794038117,30,0.0,18,245,Statik
1.2211631653247972,75,0.0,15,246,Statik
7.246875278416879,60,0.0,16,247,Statik
1.9146649556391329,75,8.632469368926934,15,248,Statik
0.1501339233366126,30,0.0,18,249,Statik
5.968705586249829,45,14.029056605643461,17,250,Statik
13.00692289961419,30,34.56317358483335,18,251,Statik
20.327122742750745,30,0.987680642344344,18,252,Statik
0.40322770711407085,15,4.331243694293789,19,253,Statik
35.377538093440464,60,10.577729344551585,16,254,Statik
6.21462118035541,15,62.028896009768914,19,255,Statik
7.2158317462150485,15,30.463055345738894,19,256,Statik
3.1643012911431003,45,0.0,17,257,Statik
22.241252681388893,30,67.69185936693782,18,258,Statik
1.6977196191759196,30,0.0,18,259,Statik
3.666692002933309,45,5.67254144604118,17,260,Statik
46.16870772934264,0,50.95121864144801,20,261,Statik
7.069782431434688,30,41.78795900708059,18,262,Statik
12.652530658774758,30,70.54671255375746,18,263,Statik
22.21111948454945,30,96.40059598903093,18,264,Statik
4.4764456085758315,60,25.499356750429854,16,265,Statik
3.902262110833733,15,30.24204817584848,19,266,Statik
18.129627518647766,0,20.209376172901727,20,267,Statik
10.282862251869398,15,0.0,19,268,Statik
1.9793890324729237,15,0.0,19,269,Statik
20.77099480860425,30,43.604040207541516,18,270,Statik
14.012218284212487,30,0.0,18,271,Statik
5.7470973123409,15,19.644482921250813,19,272,Statik
17.128750775732506,30,30.438340958614162,18,273,Statik
8.398558772351057,15,0.0,19,274,Statik
9.523018121033124,15,14.911629816669802,19,275,Statik
0.5493597398637848,30,0.0,18,276,Statik
4.253565939215346,15,1.760748365035738,19,277,Statik
4.761622195865412,30,0.0,18,278,Statik
8.244963440109041,60,0.0,16,279,Statik
7.343743863117419,0,8.64109505562783,20,280,Statik
19.37156336962102,45,27.262720846384127,17,281,Statik
9.344880196581618,45,0.0,17,282,Statik
1.9115165565423742,75,0.0,15,283,Statik
14.614132762081988,0,0.0,20,284,Statik
7.625775104418102,60,12.448076656321177,16,285,Statik
1.013136257671037,30,0.0,18,286,Statik
1.1685264057195572,30,0.0,18,287,Statik
1.4777820142627955,30,34.56825485024541,18,288,Statik
0.6108420833679368,45,0.0,17,289,Statik
17.152657181135265,45,21.112430301943448,17,290,Statik
13.28645897693141,30,0.0,18,291,Statik
2.3250393994139062,75,0.0,15,292,Statik
11.857426535610356,15,0.0,19,293,Statik
34.898155388036635,15,32.74686465748988,19,294,Statik
8.15132438398107,0,0.0,20,295,Statik
7.010285909340951,30,0.0,18,296,Statik
0.44648688544679593,30,0.0,18,297,Statik
5.066512699720998,0,17.15734447929799,20,298,Statik
4.980231080127137,45,7.406234851219665,17,299,Statik
3.9557791280133245,45,0.0,17,300,Statik
10.299546131667949,30,27.767250912080897,18,301,Statik
5.788933791018813,15,6.149692508710757,19,302,Statik
11.561358391614661,15,6.919315041409959,19,303,Statik
1.195433710399489,60,0.0,16,304,Statik
3.7531426195389614,15,0.0,19,305,Statik
18.991849684930934,15,1.942760376114279,19,306,Statik
4.107691270518181,0,15.41268070311446,20,307,Statik
3.4999691228421903,15,0.0,19,308,Statik
19.766771986860764,15,78.49351601667632,19,309,Statik
0.8443372512673896,15,0.0,19,310,Statik
5.375164307623883,60,0.0,16,311,Statik
7.579977625307022,30,0.0,18,312,Statik
5.23353742988396,60,0.0,16,313,Statik
4.050447776513448,15,0.0,19,314,Statik
5.172789771440046,15,0.0,19,315,Statik
7.220441905422398,45,0.0,17,316,Statik
1.1407753549618518,15,0.0,19,317,Statik
4.8512815415651165,30,74.46308859328991,18,318,Statik
27.19188040599221,15,0.0,19,319,Statik
6.471199865750901,30,71.72191980059472,18,320,Statik
30.323528705897864,75,0.0,15,321,Statik
4.649732392523701,30,0.0,18,322,Statik
5.369465776863116,45,0.0,17,323,Statik
8.808556383801953,45,8.217520406400865,17,324,Statik
18.35782821671593,60,37.23898222707783,16,325,Statik
23.310753497649525,45,0.0,17,326,Statik
9.714202371451693,30,61.2907559030333,18,327,Statik
2.2828995806498957,30,9.598280992608977,18,328,Statik
12.93950897101191,75,0.0,15,329,Statik
11.251386622440933,15,28.378046418415863,19,330,Statik
1.5181335655633292,60,0.0,16,331,Statik
12.301713696068036,75,0.0,15,332,Statik
0.3073494380272517,45,0.0,17,333,Statik
11.60788141744747,45,42.84176546979273,17,334,Statik
19.49272179233796,45,0.0,17,335,Statik
4.611867498987627,30,0.0,18,336,Statik
12.102668704857795,60,0.0,16,337,Statik
0.07804928554296471,30,0.0,18,338,Statik
3.022000087388977,0,8.279658393928855,20,339,Statik
2.6084609831301084,15,18.790262765901787,19,340,Statik
2.218633085252021,45,0.0,17,341,Statik
11.82667647610287,30,7.369726553170494,18,342,Statik
0.6970026533721172,45,0.0,17,343,Statik
6.512080611946576,30,0.0,18,344,Statik
5.891207952014368,0,0.0,20,345,Statik
3.6971532638755726,0,0.0,20,346,Statik
6.091071661279903,75,0.0,15,347,Statik
7.363929521560637,30,0.0,18,348,Statik
4.606880463395952,45,6.9326618649435545,17,349,Statik
14.98747896388738,15,0.0,19,350,Statik
2.2672046375443835,45,0.0,17,351,Statik
3.041064021035136,15,14.005314080537062,19,352,Statik
3.1273085969548364,30,0.0,18,353,Statik
2.6762935092372104,0,0.0,20,354,Statik
7.631351822241707,30,0.0,18,355,Statik
3.5194475616720737,30,0.0,18,356,Statik
2.4268371328776794,30,0.0,18,357,Statik
2.31292532786103,0,27.9487834482062,20,358,Statik
12.403805470689601,15,0.0,19,359,Statik
3.655270930692229,15,0.0,19,360,Statik
4.903636737690214,15,0.0,19,361,Statik
2.9794243853878437,0,3.9980102772527744,20,362,Statik
16.595663728447388,30,49.59506344122275,18,363,Statik
1.4819027641302558,60,0.9377724087532329,16,364,Statik
3.78756975174344,120,4.408160858822612,12,365,Statik
3.1582407999543056,30,0.0,18,366,Statik
9.976406725822038,30,15.266111743316742,18,367,Statik
6.646324513281887,30,33.944561121643346,18,368,Statik
9.890611938278134,45,37.9672412440583,17,369,Statik
13.930894947815688,30,22.4766080448029,18,370,Statik
9.82198841810711,30,11.98051363041668,18,371,Statik
19.45523351166938,45,0.0,17,372,Statik
2.052823470247926,0,0.0,20,373,Statik
9.21510337269898,75,0.36962877023347573,15,374,Statik
0.5650864724177874,75,0.0,15,375,Statik
13.459322287169908,45,31.178135123024163,17,376,Statik
0.9813913185726235,45,0.0,17,377,Statik
10.781112737698654,15,0.0,19,378,Statik
24.729922263392737,30,0.0,18,379,Statik
10.641787627167238,45,0.0,17,380,Statik
43.654180447944476,45,51.95508904121567,17,381,Statik
14.385467013413626,45,0.0,17,382,Statik
5.466401911843537,60,0.0,16,383,Statik
3.4288378804494566,15,17.421589372638664,19,384,Statik
5.333056038572141,45,0.0,17,385,Statik
10.304197833198925,45,46.95117762836503,17,386,Statik
11.01062581629902,15,14.47000075688129,19,387,Statik
24.448578611161167,0,55.01481367807469,20,388,Statik
7.572339616624841,45,0.0,17,389,Statik
5.302201688224736,0,25.939683905332913,20,390,Statik
8.048377253552161,30,0.0,18,391,Statik
6.750346606673588,30,29.708105238184828,18,392,Statik
4.150992271961937,15,3.123809101830659,19,393,Statik
1.3134129600009221,30,0.5248211426602438,18,394,Statik
2.1649450153640055,30,15.796889801802763,18,395,Statik
0.6315055659313353,45,0.0,17,396,Statik
31.197199429260525,0,16.734199779380674,20,397,Statik
2.086911663925908,30,0.0,18,398,Statik
2.116739363684365,15,0.0,19,399,Statik
8.574952064696772,30,7.828552312520401,18,400,Statik
8.990165958468689,15,22.15646234783918,19,401,Statik
6.9895561636115495,30,0.0,18,402,Statik
5.430435405592364,0,6.739776680736725,20,403,Statik
26.8162158241676,30,54.96432168122669,18,404,Statik
20.75560657798504,45,21.204638452842232,17,405,Statik
14.531132909494511,45,7.644486680534385,17,406,Statik
7.072709977174569,75,0.0,15,407,Statik
50.212380216726984,45,13.14387632365299,17,408,Statik
6.710956995503605,30,0.0,18,409,Statik
9.268785785230547,45,1.0036178535145268,17,410,Statik
16.07225591949454,30,0.0,18,411,Statik
1.7902098208187376,0,8.593736828851831,20,412,Statik
9.64423332955845,0,8.98441543727148,20,413,Statik
4.231297936406489,15,0.0,19,414,Statik
7.0225030206182915,30,34.562767192495244,18,415,Statik
10.718420465999772,30,0.0,18,416,Statik
2.3140832227826453,30,0.0,18,417,Statik
22.099203961892528,60,0.0,16,418,Statik
6.997247045609098,45,21.558769854892375,17,419,Statik
1.491947814370974,15,14.415804400873583,19,420,Statik
6.442127301475544,45,0.0,17,421,Statik
13.897389794542837,0,9.490583433961433,20,422,Statik
9.154864952850907,45,0.0,17,423,Statik
0.48637778663820086,0,0.0,20,424,Statik
5.703794220354085,60,0.0,16,425,Statik
13.824568709026536,0,0.0,20,426,Statik
3.994164338936893,30,8.06413809386629,18,427,Statik
29.098546917585765,45,86.08270992755274,17,428,Statik
3.7786112512880567,60,3.2842066783800874,16,429,Statik
4.634456119344576,45,0.0,17,430,Statik
1.6600437443232967,45,26.62664102556397,17,431,Statik
0.9378908830920437,75,20.054321424972272,15,432,Statik
3.561375923299639,30,0.0,18,433,Statik
61.48957659424612,15,54.37818188805113,19,434,Statik
1.1681403915255586,45,0.0,17,435,Statik
9.464075761736952,75,20.65080034846312,15,436,Statik
5.099715736319744,45,3.593547340251746,17,437,Statik
19.588489095593918,30,75.29488764004248,18,438,Statik
21.710423395741753,75,0.5889241607808913,15,439,Statik
0.6788945332399766,0,2.0920714953020365,20,440,Statik
5.571208591363894,45,46.252890939088786,17,441,Statik
4.772396159180298,15,25.041935119244613,19,442,Statik
19.29730051578959,15,6.403366218165502,19,443,Statik
3.896588385330849,60,0.0,16,444,Statik
1.496728913817518,30,0.0,18,445,Statik
0.0,45,0.0,17,446,Statik
19.70980078136604,30,36.284954296719036,18,447,Statik
0.6311114644679545,90,0.0,14,448,Statik
6.5639994467576726,15,4.750465673906319,19,449,Statik
22.11262714327424,15,52.738185861968645,19,450,Statik
17.112390789164937,30,0.9014658123844015,18,451,Statik
5.853768811071823,45,8.115700737725547,17,452,Statik
5.66762883533301,45,2.273258953174434,17,453,Statik
1.803026636338862,0,16.986556693911552,20,454,Statik
14.6988872544715,15,0.0,19,455,Statik
23.067190486690308,0,38.546323610286095,20,456,Statik
1.7136664541551554,15,0.0,19,457,Statik
24.510703760449353,45,14.584849233864361,17,458,Statik
23.298218535599208,15,53.986323990978235,19,459,Statik
14.168060343629394,45,12.327391370452233,17,460,Statik
15.665319988568582,30,32.20259594007706,18,461,Statik
1.2164696385711875,30,40.605759747904415,18,462,Statik
3.6733659898274937,0,0.0,20,463,Statik
4.119816337066976,45,0.0,17,464,Statik
0.9192553609119285,60,0.0,16,465,Statik
7.2752987793284865,30,0.0,18,466,Statik
34.59602849495219,15,60.938775706256365,19,467,Statik
8.95111223222863,15,0.0,19,468,Statik
39.93731623904125,75,0.0,15,469,Statik
5.095969177678504,30,7.877447858939263,18,470,Statik
21.625520225684028,60,0.0,16,471,Statik
8.181398149260055,15,27.934664076263346,19,472,Statik
13.33535693218523,45,0.0,17,473,Statik
11.927951182719113,45,24.276074451830652,17,474,Statik
3.7077374076459826,15,0.0,19,475,Statik
12.652218435768415,15,4.253318928778924,19,476,Statik
4.604632174889207,30,19.610345909288924,18,477,Statik
2.3361494060356405,0,10.88446687869964,20,478,Statik
0.06908896093727034,45,0.0,17,479,Statik
6.910365677164787,30,0.0,18,480,Statik
6.45941660102719,15,8.01116375637821,19,481,Statik
2.5267259292066027,30,14.598925243394149,18,482,Statik
5.214869067392119,15,0.0,19,483,Statik
9.7351412324499,15,0.0,19,484,Statik
2.8060599109136524,90,0.0,14,485,Statik
0.1597579093564434,15,0.0,19,486,Statik
3.804926282591856,45,0.0,17,487,Statik
1.8888084936268414,30,9.862308262500392,18,488,Statik
9.684822129554975,30,0.0,18,489,Statik
12.984222380971499,30,14.752123041822529,18,490,Statik
19.386709848568305,15,48.18451350721125,19,491,Statik
19.002059416714346,30,70.8512170408826,18,492,Statik
26.125062530435294,0,84.81174684167428,20,493,Statik
12.843266418668458,0,0.253657326035011,20,494,Statik
15.674611120912326,30,43.232453830921145,18,495,Statik
0.8683604948014321,45,0.0,17,496,Statik
1.4710621167177496,30,3.510466502868894,18,497,Statik
3.3579336812339315,30,32.08122532545667,18,498,Statik
24.437155681487255,30,18.196673600629993,18,499,Statik
0.31585769368357397,60,5.8125207386765965,16,500,Statik
3.997742638149509,60,0.0,16,501,Statik
8.486209253250053,60,0.0,16,502,Statik
0.13291964397394154,45,0.0,17,503,Statik
11.426970679743215,15,28.892265414579867,19,504,Statik
8.308723896038375,45,0.0,17,505,Statik
5.087859190525846,30,15.55808626433327,18,506,Statik
5.875249188139862,30,0.0,18,507,Statik
28.439517194064575,30,21.197660963318526,18,508,Statik
4.775209076334048,15,0.0,19,509,Statik
11.98138147276906,45,0.0,17,510,Statik
3.0330104996166867,0,9.902548136787914,20,511,Statik
5.120668868205453,45,0.0,17,512,Statik
6.82820580340386,15,0.0,19,513,Statik
17.101052259737358,15,2.7542167035908847,19,514,Statik
0.7780412475901958,15,0.0,19,515,Statik
10.577860932292,45,0.0,17,516,Statik
11.409338809254972,90,83.26376365582792,14,517,Statik
6.808126087738709,15,0.0,19,518,Statik
13.131440046757424,30,2.936005693101947,18,519,Statik
10.831248714971458,15,0.0,19,520,Statik
0.0,45,0.0,17,521,Statik
3.6910736168199416,45,3.2830912803730143,17,522,Statik
5.588116985950621,30,0.0,18,523,Statik
5.092409209599137,15,21.446951580581697,19,524,Statik
2.061906302821822,15,0.0,19,525,Statik
11.795864101338527,45,24.255512226354483,17,526,Statik
9.675122561293277,30,63.17451769752017,18,527,Statik
4.452334245105426,60,17.017396645067095,16,528,Statik
7.341057839169117,45,19.42283919008611,17,529,Statik
19.29466628700513,30,25.868584173033582,18,530,Statik
2.41307323541688,45,0.0,17,531,Statik
12.32268051624032,15,25.948444883615878,19,532,Statik
3.954127309386992,45,29.472701566333853,17,533,Statik
0.2967361399530684,15,0.0,19,534,Statik
5.154187394151285,45,0.0,17,535,Statik
2.169045754639142,30,0.0,18,536,Statik
1.5009859694037486,30,66.28420308780335,18,537,Statik
2.7589717010761268,30,14.268577914661819,18,538,Statik
6.551878472036841,45,20.755166095616573,17,539,Statik
1.2514633562620066,15,19.107805213958784,19,540,Statik
6.575594095388703,30,0.0,18,541,Statik
23.22696167081363,45,8.900118036422839,17,542,Statik
1.247537721308034,60,6.249394465420551,16,543,Statik
6.262482991586017,60,28.254385457940543,16,544,Statik
2.93397802107682,15,0.0,19,545,Statik
17.297721921318548,30,0.0,18,546,Statik
17.89469580922877,30,0.0,18,547,Statik
10.545235838117362,0,19.739278250259304,20,548,Statik
0.852270323963464,45,12.526758109666389,17,549,Statik
32.267061944946335,30,1.430947515127059,18,550,Statik
10.945410867210908,60,0.0,16,551,Statik
3.8199538447636243,60,42.09890835794391,16,552,Statik
17.492591637505654,45,18.130937875197958,17,553,Statik
0.6965703384284034,60,8.753393681472744,16,554,Statik
2.9352683131882054,30,0.0,18,555,Statik
1.343318378807087,30,0.0,18,556,Statik
5.980031154133354,15,10.079208874752055,19,557,Statik
14.145715782714838,30,20.1680547326431,18,558,Statik
4.786898861027444,60,36.53203690056034,16,559,Statik
1.8902322521646744,45,10.367330361870586,17,560,Statik
1.7182464630375023,0,0.0,20,561,Statik
62.52869587170011,45,59.76905954176209,17,562,Statik
15.169883721447407,15,58.20362851651066,19,563,Statik
19.376323342318596,30,2.0082178709824348,18,564,Statik
25.61484873546017,15,19.938852051453125,19,565,Statik
2.776696983997197,30,3.1936625001165453,18,566,Statik
24.67741544030177,15,25.10214440748524,19,567,Statik
3.464344339437188,30,0.8517736073706601,18,568,Statik
6.945736556606605,45,0.0,17,569,Statik
3.226228826950241,60,0.0,16,570,Statik
28.98939706948895,30,143.150813542915,18,571,Statik
7.053805876788921,15,16.487436233853373,19,572,Statik
12.35272747914057,30,0.0,18,573,Statik
1.3490626967846795,30,10.70440094667174,18,574,Statik
13.448399557008948,45,0.0,17,575,Statik
8.42524428057753,30,29.356705778832577,18,576,Statik
32.540054801629545,15,0.0,19,577,Statik
13.129585679284096,15,0.0,19,578,Statik
7.48219752133969,0,0.0,20,579,Statik
2.633509120082839,15,0.0,19,580,Statik
5.092679503506458,45,24.922904229087976,17,581,Statik
9.143962136193789,15,3.077128127910953,19,582,Statik
11.785301742369684,15,10.246564496289977,19,583,Statik
8.451239084837107,15,0.0,19,584,Statik
14.382087593989207,45,23.856272347873016,17,585,Statik
19.6015935479732,15,67.7286941171522,19,586,Statik
14.877273868770654,15,26.48422044869892,19,587,Statik
9.621790269592438,15,0.0,19,588,Statik
6.042648353106385,15,10.997780056493752,19,589,Statik
12.83789516902349,30,56.40049208359591,18,590,Statik
11.437904943749809,60,16.55813349417059,16,591,Statik
3.201670145890947,15,0.0,19,592,Statik
2.9451570426489955,15,4.213261193002495,19,593,Statik
14.846857328083773,30,10.474842809517042,18,594,Statik
20.29325061574552,30,5.370037514988212,18,595,Statik
10.29107124987153,75,0.0,15,596,Statik
67.58160162713145,30,100.82161860663018,18,597,Statik
19.46526053939794,0,0.0,20,598,Statik
6.354033130913316,30,0.0,18,599,Statik
0.3002998335635034,60,0.0,16,600,Statik
1.1918361976631084,45,21.379454188783996,17,601,Statik
6.477333676440181,30,0.0,18,602,Statik
11.1604290413368,90,40.41077669384032,14,603,Statik
6.720475396569277,45,43.070015442774775,17,604,Statik
30.2989059466209,30,27.6691986452974,18,605,Statik
7.23711789324482,45,0.0,17,606,Statik
0.6894081243064049,45,0.0,17,607,Statik
3.407617702564521,15,0.0,19,608,Statik
8.684828991430404,75,0.0,15,609,Statik
5.897236492835344,30,0.0,18,610,Statik
1.7475796889987796,30,0.0,18,611,Statik
9.474655434657052,45,0.0,17,612,Statik
9.680461239253178,15,8.414633979147254,19,613,Statik
26.989162495781454,45,55.010396193555664,17,614,Statik
8.711371024930013,75,11.999473014873274,15,615,Statik
6.151789504965577,45,3.253915308661931,17,616,Statik
0.11819423466944481,15,0.0,19,617,Statik
12.750965225226828,60,24.418259727930092,16,618,Statik
30.943262430811643,0,66.06298827222429,20,619,Statik
24.159041286190575,15,58.72189506751192,19,620,Statik
1.0027732488089593,30,15.34812758602493,18,621,Statik
8.966391572431057,45,28.26212978763516,17,622,Statik
3.160974676080991,15,0.0,19,623,Statik
3.1717753894342486,30,0.0,18,624,Statik
2.436238183200678,30,0.0,18,625,Statik
1.1435734703995553,60,0.0,16,626,Statik
3.0934260238323383,30,0.0,18,627,Statik
5.707155658145127,15,43.32581774601567,19,628,Statik
4.271016196918841,45,44.65463043758393,17,629,Statik
12.378242761692798,15,15.951799604398218,19,630,Statik
5.677529444414519,30,0.0,18,631,Statik
4.032420998839358,45,0.0,17,632,Statik
1.7032888197970257,45,0.0,17,633,Statik
15.097256883410799,15,23.336087481295692,19,634,Statik
15.568168718447957,30,0.0,18,635,Statik
6.9668041337764475,30,0.0,18,636,Statik
40.56739149384711,30,39.978306389409454,18,637,Statik
0.5899232416847329,30,2.9296947000798923,18,638,Statik
14.194428251183545,30,52.909184987519154,18,639,Statik
11.230574938544937,30,12.69908077463191,18,640,Statik
7.962360338492339,30,0.0,18,641,Statik
2.1874530113970168,0,37.7160493077327,20,642,Statik
1.615910402119259,45,12.543892512674745,17,643,Statik
5.764064943929261,30,62.80289207655562,18,644,Statik
1.8940353068281972,60,0.0,16,645,Statik
0.42007929956728757,15,2.0642607792369745,19,646,Statik
2.955962458930146,15,0.0,19,647,Statik
20.20532319785419,30,21.739149375347324,18,648,Statik
8.668747035681056,15,0.0,19,649,Statik
0.9456979957793294,0,0.0,20,650,Statik
18.401458175185564,30,0.0,18,651,Statik
16.231207180767125,15,14.261019001708576,19,652,Statik
8.148662236765835,45,82.82790633600126,17,653,Statik
1.6421382261596582,60,0.0,16,654,Statik
4.4784262050055155,30,0.0,18,655,Statik
10.140160272505927,15,16.516223702078605,19,656,Statik
1.2972478511355585,45,0.0,17,657,Statik
2.06844587888225,45,0.5381808926166514,17,658,Statik
11.588871450775056,30,14.711114230914347,18,659,Statik
24.14758280588232,30,0.0,18,660,Statik
31.217652636991296,15,54.31421692492563,19,661,Statik
55.84724756686552,0,111.47867933134626,20,662,Statik
6.148265453965487,45,0.0,17,663,Statik
2.488602034236895,45,0.0,17,664,Statik
5.068274707093829,60,0.0,16,665,Statik
9.951244960960292,30,0.0,18,666,Statik
0.2235264596888328,75,0.0,15,667,Statik
4.829000153979223,45,1.4013494123557848,17,668,Statik
32.6104889094594,15,52.43590470509508,19,669,Statik
28.854103002113323,15,38.45559593437065,19,670,Statik
5.804235707465024,0,0.0,20,671,Statik
1.8195863185462382,30,9.013618728763277,18,672,Statik
8.900489495140649,60,0.0,16,673,Statik
1.553613641910124,75,0.0,15,674,Statik
10.58267108255016,15,52.37543776014195,19,675,Statik
10.057727726809446,15,20.61852533278875,19,676,Statik
6.611692249684824,30,6.9015777811332555,18,677,Statik
2.5461741484961173,15,0.0,19,678,Statik
9.514901399770412,15,34.58061472039657,19,679,Statik
9.746063148878823,60,0.0,16,680,Statik
11.138488299291891,45,17.092334603020333,17,681,Statik
14.01635397451197,30,93.43636170416244,18,682,Statik
24.831583145608665,45,45.3307247209741,17,683,Statik
24.363569425973317,0,0.0,20,684,Statik
4.621349474895722,45,0.0,17,685,Statik
19.22282941672567,45,28.16320850820091,17,686,Statik
32.61920069812717,15,51.06083843590062,19,687,Statik
0.19924442151522806,15,0.0,19,688,Statik
8.285833749511028,0,0.0,20,689,Statik
17.873037076359115,15,1.177979613885043,19,690,Statik
8.388876845626958,15,0.0,19,691,Statik
17.190268684252477,30,95.82301080928141,18,692,Statik
2.104403839393037,15,8.857786767806772,19,693,Statik
2.873893479209333,75,0.0,15,694,Statik
6.040088920791171,45,1.051107427546242,17,695,Statik
5.651803266179647,45,23.17390643895834,17,696,Statik
14.463772594159039,15,2.409791674341875,19,697,Statik
1.9336764189163849,15,11.692570138237443,19,698,Statik
1.2102190404938247,15,23.660886469582977,19,699,Statik
1.6067217997579484,15,0.0,19,700,Statik
4.211355994301075,75,0.0,15,701,Statik
17.964746254216557,0,28.68162053330309,20,702,Statik
5.07636113936623,15,0.0,19,703,Statik
14.731586766646966,0,12.295052131813804,20,704,Statik
32.23235733594178,0,17.23832747465741,20,705,Statik
1.4873715033931028,0,4.811587584473045,20,706,Statik
2.066878467815356,15,0.0,19,707,Statik
10.781678167122022,60,15.217043382692054,16,708,Statik
1.9392829551522077,15,0.0,19,709,Statik
2.413516606893819,0,30.896859374486326,20,710,Statik
0.691681435724773,15,0.0,19,711,Statik
2.160850664531635,60,0.0,16,712,Statik
5.064500825968381,15,0.0,19,713,Statik
1.8378142207422599,30,0.0,18,714,Statik
1.7602301637150553,60,0.0,16,715,Statik
2.993995337069062,30,0.0,18,716,Statik
2.996395880953675,45,2.287267272424515,17,717,Statik
0.8463694943088724,30,0.0,18,718,Statik
3.2515283508494273,30,0.0,18,719,Statik
1.8587986310465219,60,0.0,16,720,Statik
4.138757494289098,45,0.0,17,721,Statik
5.908117875679745,0,6.3948006971489235,20,722,Statik
33.656839651376806,15,0.0,19,723,Statik
1.0832483702498894,15,0.0,19,724,Statik
3.418894057831813,60,0.0,16,725,Statik
7.42873444270732,30,7.221708295375947,18,726,Statik
5.096182211334776,75,20.427521193702546,15,727,Statik
1.98140775657032,60,0.0,16,728,Statik
7.7360085657345286,30,0.0,18,729,Statik
1.5125785309635134,45,0.0,17,730,Statik
5.7852273998227535,15,0.0,19,731,Statik
0.14497450246874502,30,6.33773799676419,18,732,Statik
7.620990084136036,15,31.607278986039262,19,733,Statik
4.618153189079969,0,0.0,20,734,Statik
20.083289253350728,45,0.0,17,735,Statik
22.27528127211413,45,21.86031867082579,17,736,Statik
1.3032208216016288,30,0.0,18,737,Statik
5.468652783507437,75,0.0,15,738,Statik
7.39705623218942,15,31.151594686495855,19,739,Statik
0.8073227484909851,45,0.0,17,740,Statik
7.069277920912817,75,11.101293103222758,15,741,Statik
7.494303933228132,0,24.87235822353648,20,742,Statik
9.604423743308324,0,0.0,20,743,Statik
0.24863374453284515,30,0.0,18,744,Statik
10.211489617064576,30,0.0,18,745,Statik
7.641228901447279,75,0.0,15,746,Statik
7.089734880645675,0,0.0,20,747,Statik
0.8825654272036388,75,0.0,15,748,Statik
6.597595656138192,15,0.0,19,749,Statik
0.24613987176210608,75,0.0,15,750,Statik
2.2797731898160607,15,0.0,19,751,Statik
7.581723260452497,0,34.98812911019348,20,752,Statik
3.6362694408661054,75,0.0,15,753,Statik
2.402831523743821,45,0.0,17,754,Statik
6.07667678999369,15,1.9430897122597912,19,755,Statik
38.29589635112619,0,32.19427139045888,20,756,Statik
4.091710664622257,60,23.02015800746949,16,757,Statik
23.85342271468129,15,59.75041264507854,19,758,Statik
2.584539876970589,30,0.0,18,759,Statik
5.446788130321248,15,0.0,19,760,Statik
2.8225528699654983,45,0.0,17,761,Statik
2.4434563966050926,45,0.0,17,762,Statik
1.7686895512351681,30,0.0,18,763,Statik
3.234271693760722,30,0.0,18,764,Statik
2.362686749640818,75,9.30985761804294,15,765,Statik
15.537277859475573,75,0.0,15,766,Statik
7.776052248639987,30,18.800836318395397,18,767,Statik
1.8375641157937157,45,2.713556831022572,17,768,Statik
3.7205202127717674,45,8.822818165855551,17,769,Statik
11.432380260384825,60,0.0,16,770,Statik
7.8608571261670726,30,0.0,18,771,Statik
15.06973205392993,75,51.99131035679875,15,772,Statik
3.1818548574265577,60,0.0,16,773,Statik
4.510458524409627,15,0.0,19,774,Statik
10.418571311259205,45,9.066355246255569,17,775,Statik
10.623438197990815,30,0.0,18,776,Statik
1.729024636905442,30,0.0,18,777,Statik
16.245099736873392,30,20.155495841643074,18,778,Statik
23.743257304887116,105,53.28391717084662,13,779,Statik
9.464483718536107,75,0.0,15,780,Statik
1.6510914154043783,45,0.0,17,781,Statik
0.6240028520508344,15,0.0,19,782,Statik
5.473346056729621,15,0.0,19,783,Statik
3.503302770244789,15,9.050303474140946,19,784,Statik
32.31849842001992,0,41.36869156856022,20,785,Statik
19.931204572061983,15,17.241873833553484,19,786,Statik
7.291997827669565,30,0.0,18,787,Statik
6.075764477574007,75,9.165952556423008,15,788,Statik
3.2862054168202848,15,24.71287179790903,19,789,Statik
3.394555268678027,30,0.0,18,790,Statik
3.7180794302297278,30,0.0,18,791,Statik
18.87994659888416,30,28.840968399814074,18,792,Statik
4.212579581604352,75,6.265051467088938,15,793,Statik
18.03104524721542,45,0.0,17,794,Statik
0.5098847357618431,30,29.180834846445975,18,795,Statik
9.486204995090766,60,16.727514277259502,16,796,Statik
68.37948487930221,15,57.589080208292785,19,797,Statik
5.729813733237205,45,23.64272818555179,17,798,Statik
0.6262757972443335,75,0.0,15,799,Statik
3.1667735004243545,15,0.0,19,800,Statik
3.001634703255016,30,4.662943607418697,18,801,Statik
49.1173985734683,0,120.19631271732169,20,802,Statik
18.680527773099648,45,1.1250104382870632,17,803,Statik
11.531382553505644,60,0.0,16,804,Statik
3.4989760393934377,45,0.0,17,805,Statik
6.235795748223703,15,0.0,19,806,Statik
13.822286224560704,45,38.712590428131534,17,807,Statik
9.31711469665766,15,24.767127375283053,19,808,Statik
6.700524947324075,15,16.736956951540492,19,809,Statik
1.6425762968079203,15,0.0,19,810,Statik
2.6741467855666485,45,25.85246486447994,17,811,Statik
2.8820249363606747,0,0.0,20,812,Statik
1.4323216855742147,60,2.5691643788224496,16,813,Statik
5.633895434483526,30,27.664925494489637,18,814,Statik
4.5488214329380625,0,54.41189084873366,20,815,Statik
5.224959910498611,90,0.0,14,816,Statik
4.410477336935845,45,0.0,17,817,Statik
4.610141280772924,60,0.0,16,818,Statik
1.5664624627577828,30,0.0,18,819,Statik
17.834131462589575,30,0.0,18,820,Statik
2.2736960520033667,45,4.461677997735933,17,821,Statik
19.745259927477363,30,84.4023050064618,18,822,Statik
2.9166959488588926,30,11.493175237312016,18,823,Statik
3.2684871296313904,45,26.60149679854419,17,824,Statik
13.184433552074804,30,6.088210795677924,18,825,Statik
4.859182984856342,45,9.021665698944673,17,826,Statik
4.732256128638985,15,7.349162961561774,19,827,Statik
1.009715170966023,0,0.0,20,828,Statik
7.018256596288135,75,23.17816335470536,15,829,Statik
1.5321583713411802,30,7.931161885257438,18,830,Statik
29.661268864123016,30,35.17557281673669,18,831,Statik
5.625950019750425,30,49.59052404766476,18,832,Statik
21.178576656099015,15,64.92652158573463,19,833,Statik
0.28084987020697433,90,0.0,14,834,Statik
0.5585940468244998,90,0.0,14,835,Statik
5.597801846265699,15,7.792395179477182,19,836,Statik
36.97756571007775,45,31.061859870949036,17,837,Statik
26.052232399451484,30,13.697451054601743,18,838,Statik
7.9509753616349235,30,0.0,18,839,Statik
16.27826575412638,15,30.079124304060542,19,840,Statik
31.206445851274648,30,83.22843097458309,18,841,Statik
9.091857829266377,75,0.5284753619908997,15,842,Statik
2.6985203393004316,45,0.0,17,843,Statik
8.12913135303438,60,43.781751906688555,16,844,Statik
35.58339638225314,30,50.74230942919951,18,845,Statik
30.182915149876006,45,0.0,17,846,Statik
11.179536047556178,75,81.29477505148918,15,847,Statik
4.82829317088885,15,18.863528576287138,19,848,Statik
19.225591538732328,0,0.0,20,849,Statik
1.4307324039901408,30,0.3105934336613245,18,850,Statik
1.3865337314525636,0,0.0,20,851,Statik
5.563218781792181,30,0.0,18,852,Statik
2.0109793855786515,60,0.0,16,853,Statik
12.980371299217843,30,0.0,18,854,Statik
1.2258227980194494,15,0.0,19,855,Statik
4.785995874587126,30,0.0,18,856,Statik
1.0183152445491677,45,0.0,17,857,Statik
2.4281246483566523,30,0.0,18,858,Statik
9.934436288941,45,0.0,17,859,Statik
5.134152246436419,15,50.097717374977435,19,860,Statik
15.002718149424233,45,42.88439797725556,17,861,Statik
1.327824505918819,45,0.0,17,862,Statik
3.119893312588228,0,0.0,20,863,Statik
11.209370384410915,45,23.200644404150523,17,864,Statik
4.891521145294913,0,0.0,20,865,Statik
5.2871508580945195,30,0.0,18,866,Statik
44.39378641873882,15,33.65245762122771,19,867,Statik
6.617239658907696,75,0.0,15,868,Statik
14.075618762832692,30,0.0,18,869,Statik
26.028858706186924,15,38.25013102261829,19,870,Statik
5.143682767958058,30,23.26381183230609,18,871,Statik
25.932359261729456,45,25.666132839080603,17,872,Statik
4.024862417128413,15,15.599852291624188,19,873,Statik
29.907841157322956,15,49.95068736582124,19,874,Statik
11.87902481347178,15,9.320889084201212,19,875,Statik
4.226944850585183,15,0.0,19,876,Statik
11.214398364437503,15,47.30986837962871,19,877,Statik
0.8539125604084252,45,0.0,17,878,Statik
0.5373367535415225,30,0.0,18,879,Statik
4.736371614632639,30,0.0,18,880,Statik
2.6401937977344403,45,18.491411154693765,17,881,Statik
3.121499361481453,60,23.858957712594815,16,882,Statik
50.927844830939854,0,117.14317955879682,20,883,Statik
2.494622386364107,15,0.0,19,884,Statik
2.546419606344214,30,5.9718208678792735,18,885,Statik
4.248208018552903,45,0.0,17,886,Statik
73.67425731097458,0,25.731481084433256,20,887,Statik
0.7538901119766208,45,0.9629762539866533,17,888,Statik
0.9225599756537594,45,0.0,17,889,Statik
1.9914940292444214,30,11.360500642908335,18,890,Statik
0.3605310909167305,45,0.0,17,891,Statik
4.23460128625068,30,3.7256612421050477,18,892,Statik
8.335863176593454,15,20.77768532722382,19,893,Statik
0.26932498434031293,15,0.0,19,894,Statik
0.09942211114633726,45,0.0,17,895,Statik
3.177201905350813,60,0.0,16,896,Statik
9.98058179268053,15,2.038998974597689,19,897,Statik
1.0727559041891481,45,6.165993202016637,17,898,Statik
1.6514283877591076,0,20.287605166484525,20,899,Statik
6.212501254991673,75,0.0,15,900,Statik
4.0164065747691895,15,0.0,19,901,Statik
9.174339765652917,30,0.0,18,902,Statik
11.45106028404563,60,0.0,16,903,Statik
3.995609577115861,45,0.0,17,904,Statik
4.463448139979509,30,39.846262201024786,18,905,Statik
1.1077900233545577,45,11.75250900302592,17,906,Statik
7.801463683308586,0,12.231698681442367,20,907,Statik
4.197140086228497,30,0.0,18,908,Statik
1.8045223273463278,0,4.7009090738479244,20,909,Statik
13.876003267409004,30,3.315176448238333,18,910,Statik
1.9607471177999423,15,0.0,19,911,Statik
12.709589932298858,0,37.67145124040218,20,912,Statik
12.116826241910175,15,69.50964690745815,19,913,Statik
6.041343577846553,0,10.354142249196855,20,914,Statik
2.439177689758283,15,0.0,19,915,Statik
8.014858663466738,75,0.0,15,916,Statik
5.787454907643339,15,16.06247832735346,19,917,Statik
8.76434029580558,75,1.516733323910728,15,918,Statik
13.669412093430289,30,0.0,18,919,Statik
6.689145554730811,0,0.0,20,920,Statik
14.549408453080463,15,17.964177372196275,19,921,Statik
9.19978272411168,60,49.02828110359974,16,922,Statik
1.8440409993348217,60,0.0,16,923,Statik
1.1695758663523657,30,0.0,18,924,Statik
35.66007277629552,30,0.0,18,925,Statik
0.0,45,0.0,17,926,Statik
1.6011072655105414,30,0.0,18,927,Statik
4.619740420246736,30,0.0,18,928,Statik
0.9686870959095634,120,16.465994340968734,12,929,Statik
1.097078151799329,15,1.7745284881846146,19,930,Statik
8.223108041898318,30,7.116952937788199,18,931,Statik
0.23520237340991557,60,0.0,16,932,Statik
8.794384520604558,60,15.23235279746558,16,933,Statik
32.89437117697501,30,27.549860307186805,18,934,Statik
3.0980109310793527,30,0.0,18,935,Statik
5.189578903054053,0,39.84283348368717,20,936,Statik
42.67873709131849,0,115.03992353196941,20,937,Statik
32.88537696166287,45,61.16396600436718,17,938,Statik
3.326095942416314,30,0.0,18,939,Statik
1.7311808248725822,90,2.972147644130814,14,940,Statik
3.5284708446202644,45,0.0,17,941,Statik
6.94143708792726,30,24.165124682812632,18,942,Statik
13.630964079307423,45,0.0,17,943,Statik
7.366236918987915,15,23.706777492918377,19,944,Statik
19.04296691409473,45,0.0,17,945,Statik
0.6155453191771407,30,0.0,18,946,Statik
5.5581710762593515,60,11.501158009402104,16,947,Statik
4.837059568336395,30,7.3311803667982645,18,948,Statik
1.3984271650198663,30,0.0,18,949,Statik
5.362369466906165,15,14.773854842638627,19,950,Statik
2.825421266310329,15,0.0,19,951,Statik
7.24816120350109,90,24.139326133213103,14,952,Statik
19.605729534276897,60,0.0,16,953,Statik
19.982878860871438,60,3.7503933494753596,16,954,Statik
3.464637130812316,30,0.0,18,955,Statik
7.2147788563640285,90,10.36418813970181,14,956,Statik
8.311921365456403,15,15.804327320657933,19,957,Statik
2.091050397256874,90,0.0,14,958,Statik
4.705689362001455,15,0.0,19,959,Statik
6.27611476978609,90,0.0,14,960,Statik
6.085479169179669,45,77.94227327867975,17,961,Statik
1.704505166255901,30,0.0,18,962,Statik
64.90189103847483,0,65.0638347693461,20,963,Statik
1.2406259785971376,15,0.0,19,964,Statik
2.748660879320632,15,0.0,19,965,Statik
13.083786670279345,30,11.909329771754244,18,966,Statik
1.5732788196369938,75,22.097105438714834,15,967,Statik
9.426453681607972,15,13.31906127711909,19,968,Statik
19.411776447448307,15,23.63273602693448,19,969,Statik
4.325293820177381,45,32.93778630657545,17,970,Statik
4.715097381003167,0,0.0,20,971,Statik
1.005731396099788,15,20.863719432076266,19,972,Statik
3.246395268395146,60,0.0,16,973,Statik
1.887001147615968,30,0.0,18,974,Statik
0.925372511831616,30,12.65648760680341,18,975,Statik
5.626597635632337,15,23.026442183596032,19,976,Statik
5.323492918124212,45,0.0,17,977,Statik
14.575238132018578,15,26.20674467185472,19,978,Statik
7.521448930955572,30,0.0,18,979,Statik
1.301923607286172,45,0.0,17,980,Statik
23.178825049174925,75,38.16308228812238,15,981,Statik
2.49668982087206,15,0.0,19,982,Statik
41.0963142707692,0,25.618996694280554,20,983,Statik
12.225664791599954,45,51.12525334980762,17,984,Statik
10.300361637910335,30,0.0,18,985,Statik
1.1648583272297284,15,0.0,19,986,Statik
8.731358904860844,30,0.0,18,987,Statik
0.3311263178088819,105,0.0,13,988,Statik
18.078092034393762,15,26.970595237996633,19,989,Statik
3.063688964413549,15,0.0,19,990,Statik
15.073427693557903,30,8.794588760743864,18,991,Statik
2.197609512375626,30,0.0,18,992,Statik
1.3241071522442271,30,0.0,18,993,Statik
3.6895858668127515,0,2.8471274100679125,20,994,Statik
12.036087154099556,15,32.385271201167996,19,995,Statik
4.303543386311157,60,0.0,16,996,Statik
0.8280867713945592,45,0.8923860336132634,17,997,Statik
7.0329932647387885,30,13.094675638958392,18,998,Statik
15.935314366838174,0,13.159385187784096,20,999,Statik
53.23554502450645,0,20.519727017161983,20,1000,Statik
16.065980816438646,30,2.2873475274008115,18,1001,Statik
2.594132940729857,0,0.0,20,1002,Statik
15.093830753336176,45,22.82179024980769,17,1003,Statik
6.918715324354315,60,0.0,16,1004,Statik
12.620889901354614,30,0.0,18,1005,Statik
0.20900284637577293,60,1.795560684651548,16,1006,Statik
1.2639289621326613,45,0.0,17,1007,Statik
0.39683492822189903,45,0.0,17,1008,Statik
1.7626440744401621,30,40.62091039166029,18,1009,Statik
4.088718489543662,15,1.2035073885146517,19,1010,Statik
8.384288851010286,60,3.9247938412021313,16,1011,Statik
0.7728337045461555,30,19.9648404139391,18,1012,Statik
10.256455853207513,45,0.0,17,1013,Statik
34.39294298604875,30,94.45044429971153,18,1014,Statik
92.02615478425085,30,71.66584414407396,18,1015,Statik
4.7552646783493975,45,9.836400732451978,17,1016,Statik
7.019406185613097,60,0.0,16,1017,Statik
9.131931780569024,30,0.0,18,1018,Statik
1.4582833727425717,45,0.0,17,1019,Statik
8.363113274457845,75,0.0,15,1020,Statik
21.10299934579022,75,5.61424217041008,15,1021,Statik
6.611067493542078,0,8.257274818064559,20,1022,Statik
23.08275396543036,0,71.0840659554737,20,1023,Statik
3.256628906398028,0,0.0,20,1024,Statik
14.081637018725823,15,23.4662087324582,19,1025,Statik
14.293790105937806,0,62.47876317288541,20,1026,Statik
0.9459550137113828,45,0.0,17,1027,Statik
2.148882184310539,45,0.0,17,1028,Statik
12.684286477002892,75,0.0,15,1029,Statik
6.851580105566523,15,0.32035402979505534,19,1030,Statik
1.036324311579807,75,0.0,15,1031,Statik
1.6425044443479748,15,0.0,19,1032,Statik
11.157558489416765,0,53.13944660801252,20,1033,Statik
7.9237055047477005,15,0.0,19,1034,Statik
2.0196454648267044,60,0.0,16,1035,Statik
3.1511491610334756,105,0.0,13,1036,Statik
6.613801831625521,15,0.72981168735663,19,1037,Statik
10.448020315275881,30,21.95112908915121,18,1038,Statik
18.448342153423862,45,2.7579165824336087,17,1039,Statik
2.156848351575636,30,2.1346570717502686,18,1040,Statik
22.507622890141036,30,20.724003167113835,18,1041,Statik
1.8754905275891582,30,16.582334310900876,18,1042,Statik
3.9293080274675893,45,0.0,17,1043,Statik
0.7647573026386899,30,0.0,18,1044,Statik
0.3143129636251345,15,0.0,19,1045,Statik
9.667044639085775,45,5.6382232574103455,17,1046,Statik
3.9583950476328806,45,0.0,17,1047,Statik
34.24111657664479,30,0.0,18,1048,Statik
6.102883047756006,0,23.799280027540533,20,1049,Statik
9.461629505876212,60,25.03277533780698,16,1050,Statik
7.376938287504227,30,0.0,18,1051,Statik
5.273509947120126,60,4.507605460172158,16,1052,Statik
1.0109827162426839,45,0.0,17,1053,Statik
3.742666802876484,15,0.0,19,1054,Statik
6.179400161582645,30,0.0,18,1055,Statik
0.36319953726722476,45,0.0,17,1056,Statik
1.129326959568141,30,43.37097982421483,18,1057,Statik
9.46951202619263,45,0.0,17,1058,Statik
0.8643802145768602,30,0.0,18,1059,Statik
43.32696222230527,30,59.71840873153354,18,1060,Statik
13.415696863458102,30,20.64036209355902,18,1061,Statik
7.085184461902986,0,0.0,20,1062,Statik
6.24796909064187,60,1.9740769933189881,16,1063,Statik
5.3063128662266426,60,26.769504417869655,16,1064,Statik
2.7141589833884248,0,0.0,20,1065,Statik
1.7691619222760777,75,3.7433133068030884,15,1066,Statik
37.75866204602116,60,7.602523635539228,16,1067,Statik
26.856861967327095,15,109.09261500344087,19,1068,Statik
23.15682630988705,15,8.023683876321968,19,1069,Statik
5.726480624672164,15,9.866631278587874,19,1070,Statik
0.3165920335694502,30,0.0,18,1071,Statik
18.572622908373575,30,0.0,18,1072,Statik
25.614033081711103,0,26.410864330045683,20,1073,Statik
3.577771997780742,30,20.457903920807325,18,1074,Statik
4.4100836287726555,30,0.0,18,1075,Statik
2.30996672125658,45,0.0,17,1076,Statik
16.121727144504163,15,0.0,19,1077,Statik
11.089125598395084,15,67.9212881401852,19,1078,Statik
13.88042628637265,0,82.10593713567414,20,1079,Statik
11.928540529957232,15,0.0,19,1080,Statik
3.1069908425472508,30,11.099341607735028,18,1081,Statik
2.9853670557976733,0,0.0,20,1082,Statik
6.5437245692515855,60,0.0,16,1083,Statik
0.24869260488972433,45,0.0,17,1084,Statik
8.148360745808318,45,1.8344306776556323,17,1085,Statik
3.621083850415004,15,1.2554246332549042,19,1086,Statik
14.125447935874279,45,2.10041075571462,17,1087,Statik
6.66797844101956,30,48.57695939877681,18,1088,Statik
1.429483899200953,45,0.0,17,1089,Statik
6.687591932755325,60,4.547049871776039,16,1090,Statik
17.697839429601007,15,0.0,19,1091,Statik
11.695175332340945,30,24.50133835343729,18,1092,Statik
0.8476065881055092,30,0.0,18,1093,Statik
1.8495945921179084,30,0.0,18,1094,Statik
4.209777753341121,0,25.354114332697236,20,1095,Statik
1.9606273745258176,30,0.0,18,1096,Statik
9.09860357871279,30,8.181533726072757,18,1097,Statik
10.75300428908092,0,19.316568762869167,20,1098,Statik
1.5144626964398131,15,0.30799300883302294,19,1099,Statik
15.06864969378045,30,30.121062122829585,18,1100,Statik
13.053613246994573,15,32.1294849516446,19,1101,Statik
10.27349143908859,30,70.047764479644,18,1102,Statik
1.5096210540015624,60,2.1553729091161813,16,1103,Statik
2.8994996315092814,30,5.326128724574403,18,1104,Statik
36.53408031701885,0,0.0,20,1105,Statik
11.441753862589394,15,0.0,19,1106,Statik
14.119612376720607,0,3.7749504226621866,20,1107,Statik
2.4535179258747015,30,0.9988535173911828,18,1108,Statik
8.94450012397905,30,7.327983406711326,18,1109,Statik
5.234365438639228,75,34.884660930725886,15,1110,Statik
1.7695530045589507,60,6.548573094796836,16,1111,Statik
14.858163988338312,30,40.18629783473102,18,1112,Statik
0.061424019749818766,30,0.0,18,1113,Statik
6.060059450735663,0,0.0,20,1114,Statik
1.6310477858395052,30,0.0,18,1115,Statik
3.7153816243897895,60,0.0,16,1116,Statik
2.3533729071990788,30,0.0,18,1117,Statik
6.428010108088301,45,22.86599861053952,17,1118,Statik
16.372775869281032,0,20.774465135893877,20,1119,Statik
3.824362993063023,30,7.287155663242288,18,1120,Statik
1.204450972009404,30,11.843729614623669,18,1121,Statik
9.78486090329349,30,0.0,18,1122,Statik
11.145136922712524,45,0.0,17,1123,Statik
5.285226334442362,45,9.829803829384275,17,1124,Statik
6.704219231637788,0,1.2023104387242824,20,1125,Statik
4.567201555095168,15,18.486857009690823,19,1126,Statik
23.045214089997472,60,35.67144700040143,16,1127,Statik
0.49858478637577897,30,15.912720926294924,18,1128,Statik
67.36900844499127,30,97.15040868954202,18,1129,Statik
3.0254183472882437,0,0.0,20,1130,Statik
11.935678436091322,0,6.491363685409965,20,1131,Statik
2.758897109172872,45,0.0,17,1132,Statik
7.306478397233843,15,0.0,19,1133,Statik
27.64231511868992,15,42.86232360514964,19,1134,Statik
3.249666031229535,30,2.7646232871154552,18,1135,Statik
7.486686952880013,45,0.0,17,1136,Statik
2.062436517906162,30,0.0,18,1137,Statik
3.899131601878072,45,8.60339395854379,17,1138,Statik
12.02649579395881,15,0.0,19,1139,Statik
13.063320723325077,0,7.051312055210872,20,1140,Statik
15.307820649934039,75,0.0,15,1141,Statik
8.153863189439276,30,14.106566799974644,18,1142,Statik
8.700978705260482,15,0.0,19,1143,Statik
3.8423943120116593,60,0.0,16,1144,Statik
5.870413738326736,30,17.753924178025045,18,1145,Statik
3.1607260914165978,30,0.0,18,1146,Statik
8.950388615908196,0,8.397691952606522,20,1147,Statik
13.525779795897094,0,37.093126091131694,20,1148,Statik
3.0020847814270395,15,19.141001054239894,19,1149,Statik
12.171623606824962,45,0.0,17,1150,Statik
6.489314580153122,15,0.0,19,1151,Statik
2.3333287679347348,30,5.2697454003674125,18,1152,Statik
4.456591286457241,45,1.9776358074429368,17,1153,Statik
11.697813200646136,60,0.0,16,1154,Statik
0.6690105874865688,45,5.920559045206289,17,1155,Statik
7.092108292459127,30,10.50787143551861,18,1156,Statik
4.705647369889709,60,18.29559762124859,16,1157,Statik
13.261336600441386,0,64.72465679084917,20,1158,Statik
17.296645228318056,15,0.0,19,1159,Statik
2.2720057314500117,60,0.7863161469418856,16,1160,Statik
56.959961660341236,30,72.0709916561276,18,1161,Statik
11.296097033214895,15,35.61981581441569,19,1162,Statik
18.03082461916604,30,29.31149055073388,18,1163,Statik
26.289859109049775,30,70.89448143061958,18,1164,Statik
4.379301522749469,0,0.0,20,1165,Statik
6.190836671789093,15,3.3799541692777098,19,1166,Statik
20.93822859136489,30,44.436565382854724,18,1167,Statik
6.177162522842973,60,0.0,16,1168,Statik
1.4668463354894523,30,0.0,18,1169,Statik
1.9527891653294327,75,0.0,15,1170,Statik
5.993773766393211,60,0.0,16,1171,Statik
26.437304451911622,60,62.73493694318864,16,1172,Statik
19.46689140615652,15,14.24270244598722,19,1173,Statik
13.41383348820416,15,29.439307038996276,19,1174,Statik
4.762537657446586,45,0.5389620833007598,17,1175,Statik
11.935619436560566,0,19.106430171977536,20,1176,Statik
1.4633892437808167,75,0.8713536033009177,15,1177,Statik
1.213712089078258,30,1.1651901632924364,18,1178,Statik
6.800717837811806,30,46.88606547677483,18,1179,Statik
1.4587555631911755,30,0.0,18,1180,Statik
7.259804153678443,0,0.0,20,1181,Statik
4.411089249548648,45,6.17165503790892,17,1182,Statik
2.4688026431386167,0,0.0,20,1183,Statik
14.907450208233392,45,10.447062778383042,17,1184,Statik
10.553092582045501,45,0.0,17,1185,Statik
6.482978548222599,0,0.0,20,1186,Statik
6.140000613605928,60,33.07416718069845,16,1187,Statik
29.610681338960745,45,0.0,17,1188,Statik
5.475345637528016,30,0.0,18,1189,Statik
10.37939690244301,15,0.0,19,1190,Statik
2.9970461475616696,30,12.506359416219766,18,1191,Statik
11.010402454865101,30,42.04769496782558,18,1192,Statik
4.576591877884123,60,11.531369520302576,16,1193,Statik
9.875841683559452,30,7.675042155550159,18,1194,Statik
1.0062864506849445,45,0.0,17,1195,Statik
8.252872687416852,45,0.0,17,1196,Statik
3.395145260020076,15,10.726967792538915,19,1197,Statik
8.674274952289824,30,0.44728483036749367,18,1198,Statik
2.462452712361441,0,38.406668493159884,20,1199,Statik
15.86226166187141,15,0.0,19,1200,Statik
7.478101123824558,30,0.0,18,1201,Statik
6.119421523075915,30,31.868113638142233,18,1202,Statik
9.839170781149907,15,0.0,19,1203,Statik
20.155618864331064,30,81.9546238739261,18,1204,Statik
4.486227900851711,0,0.0,20,1205,Statik
4.555920745192941,15,0.0,19,1206,Statik
6.592656091741878,60,24.646704391520416,16,1207,Statik
0.960554113918062,60,0.0,16,1208,Statik
6.541552977243012,15,0.0,19,1209,Statik
16.695379105937114,0,0.1353787704576348,20,1210,Statik
3.242689323740316,30,0.21067808343201477,18,1211,Statik
14.552897121094295,30,35.498230427697195,18,1212,Statik
4.345942985060066,30,19.065643172077387,18,1213,Statik
9.549392058516869,60,13.389701552202439,16,1214,Statik
6.274716368328629,45,0.0,17,1215,Statik
20.133056377308918,15,32.950560902936616,19,1216,Statik
9.920127822990926,60,70.59292950571052,16,1217,Statik
34.258350713002315,30,27.852514694952617,18,1218,Statik
1.948932137220981,15,7.488408680335169,19,1219,Statik
33.06367839977836,30,49.75108366343596,18,1220,Statik
6.853551025176656,15,0.0,19,1221,Statik
12.41648019313684,15,17.614785405296743,19,1222,Statik
6.961062007777454,15,40.84474569140093,19,1223,Statik
4.119732977253785,0,42.77278100927896,20,1224,Statik
34.32655721580627,0,53.93775540734788,20,1225,Statik
1.694134092069702,15,11.445742785413643,19,1226,Statik
0.8440865973122398,30,0.0,18,1227,Statik
12.65088303311431,15,0.0,19,1228,Statik
27.661812153965204,15,71.579243660298,19,1229,Statik
3.3101298442966867,15,5.529737029925343,19,1230,Statik
7.0919088602644464,15,0.0,19,1231,Statik
14.097111607710179,45,1.9754209371855609,17,1232,Statik
10.19430809499409,15,0.0,19,1233,Statik
23.481074200079203,75,0.0,15,1234,Statik
7.613876086816224,30,22.452445367048256,18,1235,Statik
2.206473035029661,60,7.28156990499366,16,1236,Statik
14.945177386401621,0,40.53159143430014,20,1237,Statik
14.849568409739065,45,47.37850099125302,17,1238,Statik
7.707348856944929,15,13.38199205358734,19,1239,Statik
0.4224731674030143,75,0.0,15,1240,Statik
6.8844640807595106,15,14.938866420104489,19,1241,Statik
2.319585200876683,45,0.0,17,1242,Statik
2.783973496900028,45,6.647188020402325,17,1243,Statik
6.241973293529295,45,0.0,17,1244,Statik
13.723939169563621,30,0.0,18,1245,Statik
4.634293221330549,30,8.601812918624148,18,1246,Statik
0.3448270621334417,30,0.0,18,1247,Statik
1.9672196219076081,15,5.864839080179422,19,1248,Statik
4.882878753162343,30,14.480437710595197,18,1249,Statik
22.593467134358555,30,48.53506673108717,18,1250,Statik
14.31263097944247,45,26.491169331801643,17,1251,Statik
21.82427537262676,30,36.728235658697656,18,1252,Statik
8.714977865918103,60,4.256328043647784,16,1253,Statik
1.3455519320824412,30,0.0,18,1254,Statik
7.983090617013005,30,26.32948082263249,18,1255,Statik
3.6412168989956246,30,6.702517383738609,18,1256,Statik
5.580021059028346,30,29.604089593474555,18,1257,Statik
7.36777649807423,0,0.0,20,1258,Statik
1.1855489792718652,30,0.0,18,1259,Statik
0.5191569650499804,15,0.0,19,1260,Statik
9.346631691844536,30,0.0,18,1261,Statik
2.39788912349669,45,0.0,17,1262,Statik
19.142282040346934,30,21.09894318169097,18,1263,Statik
0.1658827864637933,15,10.26602045166635,19,1264,Statik
0.5875625777714052,45,11.943950473549819,17,1265,Statik
41.88788104268086,60,51.26026890777223,16,1266,Statik
28.263628127278672,15,11.845160415436851,19,1267,Statik
1.1326908162943372,15,0.029600395330021456,19,1268,Statik
6.066455602498086,90,30.099740306647277,14,1269,Statik
31.950666289653164,30,9.575017213597846,18,1270,Statik
31.738017940211087,15,13.523652142338051,19,1271,Statik
2.9091503329331485,30,0.0,18,1272,Statik
0.2625239985990741,30,3.66180142496097,18,1273,Statik
1.4864852884788198,90,0.0,14,1274,Statik
21.809037881196154,30,22.463402919825796,18,1275,Statik
6.925280133614308,30,18.05024719992491,18,1276,Statik
2.8657423877959602,15,11.896068081814349,19,1277,Statik
1.0420779285842898,0,3.6335554158225705,20,1278,Statik
1.8898075343537057,15,0.0,19,1279,Statik
4.829411158922452,75,0.0,15,1280,Statik
2.275533630912047,15,0.0,19,1281,Statik
2.748279720492129,15,0.0,19,1282,Statik
21.238439123995345,0,20.03460713670472,20,1283,Statik
37.75911803478118,0,47.05884138572367,20,1284,Statik
7.5666920413083485,0,0.0,20,1285,Statik
9.609176774704444,30,14.648169161590033,18,1286,Statik
6.578015782692709,75,9.65573668365522,15,1287,Statik
2.212915949692596,15,0.0,19,1288,Statik
1.8411422179038435,30,11.693712037198452,18,1289,Statik
3.389319306182627,45,3.1414380578958117,17,1290,Statik
4.086641384298424,45,0.0,17,1291,Statik
49.164765579061665,45,35.246159953822655,17,1292,Statik
3.359205528397905,45,20.256016164915934,17,1293,Statik
3.292371865768473,30,0.0,18,1294,Statik
0.138544826071754,15,3.186983576678699,19,1295,Statik
5.217235475887113,45,23.747260634334623,17,1296,Statik
16.950693630724622,0,8.362921169008644,20,1297,Statik
0.6360336293238731,45,0.0,17,1298,Statik
1.668654266650437,0,0.0,20,1299,Statik
2.933748330812123,30,0.0,18,1300,Statik
3.9320859002425794,30,38.85970657909917,18,1301,Statik
8.557027648922615,30,0.0,18,1302,Statik
9.98166250316716,15,0.3430749379468807,19,1303,Statik
0.8284377341069715,30,0.0,18,1304,Statik
2.027078237095117,75,0.0,15,1305,Statik
0.5514804902058706,45,0.0,17,1306,Statik
1.4974361393948032,30,0.0,18,1307,Statik
9.451050655908794,15,0.0,19,1308,Statik
4.983040997597222,45,0.0,17,1309,Statik
22.572423902582596,0,40.572997526507095,20,1310,Statik
15.663775220056163,45,46.66693582642796,17,1311,Statik
5.400530384543137,30,20.727887088248337,18,1312,Statik
15.206169634907875,30,37.965594282153404,18,1313,Statik
0.4865299429091102,0,0.0,20,1314,Statik
0.44668945562230367,45,10.575563162559888,17,1315,Statik
10.357915561380118,30,7.3324280502927195,18,1316,Statik
1.906881448989959,75,0.0,15,1317,Statik
0.7625007521753309,45,24.541090678929265,17,1318,Statik
2.532359896359715,30,0.0,18,1319,Statik
29.104669691194367,30,3.3923891566547013,18,1320,Statik
15.521032495545645,30,26.09184190517908,18,1321,Statik
14.83191821075279,45,41.89692041023386,17,1322,Statik
11.182536597042972,45,20.82335747635136,17,1323,Statik
1.8390486334102936,45,0.0,17,1324,Statik
10.610740882493726,30,9.974717051982168,18,1325,Statik
34.18014432105753,45,48.21313761053244,17,1326,Statik
15.450113416519768,15,14.453753179115267,19,1327,Statik
49.94953966587413,0,38.94631244091863,20,1328,Statik
14.878746605038067,30,25.977328369492056,18,1329,Statik
43.56480452719092,15,149.66995254303902,19,1330,Statik
19.071063452330325,30,23.62414466780632,18,1331,Statik
5.701084311637133,45,0.0,17,1332,Statik
29.14887686696553,15,20.8502725693113,19,1333,Statik
3.549630488207529,45,15.198670707353472,17,1334,Statik
2.9798239870682286,30,1.597617091364043,18,1335,Statik
8.89002525117285,60,47.57192532672423,16,1336,Statik
22.03175470446915,0,38.46857044687437,20,1337,Statik
3.9925843597876187,45,3.346371879855667,17,1338,Statik
19.168683038674033,30,76.30318869939907,18,1339,Statik
5.39324848633368,45,4.888437786621978,17,1340,Statik
1.0345170495557108,60,0.0,16,1341,Statik
17.067021177176645,30,0.0,18,1342,Statik
19.43186085856627,15,39.461448595688694,19,1343,Statik
1.0607523066244706,60,0.0,16,1344,Statik
0.23917652668216471,60,0.0,16,1345,Statik
2.369856070073327,60,0.0,16,1346,Statik
2.3224299838536866,75,3.363161481885129,15,1347,Statik
14.294801083406368,30,18.656206700097528,18,1348,Statik
2.3593748712022298,75,0.0,15,1349,Statik
1.4281058939578113,45,10.304094788063594,17,1350,Statik
1.6262106372731786,0,7.642728817997238,20,1351,Statik
0.9547770152963583,15,0.0,19,1352,Statik
3.7079503726268292,45,0.0,17,1353,Statik
1.0691615242183894,15,0.0,19,1354,Statik
11.200340318831708,45,68.80231809642737,17,1355,Statik
10.063559401872638,15,0.0,19,1356,Statik
9.8684471335274,30,0.0,18,1357,Statik
0.39695769891471216,0,0.0,20,1358,Statik
27.168046817592675,60,0.0,16,1359,Statik
8.620502242420473,0,0.0,20,1360,Statik
35.22971162557601,45,48.40041658733736,17,1361,Statik
5.381757964492795,30,5.786805946219147,18,1362,Statik
8.633001817958746,15,0.0,19,1363,Statik
3.2367399109547677,30,0.0,18,1364,Statik
5.79365232668389,30,2.963809286143487,18,1365,Statik
2.7825303106811354,45,17.52757474751752,17,1366,Statik
0.5752411979250648,15,0.0,19,1367,Statik
8.516808357138316,30,0.0,18,1368,Statik
0.5530781172529515,30,0.9993866141076069,18,1369,Statik
13.03172773194114,75,39.090957478513815,15,1370,Statik
6.866515730338418,30,28.311817360657983,18,1371,Statik
15.331023036769416,45,75.4899887588764,17,1372,Statik
1.9632818274531956,45,2.748475459186295,17,1373,Statik
9.891400362752794,0,5.429182725289252,20,1374,Statik
3.270480860514874,75,0.0,15,1375,Statik
6.997127242037746,30,0.0,18,1376,Statik
3.221416198442581,45,0.0,17,1377,Statik
42.51985842345523,0,75.35156134266265,20,1378,Statik
6.132027026158808,15,0.0,19,1379,Statik
26.994934032918,45,15.620415535010693,17,1380,Statik
18.98785523169812,30,2.591863007588188,18,1381,Statik
11.230050637253628,15,7.8252907924854185,19,1382,Statik
3.454567058223213,45,37.597193563919234,17,1383,Statik
24.60632925722474,15,0.0,19,1384,Statik
4.773653383529576,45,16.75705210769911,17,1385,Statik
7.908655298870646,30,0.0,18,1386,Statik
7.576302632964884,15,0.0,19,1387,Statik
3.0297082392098997,60,0.0,16,1388,Statik
1.2024531496520072,90,0.0,14,1389,Statik
0.36921324294601804,0,0.0,20,1390,Statik
3.4606346826426657,60,15.039777818414848,16,1391,Statik
4.409285357786194,75,41.284872004506155,15,1392,Statik
10.763115888545315,60,27.740257635118724,16,1393,Statik
6.580592896690272,15,0.0,19,1394,Statik
52.49648949027319,0,105.24099145892382,20,1395,Statik
2.420010537104033,0,0.0,20,1396,Statik
5.303572369404816,45,8.25826981766204,17,1397,Statik
113.57283388784704,0,143.72568999753526,20,1398,Statik
19.770930816470386,45,43.10495238863501,17,1399,Statik
10.444300725153488,15,28.760087729329086,19,1400,Statik
6.145537695680975,30,52.1585550420761,18,1401,Statik
0.5923581452766257,75,0.0,15,1402,Statik
11.725226085659845,15,61.60029317760376,19,1403,Statik
6.751380708831999,15,0.0,19,1404,Statik
15.045273772632218,30,0.0,18,1405,Statik
3.53359049603669,15,14.559625463652822,19,1406,Statik
4.6526044274687095,60,0.0,16,1407,Statik
12.280568595654685,15,0.790153167820165,19,1408,Statik
4.510048953357749,15,64.21304858887748,19,1409,Statik
1.012971667589655,45,0.0,17,1410,Statik
1.2861142536967505,30,0.0,18,1411,Statik
1.354684997169158,15,0.0,19,1412,Statik
2.894754484272716,30,0.0,18,1413,Statik
0.41293838934427085,30,31.51256479947358,18,1414,Statik
10.74359746141711,45,5.179304373075638,17,1415,Statik
22.10584626430409,15,64.55434807284581,19,1416,Statik
10.2262230565899,15,0.0,19,1417,Statik
21.40790846319295,15,25.51448053992482,19,1418,Statik
10.606038274477724,45,0.0,17,1419,Statik
4.365376198112996,45,38.4442815180239,17,1420,Statik
40.24289724858611,15,41.14197223494534,19,1421,Statik
0.09832056849449865,75,3.620485391449506,15,1422,Statik
29.28949644435416,30,33.59505672185168,18,1423,Statik
0.9962827198269285,30,0.0,18,1424,Statik
14.060965203608356,30,15.001492197517052,18,1425,Statik
5.620575078182803,45,0.0,17,1426,Statik
10.034004658546346,15,4.16965347428993,19,1427,Statik
1.5042237861434662,60,0.0,16,1428,Statik
0.7287628313750842,30,0.0,18,1429,Statik
6.338037690040752,30,0.0,18,1430,Statik
6.346858361314213,75,6.070469907638653,15,1431,Statik
2.3906947813325026,60,10.86134045011579,16,1432,Statik
14.98800504373305,0,14.127568166673484,20,1433,Statik
15.658017684468474,15,45.89240219752662,19,1434,Statik
11.168025947049866,90,3.3841041701368226,14,1435,Statik
4.471608995014223,30,0.0,18,1436,Statik
1.3634665970136135,30,45.51642264829985,18,1437,Statik
9.810928658609692,30,21.08029409575363,18,1438,Statik
10.595363781819938,45,17.43209367969007,17,1439,Statik
4.714281662337173,30,0.7775282901039304,18,1440,Statik
2.383603649664143,15,0.0,19,1441,Statik
0.13630512012686324,30,0.0,18,1442,Statik
6.812867639715668,30,0.0,18,1443,Statik
18.77292487669559,15,0.0,19,1444,Statik
6.988089735131931,30,13.163401477416414,18,1445,Statik
11.472037829779177,45,44.42702421971518,17,1446,Statik
3.914310704833405,45,0.0,17,1447,Statik
0.30713975014345607,60,0.0,16,1448,Statik
6.499042357317997,45,0.0,17,1449,Statik
2.0695954033393105,45,2.9716287851704237,17,1450,Statik
13.108374960602065,15,10.373859104001497,19,1451,Statik
2.347695042960091,15,0.0,19,1452,Statik
0.5696836521958024,75,17.06005332885752,15,1453,Statik
13.419971580764079,0,1.4491701082861823,20,1454,Statik
4.190871263249545,45,38.034879375574064,17,1455,Statik
0.153445257496167,30,0.0,18,1456,Statik
4.668535211365128,45,0.0,17,1457,Statik
14.396521464528494,30,4.406029162977234,18,1458,Statik
15.36755048205511,30,0.0,18,1459,Statik
15.024963517966007,60,70.73126569876052,16,1460,Statik
11.004024332501862,30,0.0,18,1461,Statik
11.255604544392133,45,52.80844734170154,17,1462,Statik
10.035984957427244,15,65.86859844227189,19,1463,Statik
6.957512313579838,15,0.0,19,1464,Statik
10.292732372456959,30,4.506610161207959,18,1465,Statik
7.196753344329217,15,11.007131547511221,19,1466,Statik
12.367736040260908,60,0.0,16,1467,Statik
29.403691270841705,30,41.06262873066373,18,1468,Statik
10.728253582711284,15,10.743082158188372,19,1469,Statik
1.756916927748992,15,1.1014102806493042,19,1470,Statik
2.0627522329597334,45,14.039134848762501,17,1471,Statik
9.562309582827318,30,16.334306386613036,18,1472,Statik
6.682915742924447,15,4.591929551131614,19,1473,Statik
16.192751928963258,45,25.742955146746056,17,1474,Statik
15.699603988197964,15,6.910913877396581,19,1475,Statik
11.66690567370717,45,45.25654598699464,17,1476,Statik
3.40244627791666,45,11.100823046710559,17,1477,Statik
1.0985063646578068,30,5.877813197442038,18,1478,Statik
6.166568392635797,15,0.0,19,1479,Statik
43.90514501116033,30,0.0,18,1480,Statik
11.211655017358495,45,44.49271073814731,17,1481,Statik
2.068943318865591,30,16.5119733070826,18,1482,Statik
8.6733843587658,45,10.421455706701977,17,1483,Statik
3.5437691308416044,30,2.593057195468532,18,1484,Statik
8.149880152629809,15,0.0,19,1485,Statik
1.0145094484882031,75,0.0,15,1486,Statik
10.749820543732667,45,21.927164645555763,17,1487,Statik
10.428963823064946,15,18.410535130529695,19,1488,Statik
0.18473550296100427,60,4.937887715089232,16,1489,Statik
2.6405901274919263,15,0.0,19,1490,Statik
4.847248876243661,0,7.367723319823767,20,1491,Statik
9.725608990108674,45,0.0,17,1492,Statik
8.655861394061608,30,20.265905388029637,18,1493,Statik
11.229813444868926,60,0.0,16,1494,Statik
10.110299148048696,0,0.0,20,1495,Statik
8.835879658561936,30,7.528139045626517,18,1496,Statik
1.0190322850516538,0,12.737581811298583,20,1497,Statik
6.35665404016882,15,25.383664398045312,19,1498,Statik
5.499025220861885,45,9.079114512771639,17,1499,Statik
3.6393378406062307,45,8.211569344959969,17,1500,Statik
42.32972738231089,45,57.48838777006512,17,1501,Statik
20.242526494203396,15,11.710653557994647,19,1502,Statik
6.117380606075177,15,19.229910622949433,19,1503,Statik
1.1307153341948764,30,6.648124820304929,18,1504,Statik
42.679145857909944,0,95.92224996445492,20,1505,Statik
8.725724106580346,45,18.36603856003387,17,1506,Statik
0.9606070058964022,0,0.0,20,1507,Statik
23.043830769609837,30,0.0,18,1508,Statik
9.201768240225089,15,6.005631104766337,19,1509,Statik
1.6412457266137044,45,0.0,17,1510,Statik
0.1960715032922653,15,0.0,19,1511,Statik
0.0,15,29.800692915372906,19,1512,Statik
5.858528361480265,45,54.10947272910994,17,1513,Statik
2.1478044841332355,60,0.0,16,1514,Statik
2.9330420500923866,15,0.0,19,1515,Statik
13.742009236489974,15,8.300106477215877,19,1516,Statik
5.1860416476289375,15,9.412976043335107,19,1517,Statik
16.824418582295337,30,1.6134942498509872,18,1518,Statik
1.9142666483412716,45,0.0,17,1519,Statik
3.9153008262426727,30,0.0,18,1520,Statik
0.0,45,10.954848135514169,17,1521,Statik
3.9082359114693768,15,4.526730293000469,19,1522,Statik
9.893896751031681,15,18.412475372591757,19,1523,Statik
11.040661984482922,75,0.0,15,1524,Statik
8.998390419958378,15,7.725842396513713,19,1525,Statik
0.8420042536955461,30,2.2591417117402557,18,1526,Statik
19.60203675180457,60,41.357947055306056,16,1527,Statik
3.789238421160224,15,0.0,19,1528,Statik
12.862568957386811,15,47.910505347448634,19,1529,Statik
2.014545918844706,0,0.0,20,1530,Statik
2.4313354466628163,30,0.0,18,1531,Statik
10.222946525765956,30,0.0,18,1532,Statik
2.5396342151866294,15,0.0,19,1533,Statik
8.819352630947057,0,7.781984786433554,20,1534,Statik
23.286964554933363,30,81.92760832172087,18,1535,Statik
2.0837402423534437,45,0.0,17,1536,Statik
13.706597322359865,45,23.264232065011356,17,1537,Statik
3.7479280112846762,60,0.0,16,1538,Statik
3.6804781317647346,30,43.24437510675148,18,1539,Statik
17.480331615061626,75,5.93158939152795,15,1540,Statik
26.203013324056368,30,0.0,18,1541,Statik
4.504476664766012,45,6.668535478957438,17,1542,Statik
18.023966624953722,30,0.0,18,1543,Statik
5.02664820017588,30,0.0,18,1544,Statik
6.6971651240252,30,0.0,18,1545,Statik
5.314825163734987,0,12.697239870120086,20,1546,Statik
6.725883085319295,45,0.0,17,1547,Statik
2.1315327404873434,60,7.692569360364189,16,1548,Statik
0.9789779987111843,30,7.210868531376946,18,1549,Statik
2.643892199056868,45,0.0,17,1550,Statik
1.7955644462653293,45,0.0,17,1551,Statik
16.637970305807606,30,25.471233273619646,18,1552,Statik
44.239842720469916,0,68.3831858632841,20,1553,Statik
12.44884784474943,60,0.9479079884111457,16,1554,Statik
8.182300713973806,30,0.0,18,1555,Statik
8.999250522351673,60,0.0,16,1556,Statik
2.1288435935266725,30,0.0,18,1557,Statik
3.60842960771558,45,0.0,17,1558,Statik
1.3557299393909314,45,0.0,17,1559,Statik
2.4952195067755576,15,0.0,19,1560,Statik
7.450923324950178,45,8.264483446128565,17,1561,Statik
3.445453047106798,45,0.0,17,1562,Statik
6.040261527247276,60,0.0,16,1563,Statik
2.1051411354639336,45,5.043308378931556,17,1564,Statik
0.9249280547975574,45,3.3814522683484824,17,1565,Statik
1.86416490410451,60,0.0,16,1566,Statik
2.38828643160673,45,7.966075999412681,17,1567,Statik
19.050130718234676,30,58.086788322156906,18,1568,Statik
0.898387081379545,45,0.0,17,1569,Statik
18.13062302724594,0,44.78090455247178,20,1570,Statik
2.7499137702272565,0,0.0,20,1571,Statik
23.809585522230318,15,0.0,19,1572,Statik
1.1838867205674957,60,0.0,16,1573,Statik
2.7510860780236404,45,11.72537576635085,17,1574,Statik
17.8375134626024,15,8.613910718308944,19,1575,Statik
22.12392953570619,0,48.30971668259224,20,1576,Statik
5.075745683501516,15,1.267529445554203,19,1577,Statik
3.4370304420912805,30,0.0,18,1578,Statik
2.682808865360505,75,1.3014064212427456,15,1579,Statik
28.24271585570486,15,7.2041406716818415,19,1580,Statik
2.716782118340309,30,0.5805432960081021,18,1581,Statik
2.8002570898433463,15,0.0,19,1582,Statik
10.892387712865252,15,4.068374629528023,19,1583,Statik
6.33241790040234,15,0.0,19,1584,Statik
3.2510435875594528,75,0.0,15,1585,Statik
15.348663433618981,30,38.1432807501065,18,1586,Statik
1.1407357252925436,30,1.0984163932374145,18,1587,Statik
29.158765606746375,15,64.91730041703539,19,1588,Statik
8.833789388299856,30,0.0,18,1589,Statik
2.9506574687697005,15,3.359744963768833,19,1590,Statik
1.2192375739998442,30,0.0,18,1591,Statik
3.2596734435056884,60,0.0,16,1592,Statik
1.992755080024415,45,0.0,17,1593,Statik
2.480736977856452,15,5.841613949382008,19,1594,Statik
20.04478147943704,0,58.822034977945464,20,1595,Statik
2.886499514369158,45,0.0,17,1596,Statik
5.246046413645357,0,5.624560738107391,20,1597,Statik
4.526453927305073,15,16.271727967429115,19,1598,Statik
1.0511353386661801,45,1.1982465307116854,17,1599,Statik
10.2547989216663,45,32.70851030898234,17,1600,Statik
2.6862206201421492,15,0.0,19,1601,Statik
5.516946760540074,30,0.0,18,1602,Statik
3.9145618753902864,15,9.212798217562295,19,1603,Statik
0.22485115838066896,45,0.0,17,1604,Statik
2.527975532989249,15,0.0,19,1605,Statik
4.16420652149761,45,0.0,17,1606,Statik
1.354511866198332,75,0.0,15,1607,Statik
24.609945404233287,45,46.8349577151962,17,1608,Statik
4.67730022414933,30,0.0,18,1609,Statik
1.89301335909458,15,0.0,19,1610,Statik
10.843782562074637,30,0.0,18,1611,Statik
1.4000465624299825,30,8.665093317790081,18,1612,Statik
5.326039479925652,45,0.0,17,1613,Statik
7.919048080176204,45,0.0,17,1614,Statik
2.244920081068848,45,0.0,17,1615,Statik
6.301437337540817,30,0.6123400577421307,18,1616,Statik
59.18873958672725,15,110.44693492543922,19,1617,Statik
5.773724656389379,15,18.04259285556668,19,1618,Statik
13.973817108547928,15,36.497422200313736,19,1619,Statik
3.51031270692426,75,0.0,15,1620,Statik
4.972917110144381,0,0.0,20,1621,Statik
4.615083258206031,60,1.9096522146026018,16,1622,Statik
0.6944246318330001,30,0.0,18,1623,Statik
12.753677977382562,15,8.07370323682079,19,1624,Statik
7.562372406913151,30,11.551667811714651,18,1625,Statik
29.04349652562218,30,17.235207513157548,18,1626,Statik
9.570426004956111,30,0.0,18,1627,Statik
2.3164946627464147,45,0.0,17,1628,Statik
1.8297449728032187,30,0.0,18,1629,Statik
7.353618758029876,0,39.441060123096406,20,1630,Statik
0.9274140759093323,45,0.0,17,1631,Statik
0.6132102892184735,45,0.0,17,1632,Statik
1.9157053847559007,30,0.0,18,1633,Statik
47.00567628596474,30,67.50178066192456,18,1634,Statik
7.312824667120028,15,14.042596436100155,19,1635,Statik
8.763965885834837,0,0.0,20,1636,Statik
5.495270165236288,15,0.3684533659540534,19,1637,Statik
1.725115032158905,60,0.0,16,1638,Statik
4.793100174280526,0,28.24778434800095,20,1639,Statik
1.1605639417898912,30,0.0,18,1640,Statik
9.48119730834688,60,0.0,16,1641,Statik
2.0131968248058727,0,0.782485173731061,20,1642,Statik
2.0794139433483645,45,5.32155808395504,17,1643,Statik
4.788398786156608,45,0.0,17,1644,Statik
1.4769043467986374,15,0.0,19,1645,Statik
9.05555053361329,0,23.113735197591723,20,1646,Statik
1.5697801853461695,15,0.0,19,1647,Statik
19.573495515005302,30,68.03398806713699,18,1648,Statik
21.103142836166946,15,34.03374422723573,19,1649,Statik
0.03088483690923501,30,9.22070848968832,18,1650,Statik
2.455681068141328,15,0.0,19,1651,Statik
5.487382186983465,0,24.296482011505873,20,1652,Statik
2.8110217430357247,30,0.0,18,1653,Statik
4.290583206351155,15,7.81018958557263,19,1654,Statik
8.481548826317933,15,9.691636008645673,19,1655,Statik
3.9564518028825932,90,0.0,14,1656,Statik
3.8355605560839576,15,9.898562586479613,19,1657,Statik
4.295531971820643,45,0.314795974011588,17,1658,Statik
0.42241939698442976,90,30.601221946792975,14,1659,Statik
13.015217082459063,45,21.523916288147007,17,1660,Statik
13.784175782669488,30,62.43846133628324,18,1661,Statik
3.4621002058640102,0,0.0,20,1662,Statik
0.7958788651810785,15,0.0,19,1663,Statik
3.9236225481395115,0,0.0,20,1664,Statik
4.125507980377664,60,6.302911294922978,16,1665,Statik
5.67674440113064,30,2.276692160181483,18,1666,Statik
34.15958815633897,15,22.589992209527622,19,1667,Statik
34.13623983800181,15,37.404741555327575,19,1668,Statik
2.3752140878809187,30,2.9501583999460763,18,1669,Statik
12.617693903144545,15,0.0,19,1670,Statik
12.637512768759855,30,11.762600876275258,18,1671,Statik
5.436570046998524,0,0.0,20,1672,Statik
2.13587022795596,15,0.0,19,1673,Statik
13.735536146435372,60,10.454858830317619,16,1674,Statik
11.717868746540626,30,7.953847832774841,18,1675,Statik
35.98639509102368,15,89.27539293631821,19,1676,Statik
0.8239714095617007,15,0.0,19,1677,Statik
0.9393989068381595,30,4.086297922663789,18,1678,Statik
2.086775923487005,45,0.0,17,1679,Statik
10.299745638519454,30,24.899255729017625,18,1680,Statik
7.693413576356081,30,45.39966208144244,18,1681,Statik
2.1198508248756527,45,0.0,17,1682,Statik
2.0909687421679672,30,0.0,18,1683,Statik
0.021703673586833006,60,0.0,16,1684,Statik
1.1369110549190198,45,0.0,17,1685,Statik
5.958707186271997,15,0.0,19,1686,Statik
3.8798063627987727,30,33.60518060708813,18,1687,Statik
7.645469754409709,15,36.993505767943304,19,1688,Statik
4.338369756346456,30,2.631029166532585,18,1689,Statik
5.907188341146237,15,47.27830720100309,19,1690,Statik
29.443950386074015,60,23.191060128628862,16,1691,Statik
4.806767742911503,30,0.0,18,1692,Statik
3.912760394590569,45,0.0,17,1693,Statik
0.6765394203422438,30,0.0,18,1694,Statik
20.331235629892316,15,50.54451149448005,19,1695,Statik
0.23126030597725608,75,2.3795724873330073,15,1696,Statik
18.307789383616452,15,32.6389293449995,19,1697,Statik
5.716184639045103,30,0.0,18,1698,Statik
10.293729457213924,0,0.0,20,1699,Statik
2.0027052338528577,0,0.0,20,1700,Statik
8.144285555806956,30,0.0,18,1701,Statik
25.334536344361304,15,50.495536914981756,19,1702,Statik
2.0774447932817797,15,0.0,19,1703,Statik
1.4583891480766136,30,0.0,18,1704,Statik
8.440397386690393,45,21.552957996608484,17,1705,Statik
7.315299294620758,30,19.44198671137059,18,1706,Statik
53.30801315896961,0,70.45665153764617,20,1707,Statik
0.6480124593379135,75,0.0419348068037948,15,1708,Statik
3.172479782713582,60,0.0,16,1709,Statik
0.2280191709450906,45,0.0,17,1710,Statik
0.8144574528043751,0,10.9654404679967,20,1711,Statik
6.184228385652489,30,8.242247020013053,18,1712,Statik
5.034421971564783,45,0.0,17,1713,Statik
2.766876108603164,75,8.516846727457391,15,1714,Statik
5.164083646167042,15,0.0,19,1715,Statik
1.881853567672999,15,17.062948918804466,19,1716,Statik
3.43533347699184,15,0.0,19,1717,Statik
5.666204841939456,60,6.112209593531702,16,1718,Statik
5.4395144858741284,15,1.7459559772760826,19,1719,Statik
3.35784833267737,30,1.8962846739585757,18,1720,Statik
16.22253669510676,30,22.036694474055935,18,1721,Statik
21.20506793095997,30,32.74077291382076,18,1722,Statik
4.867010576952988,15,12.714616674892568,19,1723,Statik
5.9619480493598775,105,0.0,13,1724,Statik
24.625305018603882,15,14.495167380720886,19,1725,Statik
2.987187598555106,30,0.0,18,1726,Statik
8.191360822876698,45,5.869513106427007,17,1727,Statik
8.1325744694774,30,12.673375053503605,18,1728,Statik
18.789014917499003,15,4.258182071088925,19,1729,Statik
1.9672474124672632,45,0.0,17,1730,Statik
9.457067969163425,30,11.665382447869774,18,1731,Statik
23.247051651512024,45,12.991486500972599,17,1732,Statik
3.043733921078231,45,0.6386824003283209,17,1733,Statik
4.0431633570985905,45,0.0,17,1734,Statik
6.7986640662521225,15,3.4535983326045425,19,1735,Statik
2.826380430096207,30,17.369374398482933,18,1736,Statik
43.5373412782181,30,78.76191742331451,18,1737,Statik
6.532551314561689,15,2.2652831401357503,19,1738,Statik
14.421015745330768,30,69.59576442524872,18,1739,Statik
4.373974860455253,45,0.0,17,1740,Statik
24.06628372786932,15,45.4072868468499,19,1741,Statik
7.851683256456489,15,30.080762642545437,19,1742,Statik
13.580145034542923,30,0.0,18,1743,Statik
4.219186939636969,30,85.83154156515661,18,1744,Statik
0.8959621663730254,15,0.0,19,1745,Statik
3.088190426815738,30,6.944971812280016,18,1746,Statik
5.692087172972382,60,0.0,16,1747,Statik
4.038195915668216,15,0.0,19,1748,Statik
27.78013569721792,45,58.93993360602008,17,1749,Statik
0.33605936180162693,90,0.0,14,1750,Statik
13.285748238803732,15,21.06666552343512,19,1751,Statik
0.0,45,25.855483975279355,17,1752,Statik
33.01930064961806,15,9.112061510131127,19,1753,Statik
1.8763345923696313,15,0.0,19,1754,Statik
6.387082477678375,30,17.362788993257823,18,1755,Statik
3.2240340918049264,15,43.346888966308654,19,1756,Statik
20.50276765121143,0,16.364530139066574,20,1757,Statik
5.56208666972144,45,24.671817003449917,17,1758,Statik
5.488775984320208,15,0.0,19,1759,Statik
0.5928896099749683,45,0.0,17,1760,Statik
5.685790480642799,0,9.933343633853212,20,1761,Statik
21.887183430440587,15,23.810677292044204,19,1762,Statik
2.4156900810010087,75,0.0,15,1763,Statik
2.4860309223626356,45,0.0,17,1764,Statik
0.8105979493437183,15,14.648448590062742,19,1765,Statik
1.0786380252650403,45,0.0,17,1766,Statik
2.328869578271863,30,1.772028979981144,18,1767,Statik
7.787704277773597,0,21.74713252188451,20,1768,Statik
20.73556048914558,45,0.0,17,1769,Statik
17.735265550253015,45,3.11251991787816,17,1770,Statik
5.8100127874247445,45,0.0,17,1771,Statik
0.9669852824353408,75,0.0,15,1772,Statik
1.5074006213689617,30,0.0,18,1773,Statik
3.2641802300590426,60,0.0,16,1774,Statik
15.230316191053994,45,20.362459056249804,17,1775,Statik
3.9928287484557874,30,22.30434335628445,18,1776,Statik
2.019543995625776,15,17.18502149326997,19,1777,Statik
5.9679342364941235,15,0.0,19,1778,Statik
7.09570315519119,15,9.598913914665957,19,1779,Statik
4.213256547344467,45,0.0,17,1780,Statik
11.382626169955103,30,50.31841636081225,18,1781,Statik
4.786909066438364,30,0.0,18,1782,Statik
23.34119639330032,30,60.87400539677685,18,1783,Statik
3.741160421392134,60,0.0,16,1784,Statik
13.714740695296179,15,37.40048891360016,19,1785,Statik
9.374038354044142,15,10.884812634003481,19,1786,Statik
5.406825142134676,15,24.677092193928445,19,1787,Statik
2.808403473725646,0,16.406919102431345,20,1788,Statik
12.222780488497472,30,0.0,18,1789,Statik
1.8328555651234266,15,0.0,19,1790,Statik
5.9618331256637145,0,7.929492257081733,20,1791,Statik
8.67707777890058,45,18.32513900999868,17,1792,Statik
4.294260734994306,0,20.956556924865765,20,1793,Statik
22.678616865559267,45,55.42071580193135,17,1794,Statik
6.5932201929770144,60,0.0,16,1795,Statik
1.1272343904734297,30,16.050303357479606,18,1796,Statik
3.2413287088146983,15,0.0,19,1797,Statik
11.223572460485254,30,22.30686322018164,18,1798,Statik
6.435466663616877,60,0.0,16,1799,Statik
7.143669793191762,30,10.513237947655114,18,1800,Statik
14.529971634422177,30,0.0,18,1801,Statik
25.699566636532225,30,21.405021945905617,18,1802,Statik
4.923958445718476,60,0.0,16,1803,Statik
13.471746394764802,15,1.51875694690807,19,1804,Statik
37.90441478860405,15,25.000159100707492,19,1805,Statik
7.751029325790366,30,0.0,18,1806,Statik
1.2572743413751137,60,0.0,16,1807,Statik
0.8408476133767706,45,0.0,17,1808,Statik
4.803927598307629,45,17.145880255468626,17,1809,Statik
7.082722160268306,30,0.0,18,1810,Statik
3.779230184066204,15,7.5421071988247945,19,1811,Statik
3.824424955943813,15,9.210871202999158,19,1812,Statik
5.9879300734501,15,2.765366931878475,19,1813,Statik
13.360160102144752,45,0.0,17,1814,Statik
1.3249492313561735,60,5.095793657931097,16,1815,Statik
2.302389707427093,30,1.1128677832414837,18,1816,Statik
17.753737620079363,45,41.553203240435266,17,1817,Statik
4.3680074325001215,15,16.93299690318662,19,1818,Statik
13.005486259121716,30,38.41703709143593,18,1819,Statik
0.5544455309003162,0,0.0,20,1820,Statik
9.765537491398534,0,0.0,20,1821,Statik
28.653895365160214,15,50.180973711096215,19,1822,Statik
9.412487202795425,30,0.0,18,1823,Statik
8.805525534458106,45,25.73033012460928,17,1824,Statik
2.600213095101801,30,0.0,18,1825,Statik
1.9947254095284395,15,0.0,19,1826,Statik
0.6941028502229543,30,0.0,18,1827,Statik
19.011838306578273,45,40.802394153144405,17,1828,Statik
11.215279867611477,30,8.926031869880319,18,1829,Statik
7.784152746027181,30,25.762118197206064,18,1830,Statik
14.345061544142098,15,0.0,19,1831,Statik
1.5076959933705176,15,0.0,19,1832,Statik
3.7578717413777287,45,0.0,17,1833,Statik
4.132527524801697,30,0.0,18,1834,Statik
0.6623772816166916,15,5.390689647471731,19,1835,Statik
1.589911614389052,30,23.389784917786415,18,1836,Statik
1.241913711479079,15,5.182385945167994,19,1837,Statik
5.711531699368937,60,8.040519079799594,16,1838,Statik
53.89715688629536,15,77.72828686554357,19,1839,Statik
0.14045277921570307,75,16.195326165999404,15,1840,Statik
4.6078595971531175,60,0.0,16,1841,Statik
3.198201348838456,45,3.3887889378099203,17,1842,Statik
7.931174085457718,0,28.566146900339618,20,1843,Statik
2.5405982490819405,15,34.99102223850235,19,1844,Statik
2.487950233054467,45,1.8709656509792012,17,1845,Statik
6.485932512216904,45,0.0,17,1846,Statik
1.6920866819460878,30,0.0,18,1847,Statik
5.562616399057011,45,10.893400600983,17,1848,Statik
33.34136006342672,30,29.044660330935756,18,1849,Statik
5.958925163685612,45,0.0,17,1850,Statik
7.812781077558614,15,3.020935739693414,19,1851,Statik
1.634047949514926,45,1.0673056768332003,17,1852,Statik
19.038517815396062,60,28.11081295993307,16,1853,Statik
1.9503309636421617,30,0.0,18,1854,Statik
0.5303719844350646,15,10.332435774496162,19,1855,Statik
5.629342567415868,15,0.0,19,1856,Statik
36.31255919276028,0,37.68280676498182,20,1857,Statik
23.23764497345264,30,0.0,18,1858,Statik
3.11862404772982,0,0.0,20,1859,Statik
0.7483809661445036,15,5.850389423510364,19,1860,Statik
0.16561142018971217,15,1.8441317242512127,19,1861,Statik
1.1731396164935384,0,0.0,20,1862,Statik
14.133337638472035,60,11.694785857113061,16,1863,Statik
4.305128796610046,45,0.0,17,1864,Statik
25.07186788508993,45,0.0,17,1865,Statik
7.247823619647507,15,27.422124601063956,19,1866,Statik
10.776253657507604,15,46.386116933392714,19,1867,Statik
10.01682824076046,45,0.0,17,1868,Statik
30.52752674450876,15,24.61756719735172,19,1869,Statik
4.327584599161767,30,0.0,18,1870,Statik
15.245764965310562,30,31.099739155032125,18,1871,Statik
1.4101266406407493,15,0.0,19,1872,Statik
1.8918598878481443,0,0.0,20,1873,Statik
2.3107487091500323,15,0.0,19,1874,Statik
0.42795241615163915,0,0.0,20,1875,Statik
1.5878788858807262,15,0.0,19,1876,Statik
24.58975854582337,30,11.616886548401396,18,1877,Statik
11.738062134341483,45,28.082956741109115,17,1878,Statik
3.017057562417988,90,5.71483206100288,14,1879,Statik
12.664698669895525,45,5.038689491937134,17,1880,Statik
2.685461209768729,45,0.0,17,1881,Statik
3.0588779553859076,15,0.0,19,1882,Statik
16.289382884794904,30,57.12685415554347,18,1883,Statik
7.388997289454563,30,0.0,18,1884,Statik
11.131663166599862,30,0.0,18,1885,Statik
9.902780129013761,15,19.379848180550596,19,1886,Statik
0.5676713604496781,30,11.119038343768466,18,1887,Statik
5.2257985624551635,30,0.0,18,1888,Statik
2.965171845851981,60,0.0,16,1889,Statik
2.879788167641796,0,0.0,20,1890,Statik
3.74490526449181,0,0.0,20,1891,Statik
2.5342372701434064,90,0.0,14,1892,Statik
2.419780045988697,30,0.0,18,1893,Statik
3.7461709079410968,0,11.555467581770756,20,1894,Statik
5.94954453810764,45,0.0,17,1895,Statik
4.13380898764789,30,0.0,18,1896,Statik
0.4668876927679217,75,0.0,15,1897,Statik
6.497433693305734,15,21.77201103742317,19,1898,Statik
25.560037967463508,0,104.71409818554952,20,1899,Statik
1.0828841794855404,30,36.821941398115655,18,1900,Statik
1.719505220961767,60,0.0,16,1901,Statik
4.051885680863997,15,0.0,19,1902,Statik
1.0358527883775328,15,16.631849660325884,19,1903,Statik
13.958931526970458,15,0.0,19,1904,Statik
6.599047424149562,30,23.279817342652905,18,1905,Statik
8.879783433261135,90,0.0,14,1906,Statik
1.9589549859894846,45,0.0,17,1907,Statik
4.3254015279997695,30,0.0,18,1908,Statik
1.5815461522701273,30,0.0,18,1909,Statik
5.6803640586438116,45,0.0,17,1910,Statik
3.0495455730474155,30,0.0,18,1911,Statik
7.4082349745758425,15,4.699957147230066,19,1912,Statik
4.983530193234403,60,15.299130762860841,16,1913,Statik
0.84508349234439,60,0.0,16,1914,Statik
3.714989023108575,60,10.098432239222234,16,1915,Statik
5.658651740873413,15,22.78161517367596,19,1916,Statik
3.663138750316741,30,0.0,18,1917,Statik
12.407161050179653,60,29.463717692466048,16,1918,Statik
52.131507153991386,15,56.73725194969518,19,1919,Statik
6.487508280157321,30,20.79591794657472,18,1920,Statik
7.140363465452882,45,19.47150059242466,17,1921,Statik
29.79426629926316,75,10.622617624029374,15,1922,Statik
1.2226878874225537,45,0.0,17,1923,Statik
2.986259540012548,0,0.0,20,1924,Statik
30.584980303982768,15,15.747596688000272,19,1925,Statik
2.834674646869149,0,0.0,20,1926,Statik
12.01508068399226,45,36.234308602472254,17,1927,Statik
8.854603313068326,30,38.186845054451,18,1928,Statik
18.761974934918484,30,48.37337404894129,18,1929,Statik
3.6043949829913657,15,24.687113388270802,19,1930,Statik
17.930273347220012,45,45.97185601394176,17,1931,Statik
1.1250509043448969,15,0.0,19,1932,Statik
10.697376484832445,15,0.0,19,1933,Statik
2.42679460551515,60,0.0,16,1934,Statik
31.546898700312518,0,0.0,20,1935,Statik
8.648699900478416,60,0.0,16,1936,Statik
2.791491339857491,15,22.138666991286243,19,1937,Statik
9.70599599060927,15,3.7530165202518333,19,1938,Statik
2.455078343197159,45,0.0,17,1939,Statik
5.515209551911873,15,0.0,19,1940,Statik
7.3684068972530765,30,0.0,18,1941,Statik
12.30882294935564,15,18.07075314925305,19,1942,Statik
0.9828484742011184,0,5.955195263695487,20,1943,Statik
6.809667133460598,30,5.162905779535379,18,1944,Statik
6.176441869956442,45,9.128600868851322,17,1945,Statik
5.463156781862357,15,0.0,19,1946,Statik
10.145072765712326,30,0.0,18,1947,Statik
13.019347216057739,0,57.09036201562759,20,1948,Statik
6.813876431992207,30,6.135447661350952,18,1949,Statik
0.06826729049221995,0,21.127432210548875,20,1950,Statik
0.21050759685392073,60,0.0,16,1951,Statik
9.486446586988464,45,43.31115750429859,17,1952,Statik
1.924887856753895,30,0.0,18,1953,Statik
31.18718790423827,30,49.66871341839146,18,1954,Statik
3.9925489975467636,30,0.0,18,1955,Statik
2.2466537911335314,30,0.0,18,1956,Statik
2.6913672988685162,45,32.83850601402759,17,1957,Statik
26.690229666633037,30,22.577210097502643,18,1958,Statik
6.179593223965138,45,0.0,17,1959,Statik
16.654904770103514,30,0.0,18,1960,Statik
18.60020204821469,15,28.678544258157558,19,1961,Statik
7.367903766126505,15,0.0,19,1962,Statik
8.63096337058292,15,21.76939349029908,19,1963,Statik
6.2063298337481605,30,0.0,18,1964,Statik
17.203327209945332,60,0.0,16,1965,Statik
35.977579570761094,15,26.65102277031781,19,1966,Statik
9.020296678361754,0,20.604148221875505,20,1967,Statik
2.4958216479474653,30,5.505727877957213,18,1968,Statik
3.4703795963738115,15,0.0,19,1969,Statik
40.04583863215814,60,16.559311690756147,16,1970,Statik
1.0557954070255666,75,0.0,15,1971,Statik
25.74971862766315,0,120.10771743082364,20,1972,Statik
4.214156779777718,30,0.0,18,1973,Statik
10.386000982435933,45,0.0,17,1974,Statik
6.655698223711816,60,4.063561795817236,16,1975,Statik
5.276350145125913,60,16.443441176267243,16,1976,Statik
0.28699062835474815,15,0.0,19,1977,Statik
8.174852793551471,15,0.0,19,1978,Statik
2.455205350256425,30,0.0,18,1979,Statik
2.839599606416104,30,8.284908870374409,18,1980,Statik
0.1864410142884445,0,1.660714918261192,20,1981,Statik
0.5102528426782076,60,0.0,16,1982,Statik
28.066835756678667,30,95.79163932081036,18,1983,Statik
14.207853073506032,15,38.96683017769453,19,1984,Statik
7.461972983718141,30,1.6417518400837139,18,1985,Statik
2.6218083600185698,15,4.752037759642008,19,1986,Statik
11.595718455210799,30,27.214581374657087,18,1987,Statik
14.765235846044808,30,0.0,18,1988,Statik
33.772257427989665,15,22.686261624599695,19,1989,Statik
3.2471820032348426,30,0.0,18,1990,Statik
6.150447985375559,45,0.0,17,1991,Statik
4.224035417657579,15,11.54153172130259,19,1992,Statik
26.458774085652475,30,20.655471021157098,18,1993,Statik
6.884137305728779,15,22.89748496469474,19,1994,Statik
16.226509062347844,60,0.0,16,1995,Statik
1.202929521406065,45,0.0,17,1996,Statik
14.246535255622382,15,59.68555189877287,19,1997,Statik
2.02561778230891,30,0.0,18,1998,Statik
0.6616437218127925,45,0.0,17,1999,Statik
9.734490638880933,45,20.212069542707184,17,2000,Statik
4.411733742396798,15,0.0,19,2001,Statik
7.5694458569451,45,4.551130523278175,17,2002,Statik
14.027728558758284,15,5.6710070881222805,19,2003,Statik
4.359865438372736,30,4.585706952340502,18,2004,Statik
4.383127530642888,15,0.0,19,2005,Statik
15.440845800983546,45,0.0,17,2006,Statik
1.9549595286403512,15,0.0,19,2007,Statik
0.5973582376931321,30,5.915536482742937,18,2008,Statik
4.023765472992494,0,0.0,20,2009,Statik
29.71350116532227,0,54.34381113892334,20,2010,Statik
0.4424316351310627,30,10.501530742015461,18,2011,Statik
10.260372420563783,15,19.89769166935116,19,2012,Statik
10.248022312760316,60,0.0,16,2013,Statik
3.3927412894729856,15,0.0,19,2014,Statik
0.5781803250650638,0,18.041983393341184,20,2015,Statik
4.66275461278124,15,3.8909531210770183,19,2016,Statik
1.2516132425135322,30,0.0,18,2017,Statik
25.695841583348123,60,0.0,16,2018,Statik
16.436989450594567,45,28.515990629648456,17,2019,Statik
3.595823609899336,60,0.0,16,2020,Statik
0.78719260794163,30,5.118637090042512,18,2021,Statik
25.283655567142585,45,11.792124541171802,17,2022,Statik
6.2728577177558975,60,21.855461775442222,16,2023,Statik
10.31187837764713,15,12.708868547044347,19,2024,Statik
66.79010707765785,15,46.410937190503034,19,2025,Statik
1.1459868278322556,75,0.0,15,2026,Statik
3.6810722567718566,45,64.69108574314384,17,2027,Statik
10.577953396813783,45,0.0,17,2028,Statik
0.562663416235318,90,0.0,14,2029,Statik
1.659375166827569,90,0.0,14,2030,Statik
1.269586372839445,60,0.0,16,2031,Statik
10.50406658208086,45,2.570798497100327,17,2032,Statik
15.276680924190412,0,50.255966092932795,20,2033,Statik
70.1295624116275,15,69.33313006823545,19,2034,Statik
14.139638189743357,15,66.30796398398286,19,2035,Statik
6.411472281124473,15,6.081628941792985,19,2036,Statik
2.7051854612409207,90,0.0,14,2037,Statik
11.039037611674912,45,20.326363413809815,17,2038,Statik
12.201656542476774,30,0.0,18,2039,Statik
5.523591396458664,30,0.0,18,2040,Statik
16.738146549664275,30,5.406121661150962,18,2041,Statik
18.311984893809257,45,61.987877627951946,17,2042,Statik
5.318373489753701,30,5.418385066390499,18,2043,Statik
8.835658862963866,60,41.37644697549166,16,2044,Statik
6.642927245265781,0,16.93828265201921,20,2045,Statik
2.942505865564655,60,0.0,16,2046,Statik
2.2632368864933614,45,23.9651987275862,17,2047,Statik
12.191117720629983,30,42.651477456739315,18,2048,Statik
1.7945727313687898,30,0.0,18,2049,Statik
3.6082141282731994,15,0.0,19,2050,Statik
0.7415029019060013,30,8.228018601664985,18,2051,Statik
10.164803449058978,60,0.0,16,2052,Statik
3.7489338126647405,45,0.0,17,2053,Statik
18.676875208867845,15,0.0,19,2054,Statik
3.578669393005791,30,0.0,18,2055,Statik
14.191198427126485,0,22.508118504033405,20,2056,Statik
12.001355610138345,15,53.935632222833306,19,2057,Statik
5.691152078461115,15,0.0,19,2058,Statik
0.5396383854597571,30,0.0,18,2059,Statik
1.469151668327533,30,9.519196266306437,18,2060,Statik
3.210527366998956,45,0.0,17,2061,Statik
0.6968521024006351,30,2.312760142805587,18,2062,Statik
1.997847640099125,45,0.0,17,2063,Statik
18.20332340006778,30,10.213115872311846,18,2064,Statik
1.0414915103020288,15,1.3867962679895527,19,2065,Statik
2.553132809111909,45,0.0,17,2066,Statik
14.091136294637815,15,8.860311331048365,19,2067,Statik
3.6317789117191306,75,0.0,15,2068,Statik
7.420078958477946,0,31.906880598693817,20,2069,Statik
1.5681634137192497,0,0.0,20,2070,Statik
2.3841596371841742,30,5.150097121184615,18,2071,Statik
9.83299006506418,45,6.965657870083419,17,2072,Statik
0.5898200338605996,0,23.421384972785745,20,2073,Statik
1.8799311777266325,30,0.0,18,2074,Statik
4.6968179394775,60,8.679886925923427,16,2075,Statik
2.328519166939885,60,10.501067415259058,16,2076,Statik
7.81021006447375,30,37.03599556852333,18,2077,Statik
5.945584218628125,15,16.029238096507072,19,2078,Statik
1.9430563570602506,15,4.510116437181523,19,2079,Statik
6.806506370909786,15,0.0,19,2080,Statik
21.888229204925906,30,21.26901096910524,18,2081,Statik
5.670242703427304,60,0.0,16,2082,Statik
3.695247397193218,15,8.93780579319116,19,2083,Statik
1.4977963321035475,45,2.585410915296052,17,2084,Statik
0.05725492279542191,15,0.0,19,2085,Statik
6.481311651622153,30,32.03658512519911,18,2086,Statik
10.676165060375954,30,0.0,18,2087,Statik
1.055025789135219,105,0.0,13,2088,Statik
9.750948886560767,60,2.6318816300675394,16,2089,Statik
22.22513918114366,0,34.88596034310473,20,2090,Statik
6.112267240519558,15,41.27161675004646,19,2091,Statik
0.3950144542533631,45,0.0,17,2092,Statik
1.3220347270948691,45,23.072291882655406,17,2093,Statik
52.216477533464506,30,64.05168415085546,18,2094,Statik
8.680384639661384,0,0.0,20,2095,Statik
1.9549445651805284,15,17.68330426559885,19,2096,Statik
16.825336879115763,15,0.0,19,2097,Statik
25.82216973057526,15,82.43017345534514,19,2098,Statik
9.982069383295592,60,1.3636725406540222,16,2099,Statik
7.602522871371761,0,9.843873792666898,20,2100,Statik
4.107901457775061,15,0.0,19,2101,Statik
5.410313794309902,15,0.0,19,2102,Statik
3.7275973175566417,30,0.0,18,2103,Statik
17.36405325742153,15,0.0,19,2104,Statik
11.966609886780784,75,0.0,15,2105,Statik
4.181237811098522,30,0.0,18,2106,Statik
5.614253747826462,0,45.91979850686283,20,2107,Statik
4.894759104329201,45,0.0,17,2108,Statik
0.2167611357821955,45,0.0,17,2109,Statik
2.297082113234313,45,0.0,17,2110,Statik
12.307924426918687,60,0.0,16,2111,Statik
13.929509584622753,15,0.0,19,2112,Statik
1.6529014021328585,60,18.847758721375726,16,2113,Statik
6.650362469609093,75,10.116972764198806,15,2114,Statik
7.206550563919797,15,7.136582996402922,19,2115,Statik
27.16461196276909,15,38.67195979696527,19,2116,Statik
2.1959229361022783,0,0.0,20,2117,Statik
3.543048317707047,15,0.0,19,2118,Statik
7.639427308512263,30,0.0,18,2119,Statik
2.759228787082704,15,0.0,19,2120,Statik
53.24968401260701,15,85.17372087785736,19,2121,Statik
3.490997371924004,75,0.0,15,2122,Statik
0.9749117374249615,30,0.0,18,2123,Statik
5.83687270773414,75,0.0,15,2124,Statik
6.682488059632313,45,0.0,17,2125,Statik
7.504524857939102,15,4.238487997062407,19,2126,Statik
18.65789844126346,45,11.982318289552268,17,2127,Statik
4.34243674675463,60,0.0,16,2128,Statik
2.883561024572266,45,0.0,17,2129,Statik
14.80331523711892,45,65.26731522958033,17,2130,Statik
6.324957124697999,30,51.95689985743729,18,2131,Statik
6.179225522276237,60,25.07492185762527,16,2132,Statik
1.941318458927524,75,0.0,15,2133,Statik
16.014299797803663,30,0.8510547315742087,18,2134,Statik
12.51753659614448,15,28.24503457019648,19,2135,Statik
6.493692858754365,45,0.0,17,2136,Statik
14.372686080981284,45,37.78148505175369,17,2137,Statik
3.52773167690711,15,0.0,19,2138,Statik
12.493025779448725,30,8.811641192997797,18,2139,Statik
28.43496035240602,30,0.0,18,2140,Statik
1.1186948985426806,30,0.0,18,2141,Statik
0.8825134431586384,45,0.9688332205645906,17,2142,Statik
2.7062054741714245,30,64.80660659664454,18,2143,Statik
17.480034032946833,15,7.795059966417455,19,2144,Statik
7.293642631185001,15,19.047625629792208,19,2145,Statik
9.032932579415167,30,23.94888936913452,18,2146,Statik
3.987400323148288,45,0.0,17,2147,Statik
27.391737497577328,15,0.0,19,2148,Statik
0.6310454055998239,0,2.6126182982381465,20,2149,Statik
1.696508403011635,15,0.0,19,2150,Statik
17.268258752266963,15,33.388743979252695,19,2151,Statik
33.4881340099076,15,30.592853556556463,19,2152,Statik
2.881170617826282,0,0.0,20,2153,Statik
0.186537924653914,0,0.0,20,2154,Statik
14.573690785560458,0,0.0,20,2155,Statik
9.685980696325487,15,0.0,19,2156,Statik
7.068628343601666,30,24.745579444479233,18,2157,Statik
31.165196096367872,30,0.0,18,2158,Statik
1.8495850803116072,30,0.0,18,2159,Statik
11.580626167657854,15,0.0,19,2160,Statik
2.466896488930347,30,0.0,18,2161,Statik
9.646604561178115,60,0.0,16,2162,Statik
3.076496643497824,45,0.0,17,2163,Statik
38.6964368618636,30,33.332739101955326,18,2164,Statik
19.990867113622272,15,27.338038156169034,19,2165,Statik
6.44404920403996,30,0.0,18,2166,Statik
1.2622036870246944,60,0.0,16,2167,Statik
9.335168622914319,15,20.50463059900983,19,2168,Statik
11.701110571835544,30,0.0,18,2169,Statik
7.635313639601395,0,0.0,20,2170,Statik
0.627320128992221,30,0.0,18,2171,Statik
1.8512745218508273,15,0.0,19,2172,Statik
12.786096409614549,75,66.80273407170398,15,2173,Statik
3.062029033936244,30,0.0,18,2174,Statik
1.3653211624983452,60,0.0,16,2175,Statik
3.668341622706655,30,17.078287092159997,18,2176,Statik
17.115041611162177,30,0.0,18,2177,Statik
2.165578279117495,0,13.953273108228245,20,2178,Statik
4.274404690443281,15,0.0,19,2179,Statik
0.560176111706258,0,11.2763554589543,20,2180,Statik
3.0159839996793503,15,0.0,19,2181,Statik
23.230642740815924,15,20.71423371887238,19,2182,Statik
7.464973715498321,30,0.0,18,2183,Statik
43.40256531192359,30,0.4597207506683958,18,2184,Statik
7.6290791524698705,30,16.402737977744323,18,2185,Statik
4.207836442653301,0,0.0,20,2186,Statik
47.517908782661756,0,84.56439531150954,20,2187,Statik
13.76065200006615,15,87.37503397743012,19,2188,Statik
0.9798291956283938,15,12.290392362909756,19,2189,Statik
11.651352794220289,15,2.9934612624846864,19,2190,Statik
3.3327542418658958,45,0.0,17,2191,Statik
24.805648697863923,60,47.38090476423133,16,2192,Statik
4.377247440425874,30,0.0,18,2193,Statik
10.47184608102261,15,31.5786654281531,19,2194,Statik
3.8121252359821862,75,14.28508599356627,15,2195,Statik
6.544679579130499,30,45.69806349716862,18,2196,Statik
2.3395024663115187,45,0.0,17,2197,Statik
0.7175672949033856,30,0.0,18,2198,Statik
21.269185451125395,15,0.0,19,2199,Statik
7.25739889546836,15,0.0,19,2200,Statik
18.083516167262523,30,29.454530716553165,18,2201,Statik
12.85658612923467,30,0.0,18,2202,Statik
7.031668082532739,30,0.0,18,2203,Statik
2.8396026310348605,30,0.0,18,2204,Statik
0.7255869944437017,45,0.0,17,2205,Statik
9.340334998494374,30,0.0,18,2206,Statik
1.958319506760124,15,0.0,19,2207,Statik
8.918875160372684,15,0.0,19,2208,Statik
12.23335184559834,15,0.0,19,2209,Statik
21.80187302107408,15,8.423956447370188,19,2210,Statik
7.359743122252797,0,7.826793143622183,20,2211,Statik
0.764823499640213,15,0.5177524376763358,19,2212,Statik
3.7873641357903756,30,0.0,18,2213,Statik
2.929551951979754,45,0.0,17,2214,Statik
14.144091873847303,45,19.91872443625425,17,2215,Statik
6.174037023202224,30,0.0,18,2216,Statik
2.9224742006561364,45,18.500617074893057,17,2217,Statik
12.962850370699208,60,51.09436219791081,16,2218,Statik
8.210464029044417,60,51.57258787375122,16,2219,Statik
1.1455201943344409,30,0.0,18,2220,Statik
2.5268317603749293,15,0.0,19,2221,Statik
12.473141157503504,60,2.657889543640806,16,2222,Statik
13.224357308158678,15,75.62716370595746,19,2223,Statik
11.986659449461222,45,8.649461900611527,17,2224,Statik
10.487674031078342,30,36.731604421661245,18,2225,Statik
2.2661349596084284,90,0.0,14,2226,Statik
1.9179107851110277,15,0.0,19,2227,Statik
23.83219171625533,30,0.0,18,2228,Statik
1.9604275952723786,105,0.0,13,2229,Statik
10.259092922814647,30,0.3486427250597899,18,2230,Statik
27.38211659034141,30,37.12829751667448,18,2231,Statik
10.069762175002797,30,29.86268478974523,18,2232,Statik
2.5337993247756847,75,0.0,15,2233,Statik
3.0231166313450983,45,1.2457056346106015,17,2234,Statik
6.460333250416165,15,10.261516851910244,19,2235,Statik
74.14254293044908,0,124.92897633597767,20,2236,Statik
0.5442292172492071,60,0.0,16,2237,Statik
12.58955154163308,15,8.969440314638007,19,2238,Statik
18.910223615864865,30,12.258417948312626,18,2239,Statik
6.710104547093999,45,0.0,17,2240,Statik
1.8508661083303963,15,0.0,19,2241,Statik
5.974376477392942,45,10.385253869048483,17,2242,Statik
1.0860613738913467,45,5.863873774320837,17,2243,Statik
3.6570962997024417,15,0.0,19,2244,Statik
4.301450854450942,75,0.0,15,2245,Statik
4.184270882716984,60,79.96040098326512,16,2246,Statik
12.749727961407663,45,5.2303541842226196,17,2247,Statik
2.846535706314625,30,0.0,18,2248,Statik
12.163011342775606,90,14.953921503526146,14,2249,Statik
13.394330408705684,75,24.8208924479311,15,2250,Statik
1.2990960568503103,30,0.0,18,2251,Statik
0.4938479156853567,30,9.93358665477291,18,2252,Statik
12.658475322238877,60,0.0,16,2253,Statik
0.6160415762235566,45,0.0,17,2254,Statik
0.362055188291981,15,0.0,19,2255,Statik
6.188252024932068,60,0.0,16,2256,Statik
1.7355218048318743,30,0.0,18,2257,Statik
6.206891218106674,15,10.79031046179324,19,2258,Statik
15.577853095281062,15,9.862929218643387,19,2259,Statik
5.585980740527538,15,2.3466114575467714,19,2260,Statik
21.88063625675429,15,10.729488034424946,19,2261,Statik
27.404201477728275,15,75.76833970042196,19,2262,Statik
2.3467968320305514,45,0.0,17,2263,Statik
9.665783412574633,60,0.0,16,2264,Statik
3.7560689707553254,15,17.24584682405174,19,2265,Statik
24.507828227060664,0,50.9726444093975,20,2266,Statik
12.308019663422446,0,0.0,20,2267,Statik
3.3095723716363667,15,0.0,19,2268,Statik
4.650251051829488,30,0.0,18,2269,Statik
5.150445155153233,15,30.93626491998782,19,2270,Statik
4.028114165821855,30,0.06802751877961555,18,2271,Statik
10.377968768960482,45,4.44473586678447,17,2272,Statik
6.341544863771008,15,5.565883440216453,19,2273,Statik
2.732112222542861,45,0.0,17,2274,Statik
3.44013499158566,0,0.0,20,2275,Statik
4.211431134349883,30,0.0,18,2276,Statik
3.123544777229835,30,5.464209888458072,18,2277,Statik
51.07259963682431,0,45.77878699081987,20,2278,Statik
6.256245823401019,45,34.11279234061908,17,2279,Statik
9.639741669548316,45,19.532346248135696,17,2280,Statik
47.85992704009451,0,60.157800816589486,20,2281,Statik
3.824478952293817,60,0.0,16,2282,Statik
0.5539211975634427,45,5.094392344435448,17,2283,Statik
0.2725172414820962,60,0.0,16,2284,Statik
3.4639413760510416,15,0.0,19,2285,Statik
18.57337262100323,30,47.774245720281385,18,2286,Statik
4.337120489791952,60,0.0,16,2287,Statik
3.3153537682296452,15,13.182208208844031,19,2288,Statik
8.33409181514067,30,0.0,18,2289,Statik
18.115027500083816,0,8.048519873857629,20,2290,Statik
0.3636052774664698,0,0.17352560624561875,20,2291,Statik
1.0363159438302834,60,0.0,16,2292,Statik
5.140250606540226,15,30.56596405670905,19,2293,Statik
3.061390330607806,30,0.0,18,2294,Statik
2.6605195688461145,15,0.0,19,2295,Statik
0.9573836641086404,0,18.663183570291267,20,2296,Statik
2.7361561032155945,0,0.0,20,2297,Statik
1.7874947279582187,0,0.0,20,2298,Statik
0.21784256568953708,30,0.0,18,2299,Statik
5.780230599735268,45,0.0,17,2300,Statik
11.998439717517625,45,0.0,17,2301,Statik
19.963053725197334,15,80.41762554830575,19,2302,Statik
9.450818849427538,0,12.226859697838904,20,2303,Statik
5.722240174837205,45,18.89049563675428,17,2304,Statik
1.6015335437696967,30,0.0,18,2305,Statik
4.622205768417302,15,0.0,19,2306,Statik
2.2597379576723693,30,14.470326323414156,18,2307,Statik
12.314962868227811,45,11.6592086836406,17,2308,Statik
19.622834764835783,15,6.783467067612435,19,2309,Statik
2.6478247654758604,60,11.387220619462482,16,2310,Statik
26.547661148369585,30,31.99325261591855,18,2311,Statik
3.6430914328680206,60,0.0,16,2312,Statik
3.494957785975602,15,2.67602309386956,19,2313,Statik
7.649681856826066,60,0.15215277889274148,16,2314,Statik
4.978649167259431,30,0.0,18,2315,Statik
9.579753205903964,15,49.27957725869186,19,2316,Statik
9.547075160008585,60,0.0,16,2317,Statik
0.6160523026576283,15,0.0,19,2318,Statik
5.304005470527312,45,35.82545276592566,17,2319,Statik
10.253831889537173,15,0.0,19,2320,Statik
3.8455465152191817,30,0.0,18,2321,Statik
65.78043928538914,15,87.54505665898438,19,2322,Statik
8.452542678025543,30,0.0,18,2323,Statik
2.7483548586255986,30,14.464331018699227,18,2324,Statik
8.016605191249342,15,23.833150082994223,19,2325,Statik
6.1344952173202865,15,0.0,19,2326,Statik
0.9138577012641242,60,0.0,16,2327,Statik
10.578422091796948,60,28.95373545023557,16,2328,Statik
0.8310537921778341,30,0.7145418076385681,18,2329,Statik
3.333284742522962,60,0.0,16,2330,Statik
13.202704015417574,15,76.79993632173898,19,2331,Statik
21.795535688729323,45,0.0,17,2332,Statik
12.10491780545435,15,0.0,19,2333,Statik
1.6470039435212822,45,16.72468305064905,17,2334,Statik
2.0520165287461007,45,0.0,17,2335,Statik
14.23991117794444,15,42.445719533467354,19,2336,Statik
7.064933430742482,75,20.391253070738117,15,2337,Statik
2.778515354741199,30,29.736279674767616,18,2338,Statik
11.309415558207013,30,36.38452830957232,18,2339,Statik
51.06815974462603,15,64.37157793992003,19,2340,Statik
7.572680812945596,30,0.0,18,2341,Statik
25.846767858445578,15,18.361970870189168,19,2342,Statik
2.804338434000876,45,0.0,17,2343,Statik
2.2214293657615714,45,26.129690484869627,17,2344,Statik
38.6505243024827,45,48.34115143461139,17,2345,Statik
10.712567592341573,45,0.3506105140265845,17,2346,Statik
0.719711902095618,0,0.0,20,2347,Statik
8.233101060923701,30,9.084476024509854,18,2348,Statik
8.519349859130765,60,0.0,16,2349,Statik
3.159044509010953,30,0.0,18,2350,Statik
4.6520084791817755,60,0.0,16,2351,Statik
2.937513940750469,45,0.0,17,2352,Statik
5.199689845654362,60,9.587924968474965,16,2353,Statik
1.0669381371981377,45,0.0,17,2354,Statik
5.249690737352007,15,0.0,19,2355,Statik
0.48187029331098014,30,2.334315604380322,18,2356,Statik
5.65667011657513,15,0.0,19,2357,Statik
2.7462551809553983,30,0.0,18,2358,Statik
0.8257032249020699,0,0.0,20,2359,Statik
6.548723845854919,30,0.0,18,2360,Statik
6.10775377363894,30,0.577349454184855,18,2361,Statik
29.072427217405643,30,0.0,18,2362,Statik
4.614760403986645,45,28.746971119805266,17,2363,Statik
2.2956345221303485,45,0.0,17,2364,Statik
22.671495238348577,0,0.0,20,2365,Statik
10.277398420723273,15,0.0,19,2366,Statik
1.3772484728564731,15,0.0,19,2367,Statik
4.090333732505838,30,0.0,18,2368,Statik
2.377748698407138,30,0.0,18,2369,Statik
23.636367544382342,30,0.0,18,2370,Statik
4.46945105413183,15,0.0,19,2371,Statik
7.323790725632751,15,0.0,19,2372,Statik
1.201788104332624,15,0.0,19,2373,Statik
16.356617848983788,45,0.0,17,2374,Statik
11.98801242830511,0,0.0,20,2375,Statik
5.11889055116654,30,0.0,18,2376,Statik
4.292431983540496,45,0.0,17,2377,Statik
9.996788146226422,45,2.3923970010176845,17,2378,Statik
2.5263382700327526,15,2.713294644374969,19,2379,Statik
2.1305227513899574,15,0.0,19,2380,Statik
4.284671780267889,60,9.184254511446454,16,2381,Statik
20.489118748083616,15,7.315528255362949,19,2382,Statik
1.1029910437976433,15,0.3480767930338402,19,2383,Statik
42.29239876068955,60,63.34276164984351,16,2384,Statik
1.4427571536678272,45,9.439937984376343,17,2385,Statik
10.868463437754658,15,13.849749667083358,19,2386,Statik
8.215401025824544,0,0.0,20,2387,Statik
0.9870487012269303,15,0.0,19,2388,Statik
12.870283716747654,30,22.035238788883476,18,2389,Statik
95.51823067438336,30,140.10429616224968,18,2390,Statik
3.723364004771718,45,18.202844701731863,17,2391,Statik
17.131170582049908,30,0.0,18,2392,Statik
2.472448284069562,45,0.0,17,2393,Statik
3.212924399966875,15,14.589437817501903,19,2394,Statik
2.6532634049456973,90,0.0,14,2395,Statik
5.555371945429307,45,0.0,17,2396,Statik
2.9103476914407187,15,0.0,19,2397,Statik
2.808127924445509,15,0.0,19,2398,Statik
61.54016035970418,30,84.43923834992563,18,2399,Statik
5.1169407623723195,0,13.110474288405385,20,2400,Statik
11.041802969787492,45,8.508747152075898,17,2401,Statik
9.124275855768824,30,0.0,18,2402,Statik
5.1194209709732865,15,7.539785162716669,19,2403,Statik
3.8424878610155684,45,0.0,17,2404,Statik
1.8749919310995011,75,0.0,15,2405,Statik
0.0,75,0.0,15,2406,Statik
4.064324669407735,15,0.0,19,2407,Statik
0.5397025689580219,30,0.0,18,2408,Statik
8.547064590982952,60,0.0,16,2409,Statik
6.9195653777914226,30,0.0,18,2410,Statik
1.1568959991080798,60,0.0,16,2411,Statik
34.09303432886358,15,85.14079510852258,19,2412,Statik
1.8274404585066544,15,0.0,19,2413,Statik
4.467858445365509,30,0.0,18,2414,Statik
26.0603479385499,0,18.1714273139371,20,2415,Statik
3.361507698182257,15,14.7436050791664,19,2416,Statik
6.593085428272467,30,6.959074885638529,18,2417,Statik
0.8944735211885046,0,5.390472563294566,20,2418,Statik
0.47711138863542957,90,0.0,14,2419,Statik
15.578981289340605,15,13.5550129084844,19,2420,Statik
4.790272035175687,60,12.00782429162615,16,2421,Statik
2.2913758243438753,15,0.0,19,2422,Statik
4.248375835442319,45,0.0,17,2423,Statik
5.137773783353497,30,0.0,18,2424,Statik
1.3314526216650089,30,0.0,18,2425,Statik
0.2651658314276308,15,0.0,19,2426,Statik
0.45137101979084165,15,1.0788240424466267,19,2427,Statik
2.923985513641081,60,0.0,16,2428,Statik
3.386214535536821,45,0.0,17,2429,Statik
0.7861597719325624,15,0.0,19,2430,Statik
1.1842818543393685,30,30.423523050950678,18,2431,Statik
19.945483175484533,0,41.7101527417301,20,2432,Statik
0.5288269218304185,45,0.0,17,2433,Statik
5.145463692254078,0,13.60419228057134,20,2434,Statik
5.865439056296133,30,0.0,18,2435,Statik
6.685130088798709,30,8.858506478655386,18,2436,Statik
6.132749968606743,15,0.0,19,2437,Statik
18.10404975241325,30,26.733835345926593,18,2438,Statik
31.37339117040366,30,17.257892810089857,18,2439,Statik
66.90987909814967,0,152.71637147061426,20,2440,Statik
26.096118107041324,15,64.28341222677909,19,2441,Statik
28.31188279464523,30,1.1047163605232981,18,2442,Statik
13.929002632567077,15,56.44999583386448,19,2443,Statik
0.015647145669191787,45,0.0,17,2444,Statik
2.554257413099943,30,12.967001281541286,18,2445,Statik
11.539948335082917,15,0.0,19,2446,Statik
10.200399218726389,0,0.0,20,2447,Statik
7.922789139832876,30,55.82651197001496,18,2448,Statik
4.0673887601916485,60,8.262713036289256,16,2449,Statik
3.95428426340167,30,0.0,18,2450,Statik
4.286256304774838,45,14.016779418594467,17,2451,Statik
7.278401763774315,0,12.177705768072144,20,2452,Statik
6.948007153191174,30,37.7331349714525,18,2453,Statik
4.3350908056525395,45,4.8888261541912925,17,2454,Statik
4.84347938681882,15,26.609120487760663,19,2455,Statik
1.7820877473185395,45,18.633819804291818,17,2456,Statik
1.199951188326355,15,0.0,19,2457,Statik
5.645095712704075,30,2.7035399863489147,18,2458,Statik
1.1868748181678554,0,0.6960712172825083,20,2459,Statik
4.32346328623275,30,0.0,18,2460,Statik
18.092293413332605,60,61.88105477846847,16,2461,Statik
0.5826384590113296,60,16.19931231108177,16,2462,Statik
6.696932999660714,30,7.4509257388876335,18,2463,Statik
7.806873366990315,45,7.1395108119638735,17,2464,Statik
9.519196148551867,0,13.992707479161425,20,2465,Statik
8.953518368392464,15,0.0,19,2466,Statik
5.705073865740038,30,12.33477716128698,18,2467,Statik
1.1127690112566035,15,0.8267490546138561,19,2468,Statik
1.930625269091422,45,76.10640211472673,17,2469,Statik
7.835759030921733,15,7.358002840024824,19,2470,Statik
3.236024953133741,30,0.0,18,2471,Statik
16.946420112171015,30,17.67018670447436,18,2472,Statik
0.7752128564114891,90,0.0,14,2473,Statik
11.230276241336929,15,0.0,19,2474,Statik
17.594240331719917,30,0.0,18,2475,Statik
43.64453294168695,45,51.3249386563927,17,2476,Statik
13.859499516508905,45,0.0,17,2477,Statik
41.066832059006046,0,44.23628041216131,20,2478,Statik
7.736562507497482,15,28.00828371350019,19,2479,Statik
2.1553459880819728,15,0.0,19,2480,Statik
6.752822263416202,45,0.0,17,2481,Statik
2.1631263142390953,30,0.0,18,2482,Statik
0.8261034024967899,15,0.0,19,2483,Statik
0.09187640446723222,60,0.0,16,2484,Statik
1.9349344070407752,15,0.0,19,2485,Statik
4.076568846178469,30,11.389156653125497,18,2486,Statik
3.5789860831972042,45,6.717444519565106,17,2487,Statik
4.939619302849838,30,0.0,18,2488,Statik
0.7594537356073722,30,0.0,18,2489,Statik
5.450658009152759,30,0.0,18,2490,Statik
2.072745580706558,15,0.0,19,2491,Statik
2.936293380195514,15,4.4032295546799105,19,2492,Statik
2.0515355570810314,60,0.0,16,2493,Statik
9.11971646024501,15,28.24355262963138,19,2494,Statik
9.583618531904847,45,17.904404323138806,17,2495,Statik
6.232860659138858,60,3.1558345675692863,16,2496,Statik
0.620208430073969,45,0.0,17,2497,Statik
5.313950350189837,30,0.0,18,2498,Statik
1.2357246618693618,15,95.12891889581255,19,2499,Statik
5.469805128773055,0,14.101379642745599,17,0,Hibrit
0.13565278068726377,0,18.378065508913323,17,1,Hibrit
19.024111281824943,0,56.389681772116205,21,2,Hibrit
17.551919010413062,0,29.96946195597377,20,3,Hibrit
23.11631749974352,0,14.765287598947396,17,4,Hibrit
10.206589765404306,0,3.1613031647486878,17,5,Hibrit
3.9289285067080297,0,0.0,18,6,Hibrit
0.8981945007160941,0,0.0,15,7,Hibrit
3.1679105151811555,0,19.513307426824042,20,8,Hibrit
3.5131425767483444,0,0.0,18,9,Hibrit
78.85032034373141,0,65.24156823628749,20,10,Hibrit
8.852198959260056,0,0.0,20,11,Hibrit
3.1396969076891668,0,0.0,18,12,Hibrit
25.294848830733486,0,88.85300665656194,20,13,Hibrit
1.550458741983967,0,1.4350739550390585,19,14,Hibrit
7.968203307960966,0,0.0,19,15,Hibrit
7.819980932385699,0,0.0,20,16,Hibrit
31.397153631379656,0,54.25128156825724,20,17,Hibrit
13.46478216976876,0,76.87379204322446,19,18,Hibrit
7.459090786585469,0,29.663342188244826,18,19,Hibrit
26.66923191002815,0,34.357301926693424,21,20,Hibrit
1.9767848928530225,0,0.0,21,21,Hibrit
9.213430740093806,0,30.90819155801671,19,22,Hibrit
15.545041530491199,0,0.0,19,23,Hibrit
4.638166328186752,0,32.08626804644621,19,24,Hibrit
18.713733628098332,0,45.62162102796742,19,25,Hibrit
12.655200353368965,0,0.0,19,26,Hibrit
2.312091793712446,0,20.750073128062297,19,27,Hibrit
26.46210693611414,0,3.715711562925094,20,28,Hibrit
4.565229714087955,0,1.6546954016207565,18,29,Hibrit
19.438738304069314,0,0.0,16,30,Hibrit
9.350774813189718,0,0.0,19,31,Hibrit
15.660515651574773,0,42.33841539736193,19,32,Hibrit
2.702142534835201,0,6.115705752871918,17,33,Hibrit
21.653348874422182,0,69.00183676630775,18,34,Hibrit
1.3500081006531075,0,0.0,17,35,Hibrit
0.43515259622158975,0,0.0,19,36,Hibrit
7.028877170344298,0,0.0,17,37,Hibrit
2.751556246286992,0,0.0,18,38,Hibrit
3.1459309145565006,0,18.406322379438166,19,39,Hibrit
4.871919689300265,0,0.0,20,40,Hibrit
60.68156808314531,0,79.91498592428792,17,41,Hibrit
4.1175582495146195,0,0.0,18,42,Hibrit
6.0012977275379145,0,0.0,21,43,Hibrit
114.74466883167526,0,145.701493592443,19,44,Hibrit
1.6677063724373433,0,0.0,19,45,Hibrit
20.008229624642514,0,2.1403171045370755,18,46,Hibrit
2.6734809738999186,0,2.8571956734251103,19,47,Hibrit
1.3425633346397063,0,0.0,19,48,Hibrit
7.038855719897969,0,0.0,18,49,Hibrit
0.2077893693023043,0,0.0,15,50,Hibrit
2.199415354183408,0,0.0,18,51,Hibrit
5.2814194437507735,0,0.0,19,52,Hibrit
26.08963476660983,0,30.891696487689217,19,53,Hibrit
17.847166327388027,0,37.137649604050694,18,54,Hibrit
3.8703741238108216,0,0.0,18,55,Hibrit
6.613629504453051,0,0.0,19,56,Hibrit
2.221719510877089,0,0.0,17,57,Hibrit
10.584738855073473,0,18.195084764538933,20,58,Hibrit
12.514089400564021,0,0.7116504169077871,20,59,Hibrit
8.75393966862649,0,0.0,18,60,Hibrit
7.3426213930201865,0,15.909801603812241,17,61,Hibrit
11.053553649111269,0,0.0,20,62,Hibrit
4.361194271683793,0,0.0,19,63,Hibrit
2.496234726207019,0,17.784396071890285,18,64,Hibrit
17.63512543948726,0,14.846114067752524,20,65,Hibrit
27.99264585803929,0,39.57694557652786,18,66,Hibrit
1.0934753771456565,0,0.0,17,67,Hibrit
2.0294450948908627,0,0.0,19,68,Hibrit
0.8733307236103829,0,26.524350135450163,17,69,Hibrit
13.527968212075987,0,0.0,20,70,Hibrit
0.8247536721432558,0,0.0,20,71,Hibrit
3.9228089478073755,0,2.759810147769656,14,72,Hibrit
5.139724881251232,0,0.0,19,73,Hibrit
0.6832333492550207,0,0.0,18,74,Hibrit
5.482277111469944,0,3.1491492599604953,19,75,Hibrit
20.454147775820516,0,25.990326914867637,18,76,Hibrit
4.097124320990171,0,0.0,19,77,Hibrit
5.559542418147842,0,0.0,18,78,Hibrit
3.9790718911499736,0,0.0,16,79,Hibrit
4.65030345097244,0,3.995269435320381,17,80,Hibrit
0.8292618772133451,0,0.0,17,81,Hibrit
3.660021482301894,0,0.0,16,82,Hibrit
13.42618131920599,0,18.21265892933883,19,83,Hibrit
26.171529889757466,0,44.129636892230394,17,84,Hibrit
8.889547603057576,0,0.0,16,85,Hibrit
0.4093312629809513,0,0.0,18,86,Hibrit
6.685509752316241,0,12.033705791554155,19,87,Hibrit
2.1561420300538203,0,0.0,17,88,Hibrit
13.16879194611753,0,0.0,13,89,Hibrit
2.6123993224337525,0,39.83207003315158,18,90,Hibrit
23.244334519612803,0,73.69855825787164,18,91,Hibrit
11.210826644826458,0,25.236035470406193,20,92,Hibrit
28.360068823811353,0,13.098043262088197,20,93,Hibrit
5.184856064593356,0,9.50425470526119,17,94,Hibrit
31.369187616234537,0,0.0,18,95,Hibrit
3.648335301182872,0,0.0,16,96,Hibrit
15.19071141665422,0,0.4663073615791973,20,97,Hibrit
3.802968382678793,0,0.0,17,98,Hibrit
6.607394289428737,0,0.0,19,99,Hibrit
0.17116866733767305,0,0.0,20,100,Hibrit
6.485893453840774,0,8.84739826808351,20,101,Hibrit
11.425181119259722,0,0.0,18,102,Hibrit
3.9901195940675884,0,12.51760478650732,18,103,Hibrit
10.013969052004418,0,61.98079153195317,19,104,Hibrit
13.685017190159568,0,10.08594518493976,18,105,Hibrit
3.516204291319499,0,10.025705792024041,18,106,Hibrit
13.061908352570725,0,3.696323459003338,19,107,Hibrit
27.57419058811551,0,57.49266944685536,18,108,Hibrit
9.41347824593841,0,18.773820676122227,18,109,Hibrit
10.08228612046038,0,13.313895183879708,17,110,Hibrit
2.1733254321267395,0,15.167727778001506,19,111,Hibrit
0.9318814612033919,0,0.0,15,112,Hibrit
17.631474779769096,0,35.41159506181191,18,113,Hibrit
16.141315591677348,0,0.0,16,114,Hibrit
36.48231431533388,0,29.054846092778916,18,115,Hibrit
2.0845542440865836,0,0.0,18,116,Hibrit
11.93369891425763,0,0.0,20,117,Hibrit
6.650651006526243,0,27.432644316395283,19,118,Hibrit
12.748256460725887,0,0.0,20,119,Hibrit
4.504134601871193,0,5.566515713194121,20,120,Hibrit
11.148413859161804,0,32.599711981023006,20,121,Hibrit
1.4633456580790911,0,22.79540345333669,18,122,Hibrit
4.958431042748739,0,0.0,18,123,Hibrit
28.725820097871843,0,1.1497971044299788,18,124,Hibrit
1.6143075532447728,0,0.0,19,125,Hibrit
2.7067799616570034,0,0.0,20,126,Hibrit
11.614033149490147,0,0.0,20,127,Hibrit
14.903856365220012,0,41.50528153797035,20,128,Hibrit
3.0100244845218844,0,0.0,18,129,Hibrit
5.941918042805282,0,0.0,17,130,Hibrit
1.4333477658612663,0,0.14094650267406905,18,131,Hibrit
16.12212254276769,0,53.701829664036836,18,132,Hibrit
2.9899307726931528,0,0.0,18,133,Hibrit
1.5695164098361039,0,0.0,16,134,Hibrit
6.086089938215232,0,0.0,20,135,Hibrit
15.41601522647057,0,20.76604234170003,18,136,Hibrit
3.37634695827741,0,8.474619221659339,19,137,Hibrit
0.5026056857397836,0,0.0,18,138,Hibrit
5.724520002140154,0,0.0,17,139,Hibrit
8.433426262350064,0,108.16753721724024,17,140,Hibrit
1.7841677605241237,0,0.021476368725473094,16,141,Hibrit
7.328046416340615,0,20.47696996717741,19,142,Hibrit
2.4793308757101884,0,0.0,17,143,Hibrit
8.8814189389343,0,0.0,21,144,Hibrit
4.442061450903212,0,12.313451566596939,18,145,Hibrit
2.2275471820941677,0,0.0,17,146,Hibrit
1.334052555034232,0,0.0,18,147,Hibrit
7.170344505508944,0,0.0,19,148,Hibrit
18.140356023472084,0,37.28062827856422,18,149,Hibrit
7.731740802115413,0,0.0,20,150,Hibrit
2.65920831811142,0,0.0,18,151,Hibrit
13.7813502302137,0,0.0,18,152,Hibrit
10.249068412356216,0,0.0,19,153,Hibrit
12.314354492839938,0,0.0,16,154,Hibrit
11.277004437822631,0,1.7231632334561482,19,155,Hibrit
3.938939988506256,0,0.0,16,156,Hibrit
3.6250325284300007,0,0.06380973675879886,18,157,Hibrit
34.95421304043357,0,0.0,17,158,Hibrit
0.3859932037162771,0,9.787914648160438,17,159,Hibrit
2.6636956155911204,0,0.0,21,160,Hibrit
1.3206459685940188,0,21.569774327728226,19,161,Hibrit
5.445970744222238,0,0.0,17,162,Hibrit
15.224684438850314,0,38.02973975560536,19,163,Hibrit
9.069165599593799,0,93.1750257743538,19,164,Hibrit
11.547452476809234,0,0.0,20,165,Hibrit
12.27868744845099,0,0.0,17,166,Hibrit
11.793380221360655,0,22.952784472048734,19,167,Hibrit
2.427869252209144,0,0.0,18,168,Hibrit
3.5664641219424653,0,0.0,19,169,Hibrit
1.5918475825268337,0,0.0,18,170,Hibrit
5.812513285859439,0,11.243912947058675,19,171,Hibrit
6.459804385080443,0,41.486427276591826,17,172,Hibrit
0.12463193935652625,0,27.23085330823551,17,173,Hibrit
42.88737603323733,0,54.87010236408332,19,174,Hibrit
0.5736942025977749,0,0.0,17,175,Hibrit
0.8766525046936332,0,9.5609831673205,15,176,Hibrit
28.736529806949914,0,105.74132527130399,20,177,Hibrit
2.673497732672684,0,0.0,19,178,Hibrit
9.830747343283338,0,0.0,19,179,Hibrit
0.9320503670962055,0,0.0,17,180,Hibrit
31.034713154936007,0,2.2336638197699585,18,181,Hibrit
1.6155643953004244,0,25.16410781733987,18,182,Hibrit
2.943670238746163,0,0.0,19,183,Hibrit
10.53681456111587,0,51.10332182073756,19,184,Hibrit
10.520309889512413,0,0.0,18,185,Hibrit
6.398774940134207,0,22.181871192730455,17,186,Hibrit
18.124250010241546,0,22.2148867953768,20,187,Hibrit
4.0976159794537255,0,0.0,18,188,Hibrit
3.6313081217429897,0,11.12620186048099,19,189,Hibrit
13.680892087931527,0,34.04283817590226,18,190,Hibrit
12.35418926053421,0,47.349932399241254,19,191,Hibrit
26.442688829124336,0,0.0,16,192,Hibrit
4.750571351314014,0,0.0,17,193,Hibrit
4.68883362048695,0,0.0,17,194,Hibrit
6.621460725849471,0,0.0,19,195,Hibrit
9.877918813429746,0,25.078096923095814,16,196,Hibrit
1.7275722282548898,0,0.0,20,197,Hibrit
0.0,0,0.0,16,198,Hibrit
1.119321476631822,0,0.0,16,199,Hibrit
17.505392696586643,0,17.722820853059375,15,200,Hibrit
18.098508581297068,0,6.785449522061754,21,201,Hibrit
2.3517140831833,0,0.0,17,202,Hibrit
6.065666132918434,0,0.0,18,203,Hibrit
14.903127155688262,0,0.0,18,204,Hibrit
3.389188384048323,0,43.24217611270285,17,205,Hibrit
1.337186564870088,0,0.0,19,206,Hibrit
0.3177987385367718,0,0.0,20,207,Hibrit
0.5669089454411438,0,0.0,20,208,Hibrit
5.627564589720708,0,10.197632922900027,20,209,Hibrit
8.234328321004812,0,33.527333228592,17,210,Hibrit
5.570022834231676,0,0.0,21,211,Hibrit
3.9678025677817534,0,0.0,19,212,Hibrit
18.83824708747078,0,8.701176262591503,19,213,Hibrit
9.423911307301287,0,0.0,17,214,Hibrit
7.925259605759045,0,4.833307135060124,20,215,Hibrit
7.62740344954911,0,0.0,19,216,Hibrit
4.210128008439025,0,5.416005714036601,19,217,Hibrit
5.684602144803796,0,0.0,18,218,Hibrit
0.0030624531751441233,0,0.0,18,219,Hibrit
6.253432642750125,0,5.995870782418024,20,220,Hibrit
14.431745900625621,0,17.290019497412004,18,221,Hibrit
6.98224049069129,0,0.0,17,222,Hibrit
8.055938364404698,0,17.18648332583126,19,223,Hibrit
1.9831293287734149,0,15.827303446782139,20,224,Hibrit
74.0021925656017,0,121.96950386535326,19,225,Hibrit
0.971033281026334,0,0.0,19,226,Hibrit
19.644630155136525,0,31.73791783956574,21,227,Hibrit
0.7068092413952267,0,0.0,16,228,Hibrit
0.5088356053270565,0,0.0,18,229,Hibrit
2.015998405843632,0,10.908913287448627,18,230,Hibrit
1.3579387607583207,0,0.0,20,231,Hibrit
0.0,0,0.0,19,232,Hibrit
3.117615351859849,0,0.0,18,233,Hibrit
33.74113660075171,0,31.022431092061822,19,234,Hibrit
7.139728847321216,0,0.0,19,235,Hibrit
7.635875572835129,0,18.03102449215578,19,236,Hibrit
22.24598237154211,0,29.365670283222414,21,237,Hibrit
2.3038952106562687,0,0.0,18,238,Hibrit
4.838404214436679,0,0.0,19,239,Hibrit
16.12385793644586,0,0.0,19,240,Hibrit
14.983931142194834,0,10.456616832915984,19,241,Hibrit
18.235205359128656,0,28.88577909817417,19,242,Hibrit
14.520743527392996,0,0.0,17,243,Hibrit
8.018181563517452,0,0.0,18,244,Hibrit
4.168313193172442,0,0.0,19,245,Hibrit
5.435428569635172,0,0.0,18,246,Hibrit
21.328946658819536,0,64.99996507624763,16,247,Hibrit
12.052478284035002,0,48.98289244005389,20,248,Hibrit
0.4649365774770072,0,0.0,17,249,Hibrit
2.173886837536287,0,9.205371847231902,20,250,Hibrit
14.323318668533583,0,12.758692226839514,18,251,Hibrit
37.14099084831382,0,136.94862293887292,20,252,Hibrit
7.996707832458296,0,0.0,19,253,Hibrit
3.5208282844296215,0,60.53134780874274,18,254,Hibrit
0.64338096583923,0,38.40869137965581,19,255,Hibrit
7.524993402676489,0,0.0,19,256,Hibrit
13.627667799631796,0,23.71380786411214,19,257,Hibrit
3.743230567171585,0,0.0,18,258,Hibrit
9.587296131386234,0,0.0,20,259,Hibrit
7.772992742077646,0,0.0,18,260,Hibrit
8.512843536647825,0,0.9492859876453963,19,261,Hibrit
48.817508059616316,0,44.55095364750639,20,262,Hibrit
3.052686535389222,0,2.8495854042079145,17,263,Hibrit
12.150676761852864,0,0.0,19,264,Hibrit
8.850403795649502,0,0.0,19,265,Hibrit
2.775197757846722,0,0.0,20,266,Hibrit
7.708139717305897,0,24.556788710158855,20,267,Hibrit
24.54551706167441,0,53.108527945656874,18,268,Hibrit
10.428671542705036,0,62.76410951593368,20,269,Hibrit
40.86804354662211,0,80.11830365847027,21,270,Hibrit
11.956061191779694,0,27.613131597221866,19,271,Hibrit
2.9460130313873654,0,0.0,16,272,Hibrit
3.1754166236129224,0,0.0,18,273,Hibrit
13.66033236690011,0,23.795231568376096,20,274,Hibrit
6.306599900434994,0,56.04656207595741,18,275,Hibrit
14.899850568956188,0,0.0,21,276,Hibrit
0.7297909534690632,0,0.0,16,277,Hibrit
11.398884758781811,0,10.124637694614535,19,278,Hibrit
2.125555425723779,0,8.815659722217049,20,279,Hibrit
10.630468416624177,0,0.0,16,280,Hibrit
11.155944340421714,0,0.0,17,281,Hibrit
13.88743713788134,0,26.22612710424187,20,282,Hibrit
23.954055364587877,0,42.10178381911163,20,283,Hibrit
6.080055086596056,0,0.0,19,284,Hibrit
6.982586546828247,0,9.778442544929078,20,285,Hibrit
3.8927653749975297,0,0.0,20,286,Hibrit
0.7145423282038547,0,0.0,19,287,Hibrit
0.14755974719066442,0,0.0,18,288,Hibrit
4.8768523478559835,0,12.994023526435626,17,289,Hibrit
1.3046184322063339,0,5.427971374738945,20,290,Hibrit
1.9602682770713695,0,0.0,19,291,Hibrit
2.3631223305285283,0,0.0,20,292,Hibrit
1.7071017990781974,0,2.327343391786087,21,293,Hibrit
1.4530864301802413,0,15.133177046750802,19,294,Hibrit
11.62786331952968,0,0.0,19,295,Hibrit
3.1565271331519966,0,30.587952043586768,18,296,Hibrit
1.087700081791826,0,0.0,18,297,Hibrit
5.167457857366653,0,0.0,20,298,Hibrit
4.5369235208114755,0,17.34639773467336,19,299,Hibrit
1.770396691948554,0,0.0,19,300,Hibrit
25.733044593463273,0,0.0,20,301,Hibrit
5.149370612895049,0,0.0,19,302,Hibrit
1.9151567470228066,0,0.0,20,303,Hibrit
2.800190825011264,0,0.0,19,304,Hibrit
2.6799345011142433,0,5.745437253539478,19,305,Hibrit
7.002423210040009,0,0.0,18,306,Hibrit
0.6783454079879304,0,0.0,19,307,Hibrit
1.6234104947632895,0,0.0,17,308,Hibrit
2.7135243659673733,0,5.552502516469758,19,309,Hibrit
1.7134452455797018,0,0.0,17,310,Hibrit
1.4505376368012923,0,15.55714883217422,19,311,Hibrit
2.0571975012165504,0,0.0,15,312,Hibrit
3.1675522988496407,0,0.0,18,313,Hibrit
2.832860103450699,0,5.097270912110162,18,314,Hibrit
20.675288769777097,0,0.0,20,315,Hibrit
0.613707050573976,0,30.54544285957536,17,316,Hibrit
5.340832715029429,0,31.573065827997993,15,317,Hibrit
0.8892462899476812,0,0.0,22,318,Hibrit
4.613878755955535,0,6.249854607219675,18,319,Hibrit
5.018134504471089,0,0.0,18,320,Hibrit
13.537482625199136,0,0.0,19,321,Hibrit
7.120981095037453,0,0.0,19,322,Hibrit
3.02265509893721,0,4.343644116942983,16,323,Hibrit
16.54942155665081,0,24.955782441978727,17,324,Hibrit
3.4332177777443897,0,11.753536201065344,19,325,Hibrit
3.9295717661934124,0,7.380374864399698,17,326,Hibrit
41.72701331086271,0,57.785764494030104,20,327,Hibrit
1.6961194132870012,0,0.0,21,328,Hibrit
12.792498602464587,0,57.94346216744549,22,329,Hibrit
18.42306780178545,0,1.2862702888848503,18,330,Hibrit
16.406281980516003,0,30.748614539914115,17,331,Hibrit
1.8681386786219027,0,0.0,15,332,Hibrit
7.747936390414398,0,2.713484935218446,19,333,Hibrit
8.787610425186484,0,0.0,18,334,Hibrit
4.506792444187606,0,0.0,19,335,Hibrit
5.038754608351367,0,7.280700377510584,16,336,Hibrit
6.244073542335886,0,11.19551268220863,19,337,Hibrit
2.7803987932454666,0,6.754705645471063,20,338,Hibrit
10.414540180237768,0,0.0,20,339,Hibrit
18.004483686939388,0,1.639694318749605,20,340,Hibrit
0.7190804857819043,0,0.0,17,341,Hibrit
8.564221681371183,0,4.2002399751966095,20,342,Hibrit
1.3731049003152893,0,0.0,19,343,Hibrit
10.120484486141251,0,0.0,17,344,Hibrit
6.2816245560581665,0,0.0,17,345,Hibrit
1.547161374483753,0,30.81776372480789,18,346,Hibrit
8.519282956255488,0,0.0,18,347,Hibrit
0.290140956925633,0,3.536626068732062,16,348,Hibrit
6.396418117103571,0,20.831186525280884,16,349,Hibrit
0.7601919199573303,0,0.0,20,350,Hibrit
11.071776958785081,0,11.555996205111683,18,351,Hibrit
5.146274753595064,0,31.612184189782965,20,352,Hibrit
5.138462939655367,0,0.0,19,353,Hibrit
0.8908695441598455,0,3.868914939359456,17,354,Hibrit
8.080637378072868,0,0.0,16,355,Hibrit
2.7068044874605337,0,0.0,19,356,Hibrit
8.252973045712533,0,0.0,19,357,Hibrit
1.5045649875226335,0,0.0,19,358,Hibrit
21.150910412648972,0,9.994579652389405,20,359,Hibrit
4.614062105818886,0,5.617421780259235,17,360,Hibrit
13.471034871483033,0,0.0,19,361,Hibrit
12.639091696133606,0,50.86060113547859,20,362,Hibrit
1.3138963484958759,0,9.334295631049258,19,363,Hibrit
15.919849967085916,0,3.8868353817084085,18,364,Hibrit
7.752353040415362,0,13.590125617867955,18,365,Hibrit
16.592503777482907,0,0.0,15,366,Hibrit
8.521524627419478,0,14.227904943901024,19,367,Hibrit
2.1353602439990125,0,0.0,19,368,Hibrit
0.7592615753074925,0,0.0,18,369,Hibrit
4.914918525429604,0,0.0,20,370,Hibrit
7.731306569324643,0,34.23233495632593,19,371,Hibrit
8.938050126609356,0,29.589197270239993,18,372,Hibrit
8.944059582277651,0,15.874229617335345,20,373,Hibrit
2.5066102023713164,0,0.0,18,374,Hibrit
1.814576007856611,0,0.0,19,375,Hibrit
6.248940101675441,0,0.0,15,376,Hibrit
6.795863303137379,0,3.016986186121187,18,377,Hibrit
7.5143733244304824,0,0.0,19,378,Hibrit
4.358053043403545,0,0.0,21,379,Hibrit
1.5205285291649933,0,0.1588807466810067,17,380,Hibrit
3.7140733289057577,0,0.0,16,381,Hibrit
2.1300739326910225,0,8.250826171516053,20,382,Hibrit
10.012795770411847,0,0.0,18,383,Hibrit
2.264788210187316,0,52.33839405965733,19,384,Hibrit
7.851193874942191,0,13.366674446393176,18,385,Hibrit
3.302747943664256,0,0.0,18,386,Hibrit
4.2603243962119075,0,10.532777130421096,20,387,Hibrit
3.9593903239167503,0,0.0,20,388,Hibrit
20.815557490090242,0,9.670429590445224,21,389,Hibrit
2.438362848722379,0,0.0,20,390,Hibrit
14.053176071562458,0,0.45095345131989006,20,391,Hibrit
0.17687439066431807,0,0.0,20,392,Hibrit
2.294554681767764,0,14.1554722559614,20,393,Hibrit
21.37547120907991,0,0.0,20,394,Hibrit
26.63103262487675,0,19.697557671090067,17,395,Hibrit
3.0583392340306568,0,0.0,18,396,Hibrit
2.837152048863825,0,4.465226865778732,19,397,Hibrit
54.31211255360735,0,50.442175442942926,20,398,Hibrit
0.604507108548036,0,0.0,18,399,Hibrit
10.547850715827503,0,60.33116096123592,19,400,Hibrit
6.296276703237213,0,0.0,20,401,Hibrit
14.44110699467289,0,0.0,19,402,Hibrit
32.10313042359254,0,52.18592626058984,20,403,Hibrit
14.119247415913156,0,6.64402015494818,18,404,Hibrit
7.206161101767251,0,8.941544966825916,19,405,Hibrit
11.774235514339212,0,3.9384812772957503,17,406,Hibrit
5.6750614626481095,0,0.0,16,407,Hibrit
11.99947703577062,0,0.0,17,408,Hibrit
0.26440894540519366,0,0.0,15,409,Hibrit
17.83578435094792,0,0.0,18,410,Hibrit
5.330247275458639,0,0.0,19,411,Hibrit
8.227441080302182,0,12.077330486728215,18,412,Hibrit
11.115222984845367,0,23.5989706066851,20,413,Hibrit
0.4078775621973051,0,0.0,20,414,Hibrit
10.72739371244196,0,0.0,19,415,Hibrit
4.410249707913681,0,10.138640174363843,19,416,Hibrit
0.48454055837849097,0,0.1632665512555036,20,417,Hibrit
11.087294463442753,0,28.45329545878343,17,418,Hibrit
11.054170980952728,0,12.608733651845512,19,419,Hibrit
7.7860769558882925,0,0.0,20,420,Hibrit
2.337816669018394,0,0.0,20,421,Hibrit
3.9468639878566965,0,11.704481902318037,18,422,Hibrit
4.32892004764375,0,0.0,17,423,Hibrit
5.163360485922706,0,38.10684531453006,18,424,Hibrit
14.89721686688922,0,36.177046296519336,17,425,Hibrit
3.909790888236318,0,24.248048220105773,20,426,Hibrit
5.1610914279000655,0,1.9746189779249335,20,427,Hibrit
19.48696999420496,0,0.0,17,428,Hibrit
0.11872013103176003,0,0.0,19,429,Hibrit
23.893879697968693,0,45.20071888260725,18,430,Hibrit
2.6723298534314623,0,0.0,20,431,Hibrit
27.160774788407583,0,4.023224126344417,20,432,Hibrit
9.27041688664643,0,0.0,16,433,Hibrit
2.60556105464435,0,0.0,18,434,Hibrit
1.0899497118317996,0,9.041492126434605,16,435,Hibrit
16.926662596970306,0,31.107183858477924,20,436,Hibrit
4.52069144954257,0,27.462382440010515,20,437,Hibrit
39.01206636158283,0,49.54658395099085,18,438,Hibrit
8.326563922841078,0,13.449029853194588,19,439,Hibrit
5.445467975322825,0,11.67535943631276,19,440,Hibrit
24.611455149362886,0,0.0,19,441,Hibrit
1.9238687764067588,0,0.0,18,442,Hibrit
3.8140333450086286,0,0.0,17,443,Hibrit
41.730954038877336,0,48.466205494793655,19,444,Hibrit
3.649141236647589,0,0.0,18,445,Hibrit
12.725513278391604,0,0.0,19,446,Hibrit
0.5949421151952274,0,16.437663836222498,19,447,Hibrit
2.302045453962243,0,0.0,20,448,Hibrit
11.082143478142125,0,34.95874811401819,20,449,Hibrit
8.076015118951064,0,0.0,17,450,Hibrit
5.422843733962585,0,13.834986827084549,20,451,Hibrit
1.744950345485091,0,15.221151310571145,18,452,Hibrit
3.7484243874161267,0,0.0,19,453,Hibrit
9.95099241420571,0,0.0,19,454,Hibrit
2.821490408330715,0,30.886052449502017,20,455,Hibrit
7.527720387262802,0,6.707927688304039,20,456,Hibrit
4.7244895173231605,0,74.4805417514919,19,457,Hibrit
0.08948957378837008,0,0.0,18,458,Hibrit
14.17697123672268,0,0.0,18,459,Hibrit
7.020233561694922,0,0.4831843407430938,17,460,Hibrit
4.7223222984308775,0,3.60953504357326,20,461,Hibrit
2.6467032055677864,0,0.0,20,462,Hibrit
31.748713304324404,0,0.0,17,463,Hibrit
3.207013413001314,0,0.0,21,464,Hibrit
1.177563604674417,0,0.0,20,465,Hibrit
5.057252313961517,0,2.3346249472945715,21,466,Hibrit
2.89562517328141,0,18.225174473116624,19,467,Hibrit
25.40145241238472,0,26.56164124816854,21,468,Hibrit
7.047044653209748,0,0.0,19,469,Hibrit
6.391362723957648,0,0.0,19,470,Hibrit
5.143456385713468,0,16.141573436667272,18,471,Hibrit
31.941440905931,0,73.89851418173907,21,472,Hibrit
39.95084951666668,0,106.0916895275634,21,473,Hibrit
11.232325859288922,0,35.801945681770746,18,474,Hibrit
2.5198478452468684,0,0.0,19,475,Hibrit
9.198277325971292,0,2.1402498247933863,18,476,Hibrit
8.748778847977258,0,11.369682183203963,17,477,Hibrit
2.118450368242633,0,0.0,15,478,Hibrit
1.6322440690360693,0,0.0,20,479,Hibrit
0.1394896404854921,0,0.0,18,480,Hibrit
1.1687282878488383,0,0.0,16,481,Hibrit
3.620343096264084,0,0.0,20,482,Hibrit
7.631858726292626,0,55.19208976679266,19,483,Hibrit
10.81673842147758,0,25.193701145636,17,484,Hibrit
9.052549687889917,0,0.0,19,485,Hibrit
4.754382884234484,0,5.555065623385076,19,486,Hibrit
1.1656990777581342,0,0.0,16,487,Hibrit
14.472560261908955,0,22.238443993650776,18,488,Hibrit
5.7130912266987295,0,0.0,19,489,Hibrit
24.588650365992173,0,0.0,17,490,Hibrit
25.83493351391376,0,0.0,20,491,Hibrit
7.476464951049653,0,19.599916744887025,18,492,Hibrit
7.348560688272426,0,33.21225771151575,20,493,Hibrit
3.0107897940651527,0,8.830617131093902,19,494,Hibrit
8.378161902157704,0,28.13609823127416,20,495,Hibrit
3.7864539689841905,0,0.0,17,496,Hibrit
1.1171269633189347,0,2.9446741995401453,20,497,Hibrit
24.891002953854173,0,30.06758637315562,19,498,Hibrit
2.1471050750255323,0,2.793177667943098,19,499,Hibrit
5.6101835927115555,0,0.0,20,500,Hibrit
7.314036035518663,0,0.0,20,501,Hibrit
2.386744622090589,0,7.47858215655674,15,502,Hibrit
6.3501733090559656,0,0.0,16,503,Hibrit
9.536174031094399,0,0.0,20,504,Hibrit
3.5122765610008755,0,0.0,20,505,Hibrit
15.113091716884817,0,28.427981066504742,17,506,Hibrit
52.118804623245715,0,32.75968460454152,21,507,Hibrit
0.6110108443501614,0,6.0049117305027835,20,508,Hibrit
3.666709800754592,0,8.899696012925006,18,509,Hibrit
19.94156264024463,0,7.4602242205187395,19,510,Hibrit
12.059486714870713,0,16.026957777150585,18,511,Hibrit
22.958666900008367,0,0.06346544554349975,18,512,Hibrit
20.56481243845221,0,44.55462738152647,17,513,Hibrit
0.08240521040858463,0,4.1566527944576706,15,514,Hibrit
8.741416601799752,0,4.590991763922432,20,515,Hibrit
2.422657994335242,0,4.34385954349392,18,516,Hibrit
12.149663281039805,0,93.380879880105,18,517,Hibrit
27.244132852995136,0,40.30132571309451,17,518,Hibrit
12.930184729503148,0,1.864634406978496,18,519,Hibrit
2.738089515955167,0,0.0,16,520,Hibrit
11.191221382422029,0,62.280424154459695,19,521,Hibrit
5.133716695169125,0,0.0,16,522,Hibrit
10.223140101360961,0,0.0,17,523,Hibrit
8.245306433917614,0,0.0,19,524,Hibrit
1.0155797229427757,0,0.0,16,525,Hibrit
6.783318144390124,0,0.0,18,526,Hibrit
5.455686599372761,0,15.541329017554062,20,527,Hibrit
8.37310121626273,0,4.02798390203975,20,528,Hibrit
1.412747604810863,0,20.608421426309008,17,529,Hibrit
5.872492055405489,0,8.489845039652266,20,530,Hibrit
35.54538889694536,0,37.98617007689455,19,531,Hibrit
9.551815944850944,0,13.115057919917092,18,532,Hibrit
8.278325444438552,0,23.99669318893831,19,533,Hibrit
34.03198930047674,0,43.700913984734996,19,534,Hibrit
5.496693277703462,0,2.2098897530609634,18,535,Hibrit
25.78974572014704,0,23.05029197896539,20,536,Hibrit
6.65192071867687,0,0.0,18,537,Hibrit
14.620076517936866,0,46.00599547883547,18,538,Hibrit
4.3195606515277625,0,27.54467689932443,19,539,Hibrit
26.293825699288288,0,25.498081021055157,21,540,Hibrit
13.314945070383907,0,17.43844855070313,19,541,Hibrit
1.3958620067686032,0,0.0,20,542,Hibrit
16.087037694732444,0,0.0,18,543,Hibrit
9.82343251725815,0,7.692217558550453,18,544,Hibrit
6.717612446244253,0,0.0,19,545,Hibrit
0.6750054890356485,0,0.0,16,546,Hibrit
25.736656532559714,0,91.55835531842695,20,547,Hibrit
1.2447475461379223,0,0.0,19,548,Hibrit
2.0716445467603437,0,10.97849476318521,16,549,Hibrit
3.738581747060074,0,0.0,16,550,Hibrit
4.463752666067927,0,2.4852168651115107,16,551,Hibrit
2.6490553396862513,0,0.0,19,552,Hibrit
1.5040623356862417,0,0.4862106447947099,18,553,Hibrit
14.666960277523724,0,19.493250216046988,20,554,Hibrit
6.507292529540697,0,10.95330892808039,17,555,Hibrit
0.15376201598705813,0,0.0,17,556,Hibrit
24.40881412961402,0,45.5734706855161,20,557,Hibrit
36.7762261928504,0,30.56134517887108,21,558,Hibrit
3.1806765783254605,0,0.0,16,559,Hibrit
7.3010655871287,0,0.0,18,560,Hibrit
3.141187777112174,0,0.0,17,561,Hibrit
16.261373807263766,0,4.992048138420387,16,562,Hibrit
2.5560760364337347,0,0.0,19,563,Hibrit
50.80023246442506,0,112.30655428696434,22,564,Hibrit
13.716247514146387,0,0.0,18,565,Hibrit
10.70326818709085,0,2.665130664827984,19,566,Hibrit
19.895188429262564,0,0.0,19,567,Hibrit
7.610650647113834,0,31.947465221296113,21,568,Hibrit
1.1032769494133037,0,10.955575628585734,19,569,Hibrit
31.127196350994883,0,13.085927034579981,19,570,Hibrit
16.647005092301367,0,0.0,19,571,Hibrit
23.41228905916791,0,18.52058550719238,18,572,Hibrit
12.240393028321378,0,0.0,17,573,Hibrit
2.3143591491040905,0,0.0,18,574,Hibrit
7.226684395224626,0,11.420163316738524,20,575,Hibrit
21.274895177899552,0,31.082140700084324,17,576,Hibrit
2.3036720604698684,0,3.2259251091736587,17,577,Hibrit
1.1776966665926043,0,0.0,19,578,Hibrit
0.27295300311462256,0,0.0,18,579,Hibrit
0.6914844560718552,0,0.9582017059289569,18,580,Hibrit
10.15671464888918,0,15.332382664185843,18,581,Hibrit
15.073929316340092,0,51.16035664978983,19,582,Hibrit
9.47934845386318,0,0.0,19,583,Hibrit
22.8723782739308,0,17.72256091763944,19,584,Hibrit
2.40914884267918,0,0.0,16,585,Hibrit
6.641549762704795,0,0.0,19,586,Hibrit
25.11660752686143,0,0.0,16,587,Hibrit
0.7536976837405909,0,16.00115872013174,20,588,Hibrit
13.49148227951208,0,14.593081053212813,16,589,Hibrit
3.908527862788264,0,6.201713343945471,20,590,Hibrit
3.4368138731969453,0,7.442844320348456,19,591,Hibrit
17.81479319009335,0,0.0,20,592,Hibrit
8.054868546944988,0,24.597256499819537,21,593,Hibrit
2.3775922648384347,0,18.42537649342978,18,594,Hibrit
0.142385685487028,0,0.0,16,595,Hibrit
0.9444414522239113,0,0.0,18,596,Hibrit
2.8956649892517548,0,0.0,20,597,Hibrit
62.620239818137705,0,79.18225775320627,19,598,Hibrit
3.0131454539980793,0,2.3736090658254057,19,599,Hibrit
14.110399696042757,0,4.591879517174391,17,600,Hibrit
48.62120517705675,0,21.94381674943139,21,601,Hibrit
0.7486461758248805,0,3.022590702371758,19,602,Hibrit
0.1444025735661064,0,0.0,17,603,Hibrit
2.7352427709034473,0,0.0,18,604,Hibrit
6.866599269620795,0,0.0,19,605,Hibrit
1.0177584845506553,0,0.0,18,606,Hibrit
4.288701652444136,0,3.226953807686641,17,607,Hibrit
7.609705050759611,0,0.0,20,608,Hibrit
0.7906974259311643,0,0.0,17,609,Hibrit
8.09372809749724,0,0.0,18,610,Hibrit
16.662167702291732,0,0.0,18,611,Hibrit
1.5440056692952364,0,0.0,20,612,Hibrit
8.159538822424178,0,8.576351278624657,17,613,Hibrit
9.64699816970982,0,0.0,17,614,Hibrit
16.02300756318797,0,2.8751494003972766,19,615,Hibrit
5.775741273002741,0,0.0,17,616,Hibrit
10.474787133079682,0,23.667000703761914,20,617,Hibrit
7.2060826044537585,0,13.94294172352329,19,618,Hibrit
43.20917924630835,0,40.45028951327629,20,619,Hibrit
5.2218406327696005,0,0.0,18,620,Hibrit
8.47175309782377,0,0.0,18,621,Hibrit
27.167798407548144,0,2.1454475224161342,19,622,Hibrit
0.27509757565975407,0,1.3576974754190019,20,623,Hibrit
4.750774057442104,0,0.0,20,624,Hibrit
3.232208968377961,0,0.0,20,625,Hibrit
1.5614249627498646,0,0.0,17,626,Hibrit
7.676799113774253,0,5.460282875081646,17,627,Hibrit
2.2440906805322776,0,0.0,19,628,Hibrit
0.784161387228107,0,0.0,18,629,Hibrit
1.9946975222887318,0,0.0,16,630,Hibrit
10.43031843589093,0,0.0,21,631,Hibrit
5.280856165666734,0,0.0,15,632,Hibrit
24.258021355868358,0,0.0,16,633,Hibrit
5.795381439367624,0,17.154823293275115,21,634,Hibrit
10.028781090946644,0,37.72314666014927,19,635,Hibrit
6.759568993877249,0,0.0,17,636,Hibrit
9.33879816962625,0,48.7241340112335,17,637,Hibrit
24.778893096293487,0,63.098182474344526,19,638,Hibrit
2.5401579909361915,0,7.565851239374638,19,639,Hibrit
5.171976310267867,0,66.0368835894003,16,640,Hibrit
9.00750506473127,0,30.005888664962185,17,641,Hibrit
1.7440845847995279,0,0.0,18,642,Hibrit
13.614422853810527,0,56.61650547142125,17,643,Hibrit
2.4420972271476264,0,0.0,20,644,Hibrit
0.20183884045363557,0,15.974961618817247,17,645,Hibrit
22.38940178879441,0,8.63794955851182,19,646,Hibrit
2.4290341777178734,0,0.0,19,647,Hibrit
4.102139290791264,0,10.938177663519127,19,648,Hibrit
4.17763981722462,0,7.890130590212323,17,649,Hibrit
3.8829251395699402,0,26.586663543538407,20,650,Hibrit
2.732909239353477,0,0.0,18,651,Hibrit
0.5831029190223639,0,0.0,20,652,Hibrit
7.641698556405966,0,4.091774339634014,18,653,Hibrit
0.5619707170775611,0,4.708797977280028,19,654,Hibrit
10.944682330324872,0,0.0,19,655,Hibrit
7.252252515801564,0,15.173903814623088,20,656,Hibrit
3.051637408380973,0,0.0,17,657,Hibrit
2.253960848223872,0,0.0,18,658,Hibrit
40.168118803778974,0,79.52766339464915,20,659,Hibrit
5.819157266138288,0,10.869459708568002,19,660,Hibrit
0.8047189106867094,0,0.0,18,661,Hibrit
9.047045302050666,0,0.0,19,662,Hibrit
2.188693110248787,0,0.0,18,663,Hibrit
1.397221513923089,0,0.0,20,664,Hibrit
3.5449225311142207,0,0.0,17,665,Hibrit
3.4054418848665358,0,26.977404858743512,19,666,Hibrit
2.2806145708661183,0,0.0,18,667,Hibrit
3.9389208971269793,0,4.239050567483616,17,668,Hibrit
3.251482368925835,0,7.812351648645006,16,669,Hibrit
10.549453047159329,0,0.0,20,670,Hibrit
18.416872364278888,0,97.00602006722181,18,671,Hibrit
0.46340346831081547,0,0.0,16,672,Hibrit
9.177023245155604,0,21.05475600547669,18,673,Hibrit
6.610503120440474,0,0.0,17,674,Hibrit
28.631824467621428,0,0.0,17,675,Hibrit
8.185415369671967,0,0.0,19,676,Hibrit
26.51470150906418,0,69.12646362775075,18,677,Hibrit
25.659139109839085,0,88.91837905449074,17,678,Hibrit
6.203745734094887,0,0.3484220917840162,18,679,Hibrit
9.991454523286833,0,10.34466711288826,20,680,Hibrit
3.635799531274975,0,18.137455697491475,19,681,Hibrit
5.5703906878165315,0,0.0,17,682,Hibrit
4.529265347209872,0,2.2276801919267655,18,683,Hibrit
1.1018361091275821,0,16.689176405772344,20,684,Hibrit
2.884971551410946,0,0.0,18,685,Hibrit
4.3094471540797015,0,10.944090858430627,20,686,Hibrit
11.672361131069378,0,10.292947429798346,17,687,Hibrit
0.3683721098300019,0,19.183424343345337,16,688,Hibrit
0.8339147085879219,0,6.907802373274819,20,689,Hibrit
7.9630962156627785,0,11.245116921126112,17,690,Hibrit
32.49589474948853,0,0.0,16,691,Hibrit
1.703716247956379,0,0.0,16,692,Hibrit
5.021222706764625,0,0.0,17,693,Hibrit
7.221004156586024,0,31.163124119965005,18,694,Hibrit
7.723539946538378,0,0.0,19,695,Hibrit
25.487082289906784,0,36.11335362831386,19,696,Hibrit
2.3207695327684883,0,1.6902632123199623,18,697,Hibrit
40.079113064917046,0,128.07089822403265,20,698,Hibrit
4.0072224947874835,0,0.0,17,699,Hibrit
1.6218641376366592,0,17.907247823690625,20,700,Hibrit
5.560871377653355,0,5.812767010248649,16,701,Hibrit
24.173379940129646,0,80.21763904214276,18,702,Hibrit
0.6902277019482546,0,0.0,18,703,Hibrit
17.859923195242462,0,0.0,20,704,Hibrit
13.567367990625993,0,22.420227796768017,19,705,Hibrit
24.59241589291421,0,0.9386997886296626,22,706,Hibrit
7.111835331568711,0,23.847341106128226,18,707,Hibrit
1.803305769208067,0,23.288165577444147,16,708,Hibrit
6.463936426610918,0,10.761346996871794,18,709,Hibrit
0.5625512310400167,0,0.9077525386533694,18,710,Hibrit
3.41515050299971,0,0.0,18,711,Hibrit
14.277175629728598,0,0.0,16,712,Hibrit
7.276981028272868,0,0.0,18,713,Hibrit
41.70427144796627,0,27.08001532653992,19,714,Hibrit
5.0426088701550675,0,0.0,18,715,Hibrit
3.5319127406004918,0,16.948775155200565,18,716,Hibrit
1.499478176293618,0,14.218530244870465,21,717,Hibrit
4.843265834235176,0,4.0131731146278184,19,718,Hibrit
31.70255270284013,0,17.19194342004164,18,719,Hibrit
3.577985242061948,0,0.0,19,720,Hibrit
0.5837016983965251,0,0.0,17,721,Hibrit
2.859324820178932,0,22.860763284181417,18,722,Hibrit
9.033956993938942,0,0.0,17,723,Hibrit
1.2798230944769655,0,8.660446128541764,18,724,Hibrit
12.418145861972675,0,0.0,16,725,Hibrit
1.3235031688781504,0,0.0,17,726,Hibrit
0.10702223555142909,0,0.0,19,727,Hibrit
26.720202575221123,0,38.91706402532583,17,728,Hibrit
11.87754209759254,0,32.52693107597207,19,729,Hibrit
10.530007958410915,0,16.407160870181826,20,730,Hibrit
2.6557423632340877,0,17.695052521762534,18,731,Hibrit
25.648412283570217,0,0.0,17,732,Hibrit
5.1312392359417025,0,23.09214292070942,18,733,Hibrit
7.988899212329179,0,0.0,18,734,Hibrit
3.6558385557695017,0,0.0,19,735,Hibrit
5.310331027047605,0,0.0,19,736,Hibrit
16.62638543966192,0,0.0,15,737,Hibrit
4.416981705287692,0,4.764865532235717,18,738,Hibrit
9.109782694849846,0,0.0,19,739,Hibrit
12.331558747819633,0,18.86024914834809,20,740,Hibrit
9.60732698182937,0,39.93473162420162,17,741,Hibrit
9.667621615466572,0,35.471584165643606,18,742,Hibrit
0.49480013438832043,0,22.83742605545956,19,743,Hibrit
7.703781086682557,0,2.935074544536292,19,744,Hibrit
3.4160396665668666,0,50.220489792131104,18,745,Hibrit
6.521122253802449,0,0.0,17,746,Hibrit
5.483748366971062,0,0.0,18,747,Hibrit
13.859094880837679,0,0.0,18,748,Hibrit
19.60398163471703,0,23.21068960016072,20,749,Hibrit
2.247161324656325,0,17.323635046796824,18,750,Hibrit
16.8007296483564,0,38.598175410243755,22,751,Hibrit
29.561705095494982,0,41.25101034602034,19,752,Hibrit
7.604277060776291,0,23.848695179707022,19,753,Hibrit
5.16742365308587,0,0.0,18,754,Hibrit
14.504390822692683,0,1.2229853149172527,15,755,Hibrit
8.372437373927536,0,3.1674547695896536,17,756,Hibrit
23.66869311662449,0,12.944678679640276,17,757,Hibrit
4.188869255468564,0,0.0,17,758,Hibrit
0.46519833634540075,0,0.0,20,759,Hibrit
9.200741049492857,0,9.199103765515417,19,760,Hibrit
14.501440794941246,0,0.0,20,761,Hibrit
12.42328033549416,0,0.0,19,762,Hibrit
3.9790357624918,0,0.0,19,763,Hibrit
3.424044194804303,0,0.0,21,764,Hibrit
4.3334308196054785,0,0.0,18,765,Hibrit
6.724608265383847,0,5.884491471384365,19,766,Hibrit
3.9452968663622734,0,0.0,17,767,Hibrit
13.57546304115519,0,11.977434868008345,19,768,Hibrit
7.1301942967403455,0,0.0,17,769,Hibrit
22.166912265534236,0,0.0,18,770,Hibrit
1.6304075405214684,0,16.4956238658325,18,771,Hibrit
37.55638873529419,0,68.22531843275613,19,772,Hibrit
1.9387101030939782,0,0.0,16,773,Hibrit
1.086284913451613,0,1.247201632976953,18,774,Hibrit
18.423915814736528,0,65.57448447853449,19,775,Hibrit
4.9187176723273724,0,0.0,18,776,Hibrit
6.193986489933939,0,0.0,18,777,Hibrit
1.9810106744652147,0,7.915804633494076,19,778,Hibrit
0.6911331233851101,0,0.0,17,779,Hibrit
1.6585704438235647,0,0.0,17,780,Hibrit
9.539355138435116,0,0.0,18,781,Hibrit
8.465860037547369,0,12.344656272462771,18,782,Hibrit
17.42232026509628,0,3.7856898766286804,19,783,Hibrit
6.723527231528564,0,18.769186259007483,18,784,Hibrit
9.492011824811405,0,35.2157675919608,18,785,Hibrit
11.486346936863105,0,47.55374458404111,19,786,Hibrit
13.500467931101426,0,17.38454854736824,20,787,Hibrit
5.63886269322671,0,0.0,18,788,Hibrit
4.7824841353407015,0,0.0,19,789,Hibrit
8.782446560603512,0,0.0,19,790,Hibrit
4.8680410189357355,0,29.442151480589132,19,791,Hibrit
2.5215258822691244,0,24.248757534886693,16,792,Hibrit
1.0763441470295538,0,0.0,19,793,Hibrit
22.498240812636453,0,14.214763561564496,17,794,Hibrit
5.201255444159152,0,29.70945863632096,20,795,Hibrit
19.871552648365018,0,40.03932855401865,18,796,Hibrit
12.893943247751986,0,0.0,20,797,Hibrit
4.274367674948396,0,0.0,18,798,Hibrit
16.844735106548985,0,13.349364285186823,20,799,Hibrit
1.0966550682784004,0,0.0,17,800,Hibrit
5.768538584400382,0,48.91512926816051,20,801,Hibrit
15.057214670672563,0,0.0,17,802,Hibrit
2.063932267092389,0,0.0,19,803,Hibrit
16.121896524637584,0,44.53511573728542,20,804,Hibrit
16.37538237045675,0,16.06855649803873,19,805,Hibrit
4.615006551676119,0,1.61863032032727,19,806,Hibrit
12.304977693701536,0,11.268409455013511,19,807,Hibrit
12.159085686063342,0,21.504204517260007,19,808,Hibrit
1.8782411669652428,0,4.906073208444241,19,809,Hibrit
2.7478382871343405,0,0.0,20,810,Hibrit
4.513966504937264,0,0.0,18,811,Hibrit
33.65521032030971,0,37.44086719762623,20,812,Hibrit
1.3467461992477803,0,2.7416105365809926,20,813,Hibrit
40.48981215316153,0,25.06344432422054,20,814,Hibrit
11.46343960148309,0,0.0,19,815,Hibrit
14.815888933656096,0,16.858530489498264,18,816,Hibrit
14.088518218823179,0,43.515227405597955,19,817,Hibrit
7.342109108283265,0,0.0,20,818,Hibrit
2.4173210988682583,0,1.362578781101945,20,819,Hibrit
2.0804129537555447,0,10.635192728546087,19,820,Hibrit
1.0333589932431526,0,3.22574422282446,17,821,Hibrit
1.1168762338727478,0,0.0,18,822,Hibrit
5.520590346665472,0,0.0,17,823,Hibrit
1.9475013686011124,0,10.018114661434083,19,824,Hibrit
2.256518108081503,0,7.3280036920210705,18,825,Hibrit
5.872917623778458,0,2.5460637220314766,20,826,Hibrit
3.4378270907982627,0,0.0,20,827,Hibrit
8.44912098988112,0,18.51028850980049,20,828,Hibrit
16.14804138837906,0,0.0,19,829,Hibrit
8.967772008150448,0,4.012395309961391,16,830,Hibrit
2.3234983583856383,0,0.0,19,831,Hibrit
1.2582949327634914,0,24.551590902102646,20,832,Hibrit
3.197786651840545,0,0.0,21,833,Hibrit
1.7885990948839807,0,1.0616523699854952,18,834,Hibrit
8.214701014897315,0,0.0,20,835,Hibrit
24.64111437534046,0,46.73142470920283,18,836,Hibrit
1.0383527663552088,0,2.204815976394457,17,837,Hibrit
2.419768455341194,0,21.142145469580612,17,838,Hibrit
21.677302024045805,0,30.46558011746862,19,839,Hibrit
3.5726811803439946,0,0.0,19,840,Hibrit
11.619114144086605,0,30.684460094908445,18,841,Hibrit
10.20329587002407,0,5.150197315949185,18,842,Hibrit
31.174965246988894,0,33.93795694004177,19,843,Hibrit
0.16729967596091472,0,0.0,13,844,Hibrit
10.01682386002226,0,17.350834058763724,19,845,Hibrit
9.099368336985018,0,29.746764897393234,18,846,Hibrit
8.583972640729955,0,93.04874486236315,20,847,Hibrit
8.724847927416304,0,0.0,19,848,Hibrit
2.824341115222173,0,0.42195137190589094,18,849,Hibrit
2.5043710362787297,0,0.0,18,850,Hibrit
0.0,0,0.0,19,851,Hibrit
7.065561615494243,0,0.0,19,852,Hibrit
9.379141378013976,0,0.0,18,853,Hibrit
7.316576031938643,0,23.3149671514484,17,854,Hibrit
4.878454862881303,0,23.189757025927634,17,855,Hibrit
15.735964216024607,0,17.180318914682914,18,856,Hibrit
11.608108598814708,0,11.646122146784023,19,857,Hibrit
7.627067173455172,0,0.0,19,858,Hibrit
16.94713876998833,0,20.660646140960864,21,859,Hibrit
4.791013525240306,0,14.800688376717062,19,860,Hibrit
25.42131900533105,0,67.37596236219025,18,861,Hibrit
2.095299482876406,0,0.0,20,862,Hibrit
34.474278454542834,0,25.014741335831843,19,863,Hibrit
1.9987052240020273,0,0.23470898483458313,20,864,Hibrit
17.933970907292338,0,3.9910656579442048,19,865,Hibrit
3.9762225903836312,0,20.686089096180865,19,866,Hibrit
0.22762737879848377,0,2.6496101920246815,18,867,Hibrit
14.794622439734692,0,15.156810691215071,18,868,Hibrit
1.6774791857071023,0,14.71891024303278,15,869,Hibrit
15.927062527779473,0,0.0,19,870,Hibrit
4.269724699788284,0,1.9789528100189386,18,871,Hibrit
0.8397310440083923,0,0.7365963695132223,19,872,Hibrit
19.180889895992053,0,12.775565530488734,18,873,Hibrit
5.3965730919641945,0,0.0,20,874,Hibrit
1.327659343309331,0,0.0,20,875,Hibrit
12.270087329830917,0,32.90520405355022,18,876,Hibrit
29.95672165691737,0,0.0,17,877,Hibrit
0.0,0,0.0,17,878,Hibrit
3.4631953367676727,0,40.912505653689834,17,879,Hibrit
15.967068669428077,0,54.319714686156374,18,880,Hibrit
2.440734677542806,0,2.1233554686945695,20,881,Hibrit
9.656630326697849,0,2.2753622077729574,19,882,Hibrit
38.375963222066346,0,39.58455268242801,19,883,Hibrit
14.143294972259786,0,0.0,19,884,Hibrit
0.6974682164505742,0,0.0,18,885,Hibrit
3.5582583369693,0,17.139858761644234,16,886,Hibrit
0.7756572655102412,0,0.0,16,887,Hibrit
10.62358130126016,0,59.32355611935594,16,888,Hibrit
19.864129541807813,0,62.720091636492214,20,889,Hibrit
4.5825636605447455,0,53.496796150110924,20,890,Hibrit
1.8586027987532612,0,12.280895262610215,17,891,Hibrit
38.042569064827674,0,76.0265660769868,20,892,Hibrit
6.002828774174555,0,0.0,16,893,Hibrit
3.5506241423324982,0,0.0,19,894,Hibrit
26.35706145631217,0,63.822800946327106,20,895,Hibrit
4.95344131981944,0,0.0,17,896,Hibrit
0.7462555895137538,0,0.0,17,897,Hibrit
4.633416516425612,0,0.0,20,898,Hibrit
1.3457369149046958,0,0.0,18,899,Hibrit
18.012821702182947,0,35.7773691354862,17,900,Hibrit
0.5891614621488936,0,24.003992365268118,18,901,Hibrit
6.130733233311074,0,34.4211961782986,19,902,Hibrit
2.1492875634744073,0,0.0,17,903,Hibrit
6.553294265187219,0,8.576209861065138,19,904,Hibrit
30.44520171931585,0,65.02428323302138,19,905,Hibrit
1.2800766933777488,0,0.0,19,906,Hibrit
22.421129035936282,0,0.0,20,907,Hibrit
2.633369973073887,0,0.0,18,908,Hibrit
3.7039662658429062,0,36.067537299186824,18,909,Hibrit
1.3997002369597102,0,0.0,17,910,Hibrit
4.303029044541345,0,4.298370521502363,19,911,Hibrit
6.112529743038733,0,34.425006307907665,18,912,Hibrit
1.8457154068525103,0,10.534542205493892,18,913,Hibrit
3.0249712796437485,0,12.432936326593335,18,914,Hibrit
16.07924269670883,0,17.902879717104383,20,915,Hibrit
5.595252506704209,0,6.02347978324093,19,916,Hibrit
2.0179272281866343,0,0.0,17,917,Hibrit
8.035102207804078,0,0.0,17,918,Hibrit
8.643765037194969,0,22.07400769932258,21,919,Hibrit
2.5493503358794296,0,2.235288347697292,18,920,Hibrit
3.7193965078961817,0,0.0,20,921,Hibrit
2.0794492019939796,0,20.637288506636253,17,922,Hibrit
25.475655226264607,0,11.842184283520282,19,923,Hibrit
5.419600798406761,0,0.0,17,924,Hibrit
2.2996033777245146,0,0.0,19,925,Hibrit
4.411591008006385,0,15.386248795462848,18,926,Hibrit
27.12043160997657,0,7.42571785440083,18,927,Hibrit
0.9940152672733262,0,8.33350810338436,20,928,Hibrit
2.988006869246572,0,9.90099850054736,20,929,Hibrit
1.919099570779609,0,0.0,15,930,Hibrit
9.682352418090247,0,0.0,20,931,Hibrit
6.558138555906568,0,7.844579634186061,20,932,Hibrit
6.240675466844179,0,0.0,16,933,Hibrit
4.1603790064055755,0,0.0,17,934,Hibrit
7.505064394711249,0,19.83084545507154,19,935,Hibrit
37.117106097483145,0,46.66293041730495,19,936,Hibrit
18.92409424745798,0,24.960786902051268,20,937,Hibrit
9.389950731378544,0,2.0999652465574172,18,938,Hibrit
32.627976677240454,0,3.8932127465193958,20,939,Hibrit
8.15969392622277,0,38.40691181657911,19,940,Hibrit
5.813564083562775,0,10.312758075713134,17,941,Hibrit
8.238331230206205,0,2.323124265551087,19,942,Hibrit
7.812461826856294,0,0.0,17,943,Hibrit
12.70316628496685,0,0.0,17,944,Hibrit
0.7807434906433441,0,6.1016501494018485,18,945,Hibrit
25.183478190341425,0,71.3472904662645,18,946,Hibrit
4.1061389131385075,0,0.0,17,947,Hibrit
6.698405612909083,0,0.0,19,948,Hibrit
1.943398412695419,0,0.0,18,949,Hibrit
11.16374166362545,0,38.17606864334289,19,950,Hibrit
21.933240419729398,0,1.3518595985298134,19,951,Hibrit
1.0705982071061457,0,12.170030736509489,18,952,Hibrit
7.092331123795861,0,22.447928135975076,20,953,Hibrit
2.9220153114389187,0,0.0,19,954,Hibrit
5.202567686053047,0,0.0,20,955,Hibrit
0.4902342198094723,0,0.0,18,956,Hibrit
8.533252222421783,0,11.044166973427764,18,957,Hibrit
17.20670525889539,0,0.0,18,958,Hibrit
3.8630972864913504,0,5.563806680363825,17,959,Hibrit
25.706201053758587,0,35.85962272680064,20,960,Hibrit
11.768292054301739,0,0.0,17,961,Hibrit
20.516827393902048,0,0.0,18,962,Hibrit
1.6081159165180519,0,0.0,17,963,Hibrit
30.637431187632647,0,34.452460259279064,17,964,Hibrit
19.616004921556236,0,12.17020758596658,19,965,Hibrit
33.304068910363924,0,33.840874482708614,20,966,Hibrit
1.6664332701966507,0,0.0,15,967,Hibrit
15.776369411286757,0,0.0,21,968,Hibrit
16.981622840018087,0,13.542927880519358,19,969,Hibrit
5.141475924703984,0,0.0,18,970,Hibrit
3.529433017527706,0,9.497011794328387,20,971,Hibrit
3.1180474288076394,0,0.0,18,972,Hibrit
2.2472631985228784,0,0.0,19,973,Hibrit
25.51662103112388,0,58.657467170297025,17,974,Hibrit
5.868439136015726,0,0.0,19,975,Hibrit
1.4657399691675213,0,0.0,19,976,Hibrit
3.01996009409824,0,4.4430484935011805,18,977,Hibrit
33.98521977592488,0,22.74125557045113,17,978,Hibrit
9.181503610047274,0,0.0,18,979,Hibrit
11.576208524524622,0,0.0,20,980,Hibrit
28.201778368363073,0,8.851843333678005,19,981,Hibrit
5.675487414400904,0,0.0,15,982,Hibrit
0.598970312939647,0,0.0,19,983,Hibrit
9.857839098230667,0,8.969688441547362,18,984,Hibrit
23.381177636325695,0,0.0,20,985,Hibrit
2.6990143560412183,0,0.0,18,986,Hibrit
9.397017799201262,0,0.0,17,987,Hibrit
4.010760871132546,0,0.0,19,988,Hibrit
0.3542803114980681,0,0.0,18,989,Hibrit
4.116378724212478,0,0.0,16,990,Hibrit
3.3205562438756546,0,0.0,17,991,Hibrit
3.2989535681326263,0,0.0,19,992,Hibrit
5.198248535623508,0,27.64168576155987,20,993,Hibrit
0.0,0,0.0,16,994,Hibrit
2.0462340627993303,0,0.0,19,995,Hibrit
6.715428313001117,0,14.826736314499215,19,996,Hibrit
2.5086988224488724,0,0.0,17,997,Hibrit
22.95938010391227,0,42.80119189969088,21,998,Hibrit
4.631500571281807,0,11.869502233947173,19,999,Hibrit
4.383834964598418,0,3.348064051719632,19,1000,Hibrit
1.2982596870818681,0,2.8398416243487077,20,1001,Hibrit
6.359106471718541,0,15.586527696297253,17,1002,Hibrit
4.585277901920335,0,0.0,18,1003,Hibrit
0.24135425376321487,0,0.0,18,1004,Hibrit
2.9670479446172475,0,0.0,18,1005,Hibrit
23.353213281508467,0,28.61430055624203,19,1006,Hibrit
9.534589082252715,0,0.0,18,1007,Hibrit
3.718963485787872,0,0.0,17,1008,Hibrit
3.8261878279427286,0,18.09211739885319,17,1009,Hibrit
3.7341470656427065,0,4.949084956099455,19,1010,Hibrit
7.217191751207006,0,0.0,20,1011,Hibrit
16.044432866540717,0,29.18298372930161,19,1012,Hibrit
11.255162530384473,0,40.10945713803028,16,1013,Hibrit
4.525776562727825,0,7.063815707061735,20,1014,Hibrit
38.537002623036734,0,54.73514507077897,20,1015,Hibrit
4.9502501638142915,0,0.0,16,1016,Hibrit
26.541812891104456,0,1.0516250151168833,19,1017,Hibrit
21.12395443409626,0,46.35780204906797,20,1018,Hibrit
0.5339895737792667,0,13.992264255871703,19,1019,Hibrit
13.12025868110499,0,43.9095493464248,19,1020,Hibrit
5.334473775795561,0,7.834705212307313,21,1021,Hibrit
2.3955483528856223,0,6.954776701072831,18,1022,Hibrit
26.36342830175284,0,0.0,20,1023,Hibrit
9.03888720878386,0,0.0,19,1024,Hibrit
16.026031482593087,0,14.875779376794185,20,1025,Hibrit
4.615772024476039,0,23.176567309992436,20,1026,Hibrit
0.0,0,3.2351365744283953,19,1027,Hibrit
44.01425596256469,0,24.189008002186426,20,1028,Hibrit
0.6353863001265049,0,0.0,14,1029,Hibrit
24.69898474018442,0,0.0,14,1030,Hibrit
18.893944641219562,0,7.076233910916017,18,1031,Hibrit
17.840715717520162,0,10.351146561619714,20,1032,Hibrit
3.881555503438519,0,29.866277310274995,17,1033,Hibrit
12.20711919077672,0,0.0,18,1034,Hibrit
5.138925218317157,0,17.07705709472026,18,1035,Hibrit
15.41606426219492,0,34.42962093403389,18,1036,Hibrit
0.7213562328406167,0,6.456483095169403,18,1037,Hibrit
3.538420880783691,0,11.998458939795626,19,1038,Hibrit
1.3887418951842556,0,45.01153546230216,19,1039,Hibrit
3.0796554997872954,0,0.0,19,1040,Hibrit
4.265524791041284,0,0.0,18,1041,Hibrit
2.0147447891198063,0,7.519190866654583,17,1042,Hibrit
2.8331686398004443,0,0.0,16,1043,Hibrit
8.151939234599405,0,56.427999372811655,19,1044,Hibrit
6.718713382642048,0,26.03105523378514,20,1045,Hibrit
1.213626612104537,0,0.0,18,1046,Hibrit
0.4887689878808945,0,0.0,19,1047,Hibrit
21.264066380234485,0,9.22394690112202,18,1048,Hibrit
2.5174254188249003,0,0.0,17,1049,Hibrit
0.7129657096099308,0,0.0,19,1050,Hibrit
9.7243994625336,0,0.6409346479742908,18,1051,Hibrit
3.5562319848989135,0,11.791627520659574,20,1052,Hibrit
2.7381539062182307,0,0.0,16,1053,Hibrit
24.5030868474276,0,58.45126723467581,18,1054,Hibrit
4.856774308391895,0,2.8184887189589176,18,1055,Hibrit
26.60943947285542,0,46.101646746133554,20,1056,Hibrit
5.301958753823265,0,0.0,17,1057,Hibrit
15.086567602850149,0,16.082023294672126,17,1058,Hibrit
2.706038116673997,0,0.0,17,1059,Hibrit
10.278747509601452,0,0.0,18,1060,Hibrit
47.6939334551537,0,67.05729724792428,18,1061,Hibrit
8.442851382070753,0,12.118172286029392,18,1062,Hibrit
16.146737032936116,0,16.28246383273529,20,1063,Hibrit
0.44019025819341756,0,0.0,15,1064,Hibrit
1.946481348729957,0,4.948636768952326,15,1065,Hibrit
10.615326428256372,0,61.287584127244656,20,1066,Hibrit
14.945541120982286,0,0.0,17,1067,Hibrit
2.0361131567417514,0,0.0,16,1068,Hibrit
1.9587161822123909,0,33.041733247266166,16,1069,Hibrit
2.6530095382092433,0,0.0,19,1070,Hibrit
21.770130892208606,0,17.470755752538025,19,1071,Hibrit
5.150755952959832,0,0.0,20,1072,Hibrit
14.398393133459832,0,23.61196156448227,18,1073,Hibrit
12.888857496774458,0,4.574582804708939,18,1074,Hibrit
19.217730437236018,0,0.0,21,1075,Hibrit
0.15364243582921985,0,0.0,17,1076,Hibrit
0.0,0,0.0,16,1077,Hibrit
4.15966785731528,0,6.136547926220317,20,1078,Hibrit
22.142706584248014,0,64.0446884951337,19,1079,Hibrit
32.2312067218279,0,10.774249993948217,17,1080,Hibrit
2.067847907570181,0,0.5299628635063982,21,1081,Hibrit
37.201784655257704,0,44.72863054568927,17,1082,Hibrit
21.53436889813306,0,13.457264460585463,18,1083,Hibrit
2.6951187463432538,0,0.0,17,1084,Hibrit
2.2678060468603993,0,0.0,19,1085,Hibrit
5.493906837187243,0,0.0,21,1086,Hibrit
29.309513266056694,0,41.452570836697305,20,1087,Hibrit
8.429496189376765,0,0.0,20,1088,Hibrit
48.32746548542726,0,59.51896536543558,21,1089,Hibrit
18.23763463504951,0,26.685132080896096,20,1090,Hibrit
86.50323075494764,0,66.6033744685945,19,1091,Hibrit
3.4767825421787437,0,10.117721074607744,20,1092,Hibrit
0.6820248893003615,0,0.0,16,1093,Hibrit
2.3517401218226657,0,0.0,17,1094,Hibrit
11.346009544234226,0,23.3491852791974,18,1095,Hibrit
12.744039041610156,0,0.0,20,1096,Hibrit
10.43693369757644,0,0.7334009659733738,18,1097,Hibrit
1.181531544208748,0,5.111342284090313,19,1098,Hibrit
2.7319763906337187,0,0.0,18,1099,Hibrit
8.417137072278619,0,0.0,17,1100,Hibrit
5.95394911693787,0,0.0,20,1101,Hibrit
9.751812751146074,0,99.18736964895152,17,1102,Hibrit
6.291954428325307,0,0.0,19,1103,Hibrit
6.015154580160416,0,0.0,18,1104,Hibrit
9.994602546710022,0,0.42833671178135546,21,1105,Hibrit
10.172417447297587,0,37.16635633248006,16,1106,Hibrit
6.761850547115436,0,8.040926254734302,19,1107,Hibrit
2.593244721217769,0,0.0,20,1108,Hibrit
2.9683012419035926,0,0.0,17,1109,Hibrit
3.4223490224157223,0,0.0,16,1110,Hibrit
21.18217984045424,0,44.824019039164,18,1111,Hibrit
3.152315757717175,0,0.0,17,1112,Hibrit
33.17579836466686,0,15.149205192131888,18,1113,Hibrit
6.842934796040034,0,0.0,16,1114,Hibrit
10.031970235378894,0,0.0,21,1115,Hibrit
1.7370489512408887,0,2.340909610167728,17,1116,Hibrit
5.5071819320791695,0,8.93275574619912,19,1117,Hibrit
12.036422447796923,0,0.0,18,1118,Hibrit
2.678276282009858,0,0.0,20,1119,Hibrit
4.335648511481224,0,26.526145132211525,19,1120,Hibrit
6.3597911927583395,0,0.0,19,1121,Hibrit
15.787138183616813,0,0.0,20,1122,Hibrit
0.9152928835300183,0,0.0,17,1123,Hibrit
2.4496231102749872,0,0.0,20,1124,Hibrit
2.7904418493728915,0,21.478638882031532,18,1125,Hibrit
2.9161707923881552,0,0.0,17,1126,Hibrit
12.962952656133272,0,6.602772537193175,20,1127,Hibrit
14.269804750183125,0,4.810448523079174,18,1128,Hibrit
7.340787785198216,0,1.2579365039521235,17,1129,Hibrit
4.168856890379022,0,0.0,18,1130,Hibrit
0.7806867277235097,0,0.0,16,1131,Hibrit
1.2713150604549643,0,0.0,17,1132,Hibrit
15.763039568140751,0,14.621439452330037,17,1133,Hibrit
0.3750158501314649,0,2.8830004781223124,17,1134,Hibrit
0.35960055116603185,0,0.0,19,1135,Hibrit
6.940572952700377,0,35.38551771766117,18,1136,Hibrit
7.201916256420252,0,0.0,16,1137,Hibrit
0.17176060617085362,0,0.0,17,1138,Hibrit
3.3844705516668667,0,31.658562796853687,20,1139,Hibrit
5.964767094629906,0,1.1169748692025792,17,1140,Hibrit
6.001144062896254,0,0.0,18,1141,Hibrit
1.447366861484529,0,0.0,18,1142,Hibrit
62.68116141539788,0,83.87052237043093,20,1143,Hibrit
9.156591584453627,0,0.0,20,1144,Hibrit
4.6806866940381004,0,0.0,17,1145,Hibrit
0.7382721385756893,0,0.0,17,1146,Hibrit
7.782600027532331,0,0.0,19,1147,Hibrit
10.681265242640013,0,18.77514767942614,20,1148,Hibrit
4.142242727929967,0,0.0,19,1149,Hibrit
0.9465008850727709,0,1.8260942400098656,19,1150,Hibrit
5.725912969371589,0,47.67085276486955,17,1151,Hibrit
4.29874946818022,0,0.0,19,1152,Hibrit
4.72202667349674,0,0.0,19,1153,Hibrit
5.684099151083971,0,0.0,19,1154,Hibrit
0.32820220129631056,0,0.0,19,1155,Hibrit
18.849576066788092,0,14.64299258067274,18,1156,Hibrit
6.275330644058515,0,10.532647131370254,18,1157,Hibrit
6.645523569871604,0,0.0,15,1158,Hibrit
19.3779387892783,0,60.82036996139158,20,1159,Hibrit
34.256415022856196,0,3.5669421553436678,19,1160,Hibrit
3.803615450682308,0,0.0,20,1161,Hibrit
6.36169382396899,0,0.0,17,1162,Hibrit
2.8751946037675786,0,0.0,16,1163,Hibrit
2.5232907549558568,0,25.77530723869387,16,1164,Hibrit
2.1235766744712024,0,0.0,18,1165,Hibrit
1.8764777301687778,0,0.0,20,1166,Hibrit
10.727758874011423,0,0.0,19,1167,Hibrit
13.759683765932374,0,0.0,18,1168,Hibrit
2.3858946451203336,0,0.0,20,1169,Hibrit
4.847827847358197,0,11.845938146131573,18,1170,Hibrit
20.9497115669602,0,0.0,18,1171,Hibrit
1.630808634567945,0,0.0,20,1172,Hibrit
3.0547471863465305,0,0.0,16,1173,Hibrit
2.036363575614138,0,15.892624378697064,19,1174,Hibrit
6.715355579429271,0,0.0,19,1175,Hibrit
0.689156514349678,0,0.0,17,1176,Hibrit
12.035691635721085,0,1.2584413386896927,18,1177,Hibrit
14.63525509665765,0,32.30726226213494,19,1178,Hibrit
4.019173898532621,0,8.489855095487599,17,1179,Hibrit
2.8026124655783393,0,0.0,19,1180,Hibrit
2.0346398227135127,0,15.810450579930148,20,1181,Hibrit
14.897504458487074,0,0.0,20,1182,Hibrit
7.022180689800208,0,11.171575844480685,19,1183,Hibrit
6.411378959077414,0,0.0,18,1184,Hibrit
21.427066396853757,0,66.45873987014204,21,1185,Hibrit
4.103937622175248,0,29.62971943556107,18,1186,Hibrit
3.3360721890470093,0,3.073014992054482,17,1187,Hibrit
2.9626684958797953,0,8.808387551398368,19,1188,Hibrit
27.459334860506807,0,99.18897242152809,18,1189,Hibrit
3.9183148788377324,0,13.866006170037451,20,1190,Hibrit
2.7566383264153917,0,0.0,19,1191,Hibrit
3.802303347687403,0,0.0,18,1192,Hibrit
18.502246892078627,0,45.61074788311737,16,1193,Hibrit
4.301296615368031,0,50.308900070060474,18,1194,Hibrit
1.535009022895066,0,0.0,16,1195,Hibrit
7.399303224183603,0,0.0,17,1196,Hibrit
13.978045131449013,0,0.0,17,1197,Hibrit
22.69086651742982,0,56.3809553476911,19,1198,Hibrit
3.056824775960087,0,9.765117224681774,19,1199,Hibrit
4.120506890963565,0,0.0,19,1200,Hibrit
7.026996473610214,0,0.0,19,1201,Hibrit
10.728533217834022,0,0.0,20,1202,Hibrit
0.5047390042645193,0,0.0,17,1203,Hibrit
1.1863088471666232,0,0.0,18,1204,Hibrit
4.322628316728922,0,0.0,20,1205,Hibrit
23.873569801798677,0,46.31522059074905,18,1206,Hibrit
6.79426968886783,0,48.57218386208018,16,1207,Hibrit
2.8653275532411127,0,0.0,19,1208,Hibrit
22.648616653492837,0,0.0,19,1209,Hibrit
2.4066348540841718,0,0.0,17,1210,Hibrit
2.0675714739253244,0,0.0,19,1211,Hibrit
8.492632750565193,0,60.01210642781888,19,1212,Hibrit
59.58984167668128,0,65.35151553929853,20,1213,Hibrit
5.986811816778495,0,11.927665977244487,20,1214,Hibrit
21.696979979812156,0,4.62742479362737,20,1215,Hibrit
4.8072841055469855,0,0.0,19,1216,Hibrit
11.022204579642633,0,0.0,17,1217,Hibrit
3.2314367447650456,0,15.640017249674145,19,1218,Hibrit
5.629990324041821,0,3.983098095550872,19,1219,Hibrit
7.053150576811858,0,33.46998296117238,17,1220,Hibrit
6.6135716582513115,0,20.984015998241205,15,1221,Hibrit
2.883352580644126,0,0.0,16,1222,Hibrit
15.939194155742797,0,0.0,22,1223,Hibrit
4.732050829790302,0,0.0,18,1224,Hibrit
21.705381505296888,0,37.72988150156266,18,1225,Hibrit
4.144475281585186,0,0.0,20,1226,Hibrit
2.104899088005454,0,0.0,18,1227,Hibrit
10.586845032768478,0,15.05650366158028,18,1228,Hibrit
2.4084037978305424,0,12.146879479797974,19,1229,Hibrit
1.3043877240676403,0,0.0,19,1230,Hibrit
8.285424765720194,0,0.0,20,1231,Hibrit
6.450347437993083,0,0.0,20,1232,Hibrit
1.8806883484472967,0,0.0,17,1233,Hibrit
4.938189579730335,0,5.457474578589938,20,1234,Hibrit
21.720704093457257,0,0.0,19,1235,Hibrit
0.0,0,7.250752295888276,17,1236,Hibrit
11.344789697498603,0,54.56595929502305,18,1237,Hibrit
25.664783485485728,0,11.489610807347958,18,1238,Hibrit
1.4884755529891585,0,0.0,21,1239,Hibrit
9.223945885495475,0,17.976835334863665,18,1240,Hibrit
1.95556206604698,0,8.22375255222363,20,1241,Hibrit
3.215743187298428,0,0.0,21,1242,Hibrit
19.026228033088586,0,0.0,20,1243,Hibrit
24.082829120409137,0,0.0,20,1244,Hibrit
2.003133207886612,0,0.0,18,1245,Hibrit
26.64383053016424,0,11.237348681225114,19,1246,Hibrit
4.736936767738801,0,7.752937358764541,19,1247,Hibrit
1.339622558811386,0,9.080765277660532,16,1248,Hibrit
14.674815519296551,0,0.0,16,1249,Hibrit
5.353627344595834,0,55.97444951679381,18,1250,Hibrit
8.710400963398795,0,0.0,18,1251,Hibrit
15.173297960112015,0,39.97503629942037,18,1252,Hibrit
4.44485860387748,0,0.0,18,1253,Hibrit
16.40273105760521,0,0.0,18,1254,Hibrit
6.910634900738427,0,3.7673278152410603,20,1255,Hibrit
10.928920765463934,0,18.482890919099418,20,1256,Hibrit
5.647100563600402,0,1.6541167143922166,17,1257,Hibrit
10.18325943479517,0,25.410210251256558,17,1258,Hibrit
6.0861394118795955,0,0.0,17,1259,Hibrit
39.27066676980929,0,47.493579093932794,17,1260,Hibrit
2.1544964402527538,0,0.0,18,1261,Hibrit
14.10455205375591,0,0.0,18,1262,Hibrit
0.5814676492053654,0,0.0,18,1263,Hibrit
11.900658724397728,0,6.6348189053826445,16,1264,Hibrit
29.545213309598534,0,17.15398715344213,20,1265,Hibrit
0.6581695269152217,0,0.0,18,1266,Hibrit
8.13912752623725,0,9.81617475975662,17,1267,Hibrit
24.241853318094243,0,10.223359754747207,18,1268,Hibrit
4.320221144385327,0,9.181702266007619,19,1269,Hibrit
6.758090272793874,0,0.0,16,1270,Hibrit
9.919834431436232,0,22.143880592501944,18,1271,Hibrit
5.332612594830609,0,16.45732014387147,20,1272,Hibrit
10.51692769138149,0,4.67565989411213,18,1273,Hibrit
7.368433925642811,0,5.571953692963177,18,1274,Hibrit
16.007958754456737,0,45.63000078020684,18,1275,Hibrit
9.892097162586593,0,1.5770188067177742,19,1276,Hibrit
10.334149989899416,0,25.320113590483118,17,1277,Hibrit
6.00916233295957,0,0.0,18,1278,Hibrit
2.50052734852385,0,0.0,16,1279,Hibrit
0.3893840213015111,0,0.0,19,1280,Hibrit
15.281273070188623,0,26.647737874633094,18,1281,Hibrit
11.298449991006125,0,0.0,19,1282,Hibrit
6.831449249779221,0,5.54464520471106,21,1283,Hibrit
4.090061041008696,0,0.17816155180418036,19,1284,Hibrit
17.847818106570173,0,0.0,18,1285,Hibrit
20.565563222073905,0,35.311046700245754,19,1286,Hibrit
7.000391058517913,0,32.47631165299322,19,1287,Hibrit
22.503577183175516,0,73.6825526230511,19,1288,Hibrit
20.961964009451673,0,20.66479429829883,18,1289,Hibrit
18.37264383920187,0,51.797379834613594,18,1290,Hibrit
16.56315242431189,0,8.281200324665917,18,1291,Hibrit
3.2102548071535373,0,0.0,20,1292,Hibrit
6.858224016690673,0,0.0,20,1293,Hibrit
15.95525976910563,0,3.596108617269465,17,1294,Hibrit
3.7487797486251,0,26.727644549282388,19,1295,Hibrit
9.066020271045755,0,47.408383545433594,20,1296,Hibrit
1.4490531096566008,0,0.0,19,1297,Hibrit
0.380756789594662,0,0.0,17,1298,Hibrit
2.055887241876429,0,0.0,20,1299,Hibrit
1.8126421176463055,0,0.0,16,1300,Hibrit
3.5983470846868464,0,0.0,19,1301,Hibrit
10.563954459378223,0,0.0,17,1302,Hibrit
4.596206657723177,0,0.0,17,1303,Hibrit
3.890035021358645,0,0.0,18,1304,Hibrit
3.844371523613887,0,0.0,17,1305,Hibrit
27.580130006792842,0,20.920310238272464,20,1306,Hibrit
2.7860589590385363,0,0.0,19,1307,Hibrit
21.797011654781112,0,57.03615467067061,17,1308,Hibrit
9.03270844184845,0,0.0,19,1309,Hibrit
2.8423030532309537,0,0.0,14,1310,Hibrit
40.84667400275802,0,99.06546863405578,21,1311,Hibrit
3.2439161302857005,0,1.2634946312886086,18,1312,Hibrit
0.3216647968738802,0,0.0,18,1313,Hibrit
0.23381027292249126,0,0.0,17,1314,Hibrit
81.17088127693461,0,96.44152682451187,21,1315,Hibrit
9.942152318923915,0,56.59056937302489,18,1316,Hibrit
1.4042500531564301,0,0.0,20,1317,Hibrit
16.966503693481318,0,4.175960062256138,20,1318,Hibrit
4.441292769682425,0,6.301124894655004,18,1319,Hibrit
7.12415952453973,0,19.421977664119993,20,1320,Hibrit
5.579770186016088,0,5.933345056161954,21,1321,Hibrit
2.6764280995386445,0,23.846555971997077,17,1322,Hibrit
0.25910489646776613,0,0.0,17,1323,Hibrit
11.997262774062275,0,48.46309183444737,20,1324,Hibrit
1.1997327893548515,0,0.0,19,1325,Hibrit
2.167953040131294,0,0.0,20,1326,Hibrit
14.72341151957089,0,0.0,19,1327,Hibrit
2.011822497650443,0,0.0,15,1328,Hibrit
37.345625906636336,0,49.46770966828501,20,1329,Hibrit
10.82489176064753,0,0.0,20,1330,Hibrit
7.197243760771221,0,10.656225798646915,18,1331,Hibrit
41.28624317291901,0,51.265795877598464,19,1332,Hibrit
38.42434556537725,0,39.99464477196534,18,1333,Hibrit
8.39402190023779,0,1.1503552495261715,19,1334,Hibrit
7.700897357055162,0,0.0,17,1335,Hibrit
5.915281463200175,0,40.44768511527519,18,1336,Hibrit
14.892171045266567,0,42.52369777919142,19,1337,Hibrit
2.7399851070243977,0,11.390085426792268,19,1338,Hibrit
2.0164707807178153,0,1.6661088964222586,18,1339,Hibrit
5.844528178521318,0,0.0,20,1340,Hibrit
2.4667843472301905,0,0.0,19,1341,Hibrit
1.3897730209336108,0,0.0,20,1342,Hibrit
6.131498963403982,0,7.105915970754097,20,1343,Hibrit
2.1838987754815897,0,0.0,18,1344,Hibrit
2.6945182315891154,0,20.185183803269183,18,1345,Hibrit
1.3373477602780284,0,35.60897355471138,22,1346,Hibrit
1.2159660685835034,0,0.0,20,1347,Hibrit
7.2924436108840895,0,9.402243643106317,20,1348,Hibrit
19.207128032759098,0,7.4801831416462505,18,1349,Hibrit
4.867911776148136,0,0.0,20,1350,Hibrit
38.53411598358476,0,26.16002867199586,19,1351,Hibrit
1.528992084506554,0,4.522908472462973,19,1352,Hibrit
11.042580766356702,0,1.9885277330438953,19,1353,Hibrit
13.34211200940135,0,0.0,19,1354,Hibrit
8.379219598150698,0,0.0,19,1355,Hibrit
32.36046516700437,0,39.21030391456134,20,1356,Hibrit
12.959737721281433,0,0.0,18,1357,Hibrit
6.03800655633342,0,26.496109270345357,18,1358,Hibrit
12.602889196259552,0,0.0,18,1359,Hibrit
9.477927417688395,0,8.036671265784605,18,1360,Hibrit
9.480034989511756,0,0.0,17,1361,Hibrit
7.778763992234783,0,0.0,18,1362,Hibrit
11.13343880273806,0,40.64837366791596,20,1363,Hibrit
1.5892640310947774,0,0.0,18,1364,Hibrit
7.191635699128254,0,6.234594404578786,18,1365,Hibrit
0.6487795441524137,0,0.13595158768765714,18,1366,Hibrit
1.240010899701951,0,0.0,16,1367,Hibrit
2.433467268862284,0,0.0,17,1368,Hibrit
3.5698688031166275,0,0.0,17,1369,Hibrit
5.484792826729555,0,20.584772149872265,17,1370,Hibrit
4.2152575445128875,0,0.0,19,1371,Hibrit
5.1974036572320435,0,15.579351497021491,19,1372,Hibrit
13.038054873413568,0,20.3602970118622,20,1373,Hibrit
30.650658744137267,0,36.689615446382675,18,1374,Hibrit
10.092204013850813,0,62.63050567431833,18,1375,Hibrit
4.090025315893364,0,2.293332987651411,19,1376,Hibrit
2.2432843917968,0,0.0,17,1377,Hibrit
49.17552296521591,0,44.713054654089774,19,1378,Hibrit
3.9728480415027,0,0.0,17,1379,Hibrit
1.1121124408082645,0,6.719842232649,18,1380,Hibrit
53.56795460325007,0,59.49892350659064,20,1381,Hibrit
6.311328174439609,0,0.8578437635768523,20,1382,Hibrit
2.451645481078848,0,0.0,18,1383,Hibrit
5.31778159942143,0,1.9120999699776462,20,1384,Hibrit
16.663227251560926,0,34.08857614459231,19,1385,Hibrit
39.206040858268594,0,92.49610428562386,20,1386,Hibrit
6.503923153776898,0,2.3214291300628247,21,1387,Hibrit
2.696140859504144,0,23.605629930807595,16,1388,Hibrit
11.363743836128084,0,0.0,17,1389,Hibrit
7.097817559397972,0,0.0,19,1390,Hibrit
0.6547769802703327,0,0.0,18,1391,Hibrit
1.392206628206321,0,3.375451067740869,18,1392,Hibrit
10.650334433917628,0,5.965145112375069,19,1393,Hibrit
18.670723396471782,0,0.0,18,1394,Hibrit
21.852405268223002,0,0.0,17,1395,Hibrit
21.52260716232836,0,47.36376618482751,19,1396,Hibrit
1.8146320763423498,0,0.0,18,1397,Hibrit
7.872368138345469,0,0.0,17,1398,Hibrit
3.0081904819186267,0,0.0,18,1399,Hibrit
11.181613345536444,0,3.881922527003155,20,1400,Hibrit
0.4615828893431258,0,0.0,17,1401,Hibrit
0.7742937234310058,0,8.571093986927849,15,1402,Hibrit
2.2890473470724735,0,0.0,18,1403,Hibrit
3.9342367633480664,0,0.0,19,1404,Hibrit
16.340662363169912,0,0.0,17,1405,Hibrit
15.624299087451206,0,0.0,21,1406,Hibrit
8.226399695239863,0,4.354571511561744,21,1407,Hibrit
14.006687609233825,0,0.0,21,1408,Hibrit
9.721991867924297,0,40.760641005326306,18,1409,Hibrit
3.8340668712229475,0,2.65838861710904,19,1410,Hibrit
12.672724820999552,0,0.0,18,1411,Hibrit
3.27279162396651,0,0.0,18,1412,Hibrit
2.9004718840246957,0,0.0,15,1413,Hibrit
9.705211707765963,0,39.960493131998135,18,1414,Hibrit
10.916812634904183,0,0.0,19,1415,Hibrit
6.92790216233463,0,0.0,18,1416,Hibrit
38.38091267451536,0,66.41831516698392,18,1417,Hibrit
13.093729251226991,0,24.858142352315383,19,1418,Hibrit
4.776538878137787,0,22.06218073493028,14,1419,Hibrit
1.6570398383911904,0,0.0,19,1420,Hibrit
0.675665169886342,0,8.394513536490706,17,1421,Hibrit
4.9000918841966215,0,21.58069829768266,19,1422,Hibrit
0.28056341335585827,0,0.0,17,1423,Hibrit
17.033256128552026,0,0.0,19,1424,Hibrit
17.545418024402288,0,34.537771872059295,18,1425,Hibrit
2.840288107102052,0,8.45740630415105,19,1426,Hibrit
3.240868740682847,0,14.114403037475938,18,1427,Hibrit
9.67164241351081,0,10.662301267365024,21,1428,Hibrit
3.933250610865958,0,0.0,21,1429,Hibrit
8.598728182472076,0,20.345325141434728,19,1430,Hibrit
12.157547175594932,0,0.0,19,1431,Hibrit
5.640013692659955,0,2.715536994760214,18,1432,Hibrit
28.192959572767737,0,3.7615439765818905,19,1433,Hibrit
4.637892489670309,0,0.0,18,1434,Hibrit
8.081614864805992,0,37.35282922663458,20,1435,Hibrit
6.177329374492148,0,25.21744065049586,20,1436,Hibrit
8.808283634824571,0,0.0,19,1437,Hibrit
20.490188357713052,0,35.2800989491916,18,1438,Hibrit
9.507361900616853,0,0.0,16,1439,Hibrit
1.1967794717347182,0,0.0,16,1440,Hibrit
11.336949521035539,0,9.344463355744267,17,1441,Hibrit
26.11022064133172,0,0.8590116445911917,19,1442,Hibrit
4.712136475149819,0,23.533873442567938,18,1443,Hibrit
1.2884382330648838,0,10.300799632708959,17,1444,Hibrit
0.969096810408887,0,0.0,17,1445,Hibrit
6.242836386294901,0,3.477215243235946,18,1446,Hibrit
19.830683535328387,0,0.0,19,1447,Hibrit
3.0373300527171567,0,9.507784583512944,18,1448,Hibrit
6.115561580378696,0,0.0,20,1449,Hibrit
2.2790892460641343,0,12.27453925173495,20,1450,Hibrit
18.313559347536636,0,34.38505289261275,17,1451,Hibrit
3.272917119917913,0,5.055626371329993,15,1452,Hibrit
5.064781356848975,0,6.5428068764506975,17,1453,Hibrit
5.326692724122851,0,42.97404926514179,15,1454,Hibrit
1.5817646822275226,0,6.911113648709033,19,1455,Hibrit
5.739620052704488,0,9.418740616740024,19,1456,Hibrit
2.031601350491009,0,0.0,18,1457,Hibrit
2.6170922890470614,0,0.0,19,1458,Hibrit
1.520748021927083,0,0.0,19,1459,Hibrit
2.479630346791253,0,9.890000694451771,13,1460,Hibrit
3.047693728012129,0,0.0,19,1461,Hibrit
1.8188324370360447,0,0.0,17,1462,Hibrit
12.944853052459997,0,1.9222725307886321,18,1463,Hibrit
8.465913116240957,0,0.0,17,1464,Hibrit
5.258580942112687,0,58.36454276265238,18,1465,Hibrit
13.753232808758838,0,3.291361636219108,17,1466,Hibrit
16.61268036411072,0,14.165485118511015,19,1467,Hibrit
21.946944966701064,0,10.222574226053666,20,1468,Hibrit
12.680684190679024,0,30.921577811930604,20,1469,Hibrit
3.2267294309744505,0,0.0,16,1470,Hibrit
7.718352593018096,0,7.057942156302602,19,1471,Hibrit
2.2828883943887144,0,0.37112701313810703,19,1472,Hibrit
5.120360513962658,0,0.0,18,1473,Hibrit
46.39778509235432,0,44.499194532190586,19,1474,Hibrit
0.2766792052740895,0,0.0,19,1475,Hibrit
6.967443820297589,0,0.0,18,1476,Hibrit
40.33004058030241,0,85.51645910567424,20,1477,Hibrit
24.824057236191386,0,92.4372410038128,20,1478,Hibrit
7.047775347913571,0,8.028281821046676,16,1479,Hibrit
15.237372307800376,0,3.0956940431408384,19,1480,Hibrit
0.9172262134011613,0,0.0,17,1481,Hibrit
3.0526793970463304,0,0.0,16,1482,Hibrit
7.111348097290395,0,0.0,18,1483,Hibrit
4.171403648782033,0,2.380520233325967,21,1484,Hibrit
5.029571895716201,0,0.0,16,1485,Hibrit
1.8808012476713953,0,6.691575809665665,19,1486,Hibrit
3.3281872859422252,0,14.058286914135692,19,1487,Hibrit
0.0,0,0.0,19,1488,Hibrit
2.9766181355973282,0,0.0,18,1489,Hibrit
5.382419019883949,0,0.0,18,1490,Hibrit
1.5755706375376861,0,0.0,17,1491,Hibrit
4.724115859161923,0,24.374426148021314,20,1492,Hibrit
7.659447433827725,0,36.716462144278864,21,1493,Hibrit
1.1564430240459018,0,0.0,19,1494,Hibrit
6.593873501016054,0,0.0,18,1495,Hibrit
3.9888881732678776,0,28.632890703166424,19,1496,Hibrit
2.46761877817111,0,30.76629712987551,19,1497,Hibrit
27.74506257855374,0,74.51301358226505,18,1498,Hibrit
1.9245526291343784,0,7.048116476948053,19,1499,Hibrit
1.3087328480118057,0,0.0,21,1500,Hibrit
7.822723890967962,0,24.47122937291317,18,1501,Hibrit
13.657795317150063,0,0.0,17,1502,Hibrit
2.4706222972185876,0,0.0,18,1503,Hibrit
10.646907228679494,0,0.0,19,1504,Hibrit
9.023000776293653,0,10.655406372089203,18,1505,Hibrit
0.1619598953512869,0,0.0,17,1506,Hibrit
4.8416531182155325,0,0.0,18,1507,Hibrit
3.280928210419745,0,0.0,17,1508,Hibrit
10.45014919763494,0,2.0620345447302952,19,1509,Hibrit
0.9836341858937658,0,0.0,15,1510,Hibrit
0.6147020269120945,0,0.0,19,1511,Hibrit
2.896866699399371,0,0.0,20,1512,Hibrit
2.6811402412338423,0,0.0,19,1513,Hibrit
1.086044055973994,0,0.0,20,1514,Hibrit
1.8199021031219202,0,18.152989306382892,20,1515,Hibrit
22.22249290925967,0,33.56249416938914,19,1516,Hibrit
16.9500912179738,0,0.0,20,1517,Hibrit
3.6716952167592845,0,27.980079259957904,21,1518,Hibrit
2.2682889573774516,0,1.4200719481186752,19,1519,Hibrit
5.817754179191936,0,15.171295724565766,17,1520,Hibrit
9.219968997907511,0,0.0,17,1521,Hibrit
3.02251647225425,0,11.660732788220116,18,1522,Hibrit
2.5072968908521776,0,29.405751571333212,20,1523,Hibrit
5.938629699936194,0,5.719510381766668,17,1524,Hibrit
23.94976658473904,0,43.26007970919784,18,1525,Hibrit
0.6476990433920662,0,0.0,15,1526,Hibrit
1.9388942842245218,0,9.213319847831826,18,1527,Hibrit
11.267181048286412,0,0.0,19,1528,Hibrit
1.9124690546158587,0,0.0,18,1529,Hibrit
6.600439655491211,0,0.0,19,1530,Hibrit
4.336577932156862,0,0.7997700447900229,19,1531,Hibrit
10.969774325080957,0,108.13182994536453,18,1532,Hibrit
25.552419308448854,0,22.57679147163458,21,1533,Hibrit
1.5318520668592233,0,23.03340778352026,19,1534,Hibrit
24.65886376039827,0,9.081703057178629,21,1535,Hibrit
8.426054798561058,0,0.0,20,1536,Hibrit
13.024524786937647,0,25.48204078865956,21,1537,Hibrit
9.647316945822041,0,7.995867515854229,18,1538,Hibrit
4.505921575580391,0,18.954452683125396,17,1539,Hibrit
34.446678151340656,0,2.3292966316965362,20,1540,Hibrit
40.829312985081415,0,120.51205074368636,19,1541,Hibrit
34.12289519389831,0,43.43029196389716,19,1542,Hibrit
2.8823665372821297,0,0.0,17,1543,Hibrit
43.00736459508971,0,44.98052725471143,18,1544,Hibrit
4.464979328810511,0,12.920621938137515,20,1545,Hibrit
0.5371362137353562,0,0.0,18,1546,Hibrit
2.0776245994729936,0,0.0,18,1547,Hibrit
2.4874872695075987,0,0.0,18,1548,Hibrit
67.97529934998552,0,163.34782562827485,18,1549,Hibrit
11.129323581775907,0,10.40990517652881,18,1550,Hibrit
9.14049813614958,0,21.72620044786089,20,1551,Hibrit
4.855395250490059,0,0.0,17,1552,Hibrit
15.794024179813244,0,37.78261998939155,20,1553,Hibrit
7.702724441516089,0,81.81015163238453,19,1554,Hibrit
54.4380519126234,0,15.356230699253786,19,1555,Hibrit
2.062022888778991,0,0.0,19,1556,Hibrit
8.569684803142183,0,10.569072965069438,19,1557,Hibrit
11.66881284015769,0,4.598192397480489,20,1558,Hibrit
13.739903993262976,0,0.0,17,1559,Hibrit
15.445283512055287,0,0.0,18,1560,Hibrit
4.3235897576042115,0,0.0,19,1561,Hibrit
9.965793009079764,0,0.0,21,1562,Hibrit
14.83588595830512,0,0.0,17,1563,Hibrit
5.920275301286009,0,0.0,18,1564,Hibrit
4.260174029405485,0,32.795222722518474,20,1565,Hibrit
2.5098421759863845,0,0.0,18,1566,Hibrit
14.124842483750301,0,35.5197953760661,21,1567,Hibrit
14.492994953228466,0,1.296417201980887,17,1568,Hibrit
8.512124467652988,0,0.0,16,1569,Hibrit
10.649087917602005,0,36.461341238350656,20,1570,Hibrit
46.78675215238305,0,24.413412724050374,18,1571,Hibrit
6.303148487694718,0,27.247320578586027,19,1572,Hibrit
18.96334713708027,0,1.3596734818042933,19,1573,Hibrit
15.504696698383587,0,7.604857495634121,18,1574,Hibrit
14.685132095134996,0,38.27323337421433,19,1575,Hibrit
11.952834800327814,0,23.505302999535104,19,1576,Hibrit
20.81209813840177,0,42.31137281392023,19,1577,Hibrit
14.498133833420061,0,29.097436145703284,19,1578,Hibrit
0.004291971274443236,0,0.0,14,1579,Hibrit
4.800961945989911,0,0.0,17,1580,Hibrit
6.570130015652562,0,3.143709329321041,19,1581,Hibrit
1.7513671682174217,0,0.0,19,1582,Hibrit
8.055821786485804,0,5.320463652078388,18,1583,Hibrit
4.445844067351066,0,0.0,17,1584,Hibrit
55.59728744587689,0,32.0005182965437,19,1585,Hibrit
1.0182305369312645,0,0.0,18,1586,Hibrit
14.65143351856733,0,54.75397476506754,17,1587,Hibrit
8.262678056699956,0,0.0,18,1588,Hibrit
4.936098303515577,0,0.0,19,1589,Hibrit
15.450860983199942,0,11.658338857544663,20,1590,Hibrit
5.957087205577263,0,0.0,18,1591,Hibrit
8.658901484809155,0,0.0,19,1592,Hibrit
2.637697028376447,0,10.024724829828642,21,1593,Hibrit
8.75601933414319,0,54.0555558472019,20,1594,Hibrit
20.98946081110384,0,9.967683232647175,18,1595,Hibrit
6.713666191504851,0,19.20465328552683,20,1596,Hibrit
9.45579214113382,0,14.467468835510772,18,1597,Hibrit
15.65027737764477,0,0.0,19,1598,Hibrit
4.425315353479059,0,0.0,16,1599,Hibrit
6.3769257999935745,0,0.0,19,1600,Hibrit
0.08644368401720864,0,3.7178416574757875,18,1601,Hibrit
4.31869342243987,0,8.57162304121647,17,1602,Hibrit
2.7890024907656854,0,7.375357285172072,17,1603,Hibrit
17.940853706459745,0,0.0,19,1604,Hibrit
1.8594963894691248,0,0.0,17,1605,Hibrit
0.5628287620293243,0,0.0,20,1606,Hibrit
0.5073674113558582,0,1.394486244867494,18,1607,Hibrit
5.454039682374674,0,7.712323580349107,16,1608,Hibrit
2.636745231755085,0,51.40821055847482,18,1609,Hibrit
4.1222665164890975,0,30.95658393838994,19,1610,Hibrit
14.498218727121198,0,0.0,16,1611,Hibrit
3.49596483200409,0,5.644822513570205,18,1612,Hibrit
22.715389063092243,0,31.729740010375167,19,1613,Hibrit
7.749808054143705,0,19.57562329813794,18,1614,Hibrit
0.013192665025500538,0,0.0,16,1615,Hibrit
1.0183457938076823,0,0.0,18,1616,Hibrit
23.241773848118477,0,22.8071475308912,19,1617,Hibrit
7.766249458495665,0,0.0,20,1618,Hibrit
20.81949980819812,0,0.0,19,1619,Hibrit
6.603423623481584,0,4.41370162282044,19,1620,Hibrit
19.32502654699376,0,9.67377016265533,19,1621,Hibrit
24.19861254820593,0,0.0,21,1622,Hibrit
14.237102326304608,0,5.987078692871137,18,1623,Hibrit
2.6384064525729305,0,0.0,20,1624,Hibrit
3.4849433127716085,0,0.0,18,1625,Hibrit
1.7178944411581465,0,0.0,15,1626,Hibrit
6.9314495604905755,0,0.0,18,1627,Hibrit
9.797440708221487,0,56.53236573025754,20,1628,Hibrit
0.0,0,0.0,14,1629,Hibrit
2.268884974298276,0,17.908347841037028,19,1630,Hibrit
74.7357474900714,0,81.30330666790968,19,1631,Hibrit
6.615135681229254,0,0.0,18,1632,Hibrit
10.392097527884166,0,27.242665746143246,18,1633,Hibrit
0.5751602376781513,0,0.0,17,1634,Hibrit
60.79818703968478,0,76.79514557175395,18,1635,Hibrit
6.876600437319547,0,58.1131693944356,18,1636,Hibrit
3.030062960380083,0,0.0,19,1637,Hibrit
5.7071130060638815,0,13.54628765357694,17,1638,Hibrit
2.9991614554266164,0,0.0,16,1639,Hibrit
5.092545567612229,0,0.0,19,1640,Hibrit
14.172547457070106,0,0.0,17,1641,Hibrit
16.762398950351578,0,31.491567644637144,19,1642,Hibrit
7.857023541889248,0,0.0,18,1643,Hibrit
1.7240601413539167,0,0.0,18,1644,Hibrit
0.5221972444846189,0,17.028458801921488,19,1645,Hibrit
1.2002670890179115,0,0.0,20,1646,Hibrit
2.004903171832195,0,0.0,19,1647,Hibrit
20.932081109411676,0,18.142130192515026,21,1648,Hibrit
4.7907412798413205,0,0.0,17,1649,Hibrit
6.209370744627281,0,32.90141026753315,18,1650,Hibrit
5.802757918070012,0,25.14877888198066,19,1651,Hibrit
1.374058073420411,0,17.13844396886543,19,1652,Hibrit
6.307716561626001,0,20.637507741777767,18,1653,Hibrit
6.584362485653605,0,12.862579602893277,19,1654,Hibrit
4.766523213144562,0,3.4633960434138658,17,1655,Hibrit
8.531603074296129,0,0.15967070104443337,15,1656,Hibrit
2.2323004102488504,0,0.0,14,1657,Hibrit
5.140336839322805,0,0.11785853701383076,17,1658,Hibrit
0.028967568839214818,0,0.0,19,1659,Hibrit
1.7450845841462845,0,0.0,17,1660,Hibrit
23.2144333752601,0,23.957331970627024,19,1661,Hibrit
4.104849965651986,0,0.0,20,1662,Hibrit
3.242108784186128,0,17.802808031539087,21,1663,Hibrit
5.446546355820635,0,0.0,20,1664,Hibrit
6.757253755586381,0,7.699489651478018,20,1665,Hibrit
21.005530722484625,0,0.0,20,1666,Hibrit
2.3992832073857224,0,3.3747587802020007,21,1667,Hibrit
2.9231288030220393,0,0.0,17,1668,Hibrit
12.285155853599163,0,50.35311816976207,18,1669,Hibrit
1.554365334444571,0,0.0,19,1670,Hibrit
16.24892835167533,0,0.1973742876915594,19,1671,Hibrit
9.476553959541867,0,6.962773928486172,19,1672,Hibrit
0.8432671700456368,0,0.0,20,1673,Hibrit
3.8861937222718224,0,12.445861589933713,20,1674,Hibrit
24.833080679054454,0,31.104801937541936,20,1675,Hibrit
16.996815548234373,0,0.0,18,1676,Hibrit
45.284268747302384,0,14.236218135278762,19,1677,Hibrit
20.118880709709572,0,31.50871428853361,20,1678,Hibrit
1.6796158103555452,0,0.0,18,1679,Hibrit
34.529733439188576,0,33.09922677296345,19,1680,Hibrit
2.056463888481243,0,0.0,19,1681,Hibrit
1.169805672079281,0,0.0,16,1682,Hibrit
1.6606448059029424,0,0.0,15,1683,Hibrit
8.165877764100868,0,3.870791685502752,18,1684,Hibrit
2.216381567703845,0,5.814196234688325,16,1685,Hibrit
0.36730599513463474,0,6.450913365879558,17,1686,Hibrit
6.447448190006864,0,10.93626732701415,19,1687,Hibrit
27.42382584406924,0,42.958916870449116,19,1688,Hibrit
6.568894534964737,0,0.0,18,1689,Hibrit
18.809214663170067,0,0.0,18,1690,Hibrit
40.16537997998264,0,39.18110068486607,21,1691,Hibrit
5.330379065147434,0,83.34821397658072,18,1692,Hibrit
6.415909107019886,0,0.0,21,1693,Hibrit
29.10383244817539,0,57.58679069408754,19,1694,Hibrit
0.480244706187178,0,3.517902232653171,17,1695,Hibrit
5.528045857643042,0,0.0,16,1696,Hibrit
12.316063908098078,0,0.0,20,1697,Hibrit
2.985069176835301,0,0.0,18,1698,Hibrit
8.57453984956239,0,0.0,20,1699,Hibrit
5.0365345330144615,0,0.0,19,1700,Hibrit
3.2135563554543447,0,9.899995707115636,18,1701,Hibrit
3.4441186057219975,0,11.001753069920312,18,1702,Hibrit
3.5440434772443643,0,0.0,18,1703,Hibrit
10.35887811721561,0,50.89534856228619,19,1704,Hibrit
19.821530353373536,0,25.970219251474873,20,1705,Hibrit
25.463169709617897,0,11.612719331006417,18,1706,Hibrit
22.247763025202293,0,36.05018488285157,20,1707,Hibrit
5.9506866307999005,0,0.0,19,1708,Hibrit
6.9524137251366245,0,30.544079080763822,20,1709,Hibrit
10.189070303066583,0,11.17248293619349,20,1710,Hibrit
2.0894907786485186,0,0.0,18,1711,Hibrit
14.591421087559798,0,50.95774519048706,21,1712,Hibrit
24.713529463916885,0,11.28064704585637,18,1713,Hibrit
3.151451509865031,0,0.0,20,1714,Hibrit
14.09374834132397,0,3.4814097521688723,19,1715,Hibrit
6.2338038905731965,0,0.723513158142282,19,1716,Hibrit
13.63769925408854,0,24.718356105614475,21,1717,Hibrit
16.309396838902366,0,27.27062241722706,18,1718,Hibrit
0.2785925598653677,0,3.675855957354372,20,1719,Hibrit
3.6014117195444104,0,0.0,22,1720,Hibrit
22.23131563932032,0,0.0,18,1721,Hibrit
5.482233443101649,0,24.379875427496472,19,1722,Hibrit
0.5346715989727215,0,0.0,17,1723,Hibrit
0.8999585685662744,0,0.0,19,1724,Hibrit
1.005605128912379,0,0.0,19,1725,Hibrit
9.019879153030683,0,22.336573113407383,20,1726,Hibrit
6.881340760689383,0,0.0,15,1727,Hibrit
5.8060313970312505,0,0.0,17,1728,Hibrit
7.903955765378216,0,72.82774453194884,19,1729,Hibrit
13.30184499295489,0,33.94466672529569,15,1730,Hibrit
3.1002073768677967,0,7.9407787543912605,20,1731,Hibrit
10.626339588664983,0,20.810239057774595,18,1732,Hibrit
0.6876618205727488,0,0.0,19,1733,Hibrit
2.568931120019147,0,0.0,18,1734,Hibrit
5.605476941095517,0,3.2606008813360177,20,1735,Hibrit
34.95053653016402,0,34.96776688074067,19,1736,Hibrit
41.93334883817705,0,53.80301742980038,21,1737,Hibrit
3.3023941705556354,0,0.0,19,1738,Hibrit
16.182329218412235,0,5.146293927562056,21,1739,Hibrit
17.232464274116616,0,0.0,19,1740,Hibrit
8.015380169094541,0,8.852710779065887,19,1741,Hibrit
5.069887974201524,0,0.0,17,1742,Hibrit
1.5793631130751873,0,0.0,16,1743,Hibrit
1.2428480968225375,0,0.0,17,1744,Hibrit
9.840181364971713,0,47.13740446755298,16,1745,Hibrit
1.0554923552617965,0,5.654234592092564,17,1746,Hibrit
15.515818820334184,0,20.87557993619356,20,1747,Hibrit
4.325832494368871,0,0.8724274035821509,19,1748,Hibrit
2.0836397575745713,0,23.249588502486915,18,1749,Hibrit
17.545390207497448,0,5.567772515506476,17,1750,Hibrit
4.971000640954282,0,0.0,17,1751,Hibrit
20.930835196530627,0,0.0,19,1752,Hibrit
1.1759855774657155,0,7.340744749930025,20,1753,Hibrit
8.506405939231195,0,19.945710785146844,21,1754,Hibrit
5.859079711894076,0,6.26714825592569,20,1755,Hibrit
16.175951672174847,0,33.70071404856344,19,1756,Hibrit
3.842140479847796,0,10.991422773844988,19,1757,Hibrit
1.8462848087373573,0,9.498459273799085,20,1758,Hibrit
46.52239022532784,0,58.3498569313457,19,1759,Hibrit
48.47222563448131,0,64.62765024653868,19,1760,Hibrit
20.0029370300807,0,80.10244245219894,19,1761,Hibrit
5.247840873432266,0,18.01788412411986,18,1762,Hibrit
10.569563345052064,0,15.226858941306546,18,1763,Hibrit
5.4553548603849835,0,0.0,18,1764,Hibrit
28.995379361239394,0,105.80683835532551,16,1765,Hibrit
24.001458127423145,0,25.062265629131332,20,1766,Hibrit
11.697714694377938,0,0.0,17,1767,Hibrit
4.519370909507189,0,0.0,19,1768,Hibrit
5.714941690894177,0,33.69974311490887,18,1769,Hibrit
4.69823363274002,0,0.0,19,1770,Hibrit
33.31855309829085,0,29.956066419863134,18,1771,Hibrit
9.515918464099162,0,3.0466626521275657,18,1772,Hibrit
24.54236013845788,0,0.0,19,1773,Hibrit
10.774976388133329,0,35.239332789670186,19,1774,Hibrit
28.756039000281973,0,27.780010288482117,16,1775,Hibrit
8.608072910554924,0,0.0,20,1776,Hibrit
5.001084268346699,0,0.0,20,1777,Hibrit
5.339343294526803,0,0.0,19,1778,Hibrit
17.54918232501283,0,55.13262215816445,17,1779,Hibrit
1.3387114061768295,0,0.0,19,1780,Hibrit
35.12026193249761,0,45.51482475380499,20,1781,Hibrit
9.26603936578092,0,24.20426192536553,19,1782,Hibrit
1.178632114757352,0,0.0,19,1783,Hibrit
25.38109329476519,0,15.015514214894154,17,1784,Hibrit
3.9940756446745156,0,0.0,20,1785,Hibrit
10.721380112575206,0,0.0,18,1786,Hibrit
0.9451972897995686,0,0.0,19,1787,Hibrit
12.559221724097878,0,8.262193950960523,17,1788,Hibrit
50.54713309451963,0,80.35277660763569,20,1789,Hibrit
10.512887434072836,0,0.0,19,1790,Hibrit
2.0457316929617284,0,9.8322162299728,21,1791,Hibrit
1.7892964800663438,0,0.0,20,1792,Hibrit
1.882499051899479,0,6.2070206196099775,19,1793,Hibrit
9.282011105959345,0,0.0,19,1794,Hibrit
44.276610214317955,0,60.17357927418675,20,1795,Hibrit
3.739633372119571,0,9.44329547307666,19,1796,Hibrit
7.15209520633231,0,0.0,17,1797,Hibrit
9.126865104702567,0,9.185141205241507,19,1798,Hibrit
7.390977081391177,0,26.51971683907726,18,1799,Hibrit
3.2437984351599565,0,0.0,18,1800,Hibrit
12.461170514761843,0,2.3795219122047797,19,1801,Hibrit
4.395656310082567,0,16.48837937927601,19,1802,Hibrit
6.0982935626819135,0,0.0,18,1803,Hibrit
3.154430134196754,0,1.8021321477087895,18,1804,Hibrit
12.506313814219391,0,0.0,18,1805,Hibrit
5.36714259587629,0,0.0,18,1806,Hibrit
9.744137186681717,0,18.817832620104355,19,1807,Hibrit
7.452440230655537,0,0.0,19,1808,Hibrit
13.390712581849808,0,17.453307855852188,21,1809,Hibrit
7.397590213262185,0,0.0,18,1810,Hibrit
11.92562939971017,0,27.022254836437014,19,1811,Hibrit
17.881229164209767,0,23.89373138778012,22,1812,Hibrit
24.52500578303483,0,9.538791298295166,19,1813,Hibrit
4.5095018504093485,0,0.0,18,1814,Hibrit
17.33860194329062,0,0.0,20,1815,Hibrit
0.017111102989919875,0,0.0,18,1816,Hibrit
3.645008220121765,0,0.0,18,1817,Hibrit
9.38616319738153,0,5.5897737944033,20,1818,Hibrit
6.447957832602035,0,0.0,18,1819,Hibrit
4.429215108350693,0,10.641858552460917,22,1820,Hibrit
1.8133799493637437,0,18.457209322970243,19,1821,Hibrit
10.160194439896237,0,6.223470867708102,18,1822,Hibrit
9.002937664339335,0,14.066157714750318,20,1823,Hibrit
1.2437376590611209,0,0.12133701856703283,20,1824,Hibrit
8.961305262362249,0,0.0,15,1825,Hibrit
3.0486339701476033,0,0.0,19,1826,Hibrit
6.31287320353568,0,0.0,19,1827,Hibrit
3.484853689978819,0,0.0,18,1828,Hibrit
11.974318945698057,0,23.78616559083423,17,1829,Hibrit
1.5161996761913739,0,0.0,18,1830,Hibrit
15.95204166415834,0,36.69807929215483,19,1831,Hibrit
1.429484229084445,0,0.0,20,1832,Hibrit
14.539950554523276,0,0.0,19,1833,Hibrit
2.958162134418108,0,7.442774070390726,20,1834,Hibrit
28.085630842029047,0,44.32212917783164,20,1835,Hibrit
1.636449927075649,0,23.14453876427666,14,1836,Hibrit
1.3797794339561185,0,0.0,15,1837,Hibrit
2.926903882452679,0,0.0,22,1838,Hibrit
17.85197840371265,0,0.0,19,1839,Hibrit
7.7836438934510115,0,0.0,19,1840,Hibrit
5.627094446003305,0,0.0,19,1841,Hibrit
1.0020969916274547,0,0.0,17,1842,Hibrit
8.299528207260574,0,37.249757093455685,18,1843,Hibrit
2.6472941000310803,0,0.0,21,1844,Hibrit
2.0401317677011863,0,30.70171269203462,18,1845,Hibrit
1.5234998687031407,0,0.0,20,1846,Hibrit
0.20324330782693445,0,0.0,17,1847,Hibrit
2.3579289401786,0,0.0,18,1848,Hibrit
17.8100342414926,0,27.325138065362978,19,1849,Hibrit
1.9342567058222315,0,15.932979639640052,20,1850,Hibrit
2.4067672806949503,0,0.0,18,1851,Hibrit
8.56647327422994,0,8.61775865069177,18,1852,Hibrit
10.44991514514499,0,53.209207064503005,19,1853,Hibrit
5.504489520196695,0,0.3541359253691212,20,1854,Hibrit
54.84085678886296,0,7.986992554777373,21,1855,Hibrit
7.250044999801978,0,0.0,16,1856,Hibrit
8.680490890034648,0,23.527820825923413,17,1857,Hibrit
0.8442754932532687,0,0.0,17,1858,Hibrit
2.56841473732241,0,0.0,17,1859,Hibrit
30.569396703073448,0,56.12758656123742,20,1860,Hibrit
44.24562525892104,0,77.50986642692311,19,1861,Hibrit
2.7908336373915366,0,0.6063736899639025,18,1862,Hibrit
11.600558674707539,0,2.242698838809531,20,1863,Hibrit
5.427780682045544,0,6.305045351969056,19,1864,Hibrit
4.350758560647041,0,0.0,19,1865,Hibrit
2.166596059621603,0,7.132369603968982,18,1866,Hibrit
2.3724531233047066,0,0.0,19,1867,Hibrit
16.015709874386218,0,34.21961640819228,20,1868,Hibrit
0.1772280107141201,0,0.9245022502505549,19,1869,Hibrit
41.93176150731121,0,62.02674314759281,20,1870,Hibrit
8.008675583507255,0,6.277041454513949,16,1871,Hibrit
1.9784612592680557,0,12.67894089333538,18,1872,Hibrit
37.432336783516654,0,76.99320425361975,19,1873,Hibrit
30.19592908860328,0,53.07496284489713,18,1874,Hibrit
3.2918077591967823,0,12.511681274112846,19,1875,Hibrit
1.4064750939459514,0,27.684336401109874,17,1876,Hibrit
4.9341121341866465,0,0.0,15,1877,Hibrit
4.656606379605536,0,0.0,21,1878,Hibrit
68.08845439361028,0,97.57509200971549,19,1879,Hibrit
11.730376012972089,0,1.9912339092533102,18,1880,Hibrit
4.4091830982151485,0,0.0,19,1881,Hibrit
4.358631587475067,0,11.13290875757042,20,1882,Hibrit
25.337203885351112,0,70.44539693066486,19,1883,Hibrit
12.846852265825024,0,52.908891335249905,20,1884,Hibrit
13.154295865833953,0,0.0,17,1885,Hibrit
2.5642443752653126,0,0.0,19,1886,Hibrit
2.7259723202339483,0,24.72481165612021,17,1887,Hibrit
13.679747173057956,0,0.0,22,1888,Hibrit
1.288006148462803,0,0.0,17,1889,Hibrit
9.639307311081708,0,12.772210007979197,19,1890,Hibrit
22.316211417274094,0,0.0,20,1891,Hibrit
8.29309967139616,0,4.956137820866388,20,1892,Hibrit
16.758364548720394,0,38.91195596914304,20,1893,Hibrit
0.6096333883022671,0,0.0,19,1894,Hibrit
5.0083985790482854,0,0.0,18,1895,Hibrit
4.275944790790136,0,0.0,19,1896,Hibrit
1.4839462652877393,0,0.0,19,1897,Hibrit
0.20729799959397927,0,0.0,18,1898,Hibrit
3.462354018995449,0,16.896900165836826,18,1899,Hibrit
18.545087758835958,0,19.208184936599253,17,1900,Hibrit
2.8736773055348044,0,0.0,18,1901,Hibrit
14.967765087835618,0,0.0,19,1902,Hibrit
3.688667490603603,0,0.0,18,1903,Hibrit
8.07312732601957,0,0.0,17,1904,Hibrit
25.883163684827068,0,28.05887567294701,19,1905,Hibrit
0.2608269640952996,0,24.32144382318006,18,1906,Hibrit
45.178502853516264,0,103.15971759555856,19,1907,Hibrit
14.113536683575987,0,37.81337510460486,17,1908,Hibrit
31.155123974711433,0,59.132095330074435,19,1909,Hibrit
9.445796477771854,0,3.454660535093069,20,1910,Hibrit
3.2735650832681564,0,0.0,17,1911,Hibrit
8.307538718920124,0,0.0,20,1912,Hibrit
0.8060768575531185,0,0.0,17,1913,Hibrit
14.83778338165935,0,0.0,20,1914,Hibrit
13.711933576094015,0,6.345177642572423,19,1915,Hibrit
7.900545955415415,0,6.081974518003051,19,1916,Hibrit
1.5790646353337023,0,0.0,15,1917,Hibrit
1.957203065078701,0,5.322540773827541,17,1918,Hibrit
7.289861043582068,0,0.0,19,1919,Hibrit
23.871828414979074,0,33.286344581595756,18,1920,Hibrit
15.13425064877666,0,10.564483296536878,18,1921,Hibrit
18.830878415160274,0,0.0,18,1922,Hibrit
95.51505822664274,0,128.4769447518409,20,1923,Hibrit
0.9631865238536528,0,12.186191356559732,19,1924,Hibrit
4.271877881707492,0,0.0,18,1925,Hibrit
0.7914810977220744,0,0.0,18,1926,Hibrit
4.126589581123748,0,0.0,18,1927,Hibrit
8.32094055409275,0,0.0,18,1928,Hibrit
1.7870442878186221,0,6.347125466297939,20,1929,Hibrit
2.125648791670187,0,3.7655955188615735,18,1930,Hibrit
14.411812630743347,0,0.0,18,1931,Hibrit
17.43240908105134,0,51.44545525732576,20,1932,Hibrit
19.46689511867826,0,8.567127551183773,20,1933,Hibrit
2.4854355184185746,0,3.6945122690615335,18,1934,Hibrit
6.686362889752227,0,0.0,20,1935,Hibrit
44.38940794267974,0,18.5091803734544,17,1936,Hibrit
15.902671462987735,0,0.0,17,1937,Hibrit
30.325810357334557,0,23.48105651704907,17,1938,Hibrit
3.6627081064771665,0,24.625120615490516,20,1939,Hibrit
9.868723394560357,0,14.874384437349704,19,1940,Hibrit
2.169851796302867,0,37.292556039780266,20,1941,Hibrit
1.0797113882155078,0,11.58407578228639,17,1942,Hibrit
1.7014382782472552,0,0.0,20,1943,Hibrit
52.551805684586704,0,37.09907195041882,19,1944,Hibrit
3.159422775295645,0,0.0,17,1945,Hibrit
12.844183136971033,0,0.0,18,1946,Hibrit
32.800505908163146,0,52.26759547424223,21,1947,Hibrit
1.798712685244226,0,23.72545718849466,15,1948,Hibrit
11.3203797603676,0,0.0,20,1949,Hibrit
2.9292809406047517,0,0.0,19,1950,Hibrit
6.917825768022571,0,22.286588682669276,18,1951,Hibrit
3.6941767914093937,0,4.332557806527575,19,1952,Hibrit
3.590209688543326,0,13.615520231335552,20,1953,Hibrit
13.669241177670798,0,32.90371154739029,18,1954,Hibrit
14.367153920466857,0,25.367221822806926,20,1955,Hibrit
1.9920112580153653,0,8.02069215033174,16,1956,Hibrit
13.641362372436687,0,0.0,15,1957,Hibrit
7.25637086066654,0,13.455499804156489,20,1958,Hibrit
9.684560587955193,0,77.73543380411314,17,1959,Hibrit
4.197143667195631,0,53.99852090019078,19,1960,Hibrit
6.767459579180496,0,13.769137273709191,18,1961,Hibrit
1.2490881304655161,0,2.414732336710074,15,1962,Hibrit
0.9185057321559322,0,0.0,15,1963,Hibrit
3.898466086180227,0,39.71114441361249,17,1964,Hibrit
1.1545887065689928,0,0.0,19,1965,Hibrit
33.75412927310848,0,10.296553456471884,19,1966,Hibrit
23.165617717161002,0,17.998969715218834,18,1967,Hibrit
0.39025551340692505,0,0.0,18,1968,Hibrit
7.81739175991723,0,11.690757769474772,18,1969,Hibrit
11.167832794377608,0,2.918835530709373,19,1970,Hibrit
31.870931143931614,0,52.19876559887132,20,1971,Hibrit
4.621858590356477,0,0.0,17,1972,Hibrit
47.62401891298869,0,28.086925027226698,20,1973,Hibrit
3.873900876621929,0,7.222895323695013,19,1974,Hibrit
46.65224206614391,0,31.904085454347012,20,1975,Hibrit
30.241164262641114,0,0.0,18,1976,Hibrit
7.081057544407618,0,0.0,18,1977,Hibrit
3.110554620624663,0,19.19450827700564,20,1978,Hibrit
0.45935219578829395,0,0.0,19,1979,Hibrit
2.7304380191696143,0,9.145646956534108,19,1980,Hibrit
4.188264415344702,0,0.0,17,1981,Hibrit
5.95699620137886,0,0.0,19,1982,Hibrit
2.5190233489740677,0,0.0,17,1983,Hibrit
16.77526924774666,0,0.0,19,1984,Hibrit
6.24965072002583,0,1.7509306692909377,20,1985,Hibrit
7.666795023544285,0,23.103079406424,19,1986,Hibrit
5.439001266625093,0,16.931061628082887,20,1987,Hibrit
1.5571948714985748,0,5.9099232672726885,18,1988,Hibrit
40.30697035376799,0,5.286051004752778,17,1989,Hibrit
32.17068248115893,0,56.467167219451824,20,1990,Hibrit
56.64122275620367,0,77.81119949020149,22,1991,Hibrit
1.1872998747629886,0,0.0,16,1992,Hibrit
0.15649749036084368,0,0.0,17,1993,Hibrit
5.643136541048614,0,0.0,18,1994,Hibrit
3.7779796685482836,0,7.274050641608369,17,1995,Hibrit
3.1090292399196215,0,36.65400717171008,18,1996,Hibrit
18.420361561304407,0,46.09666518953361,19,1997,Hibrit
0.33302747944650135,0,0.0,18,1998,Hibrit
20.605573126396923,0,20.328383956083258,17,1999,Hibrit
9.613854328245344,0,0.0,19,2000,Hibrit
2.52127049914766,0,0.0,19,2001,Hibrit
12.766477715896837,0,47.941799242415584,21,2002,Hibrit
16.87590127588697,0,70.32876803055791,19,2003,Hibrit
4.599039733694139,0,22.76021468566836,19,2004,Hibrit
14.282785557107625,0,49.37590077646723,19,2005,Hibrit
17.290431720295434,0,0.782744296944486,19,2006,Hibrit
0.8107162516729699,0,0.0,17,2007,Hibrit
4.090227282964901,0,40.73542262168843,18,2008,Hibrit
8.41344874603416,0,33.95426884572407,21,2009,Hibrit
14.392527306784782,0,29.98354222741108,18,2010,Hibrit
16.094042713796902,0,69.27803182145698,17,2011,Hibrit
1.7558451081969466,0,0.0,17,2012,Hibrit
16.002852183144128,0,2.697380521224261,19,2013,Hibrit
2.8977158637194567,0,1.7603986939604965,18,2014,Hibrit
0.23546626583421768,0,0.0,18,2015,Hibrit
17.21248709052682,0,0.0,17,2016,Hibrit
5.116878128407682,0,15.627248779480851,20,2017,Hibrit
2.314574838813789,0,0.0,19,2018,Hibrit
21.198920840354123,0,0.0,20,2019,Hibrit
0.9654160642418727,0,6.903646628074796,14,2020,Hibrit
48.25352231007774,0,66.70397882091572,17,2021,Hibrit
3.7613817285145186,0,0.0,18,2022,Hibrit
5.215827715320605,0,12.62202835197536,20,2023,Hibrit
7.4000914329941025,0,2.1611891348928793,20,2024,Hibrit
9.17122474888298,0,15.739616205843788,19,2025,Hibrit
10.762324012037901,0,2.872319641271531,18,2026,Hibrit
8.49949582657761,0,35.41492491248766,15,2027,Hibrit
3.757969856370288,0,17.816550218094335,19,2028,Hibrit
7.451719236511593,0,14.335977857040973,21,2029,Hibrit
12.99197785704552,0,0.0,18,2030,Hibrit
1.4843890385239324,0,0.0,17,2031,Hibrit
23.480932570521887,0,102.8127497823204,18,2032,Hibrit
6.090258671577281,0,12.238567155894202,16,2033,Hibrit
16.34557137161797,0,0.0,18,2034,Hibrit
0.00621727652698511,0,0.0,19,2035,Hibrit
4.405134684402944,0,30.47012150276464,20,2036,Hibrit
2.7571784078965482,0,0.0,16,2037,Hibrit
1.7002847101177219,0,0.0,18,2038,Hibrit
4.850604142844398,0,40.23933298334134,20,2039,Hibrit
3.742784241179554,0,14.565883445611973,19,2040,Hibrit
19.86433592207547,0,3.5954756360148394,19,2041,Hibrit
7.089507379527618,0,0.0,19,2042,Hibrit
1.068247952884854,0,11.491971587984835,18,2043,Hibrit
2.8899221456136437,0,4.728066052187387,17,2044,Hibrit
3.5485255517068595,0,13.959675008381964,20,2045,Hibrit
17.344684729836885,0,40.897838508238806,20,2046,Hibrit
6.816095685189511,0,12.095123715396028,19,2047,Hibrit
1.7777686131775046,0,0.0,18,2048,Hibrit
5.9753948672300945,0,4.9695044374771555,18,2049,Hibrit
16.18118770671704,0,22.99043410332206,17,2050,Hibrit
9.885479790765583,0,0.0,19,2051,Hibrit
2.3876244680767362,0,12.507218292804907,17,2052,Hibrit
7.624140100707811,0,62.37584930435452,20,2053,Hibrit
1.9660183565633007,0,0.0,19,2054,Hibrit
9.89547427254734,0,0.0,17,2055,Hibrit
0.6287505164461494,0,0.0,19,2056,Hibrit
3.0595485545261196,0,13.115068496690583,19,2057,Hibrit
8.291992932775196,0,16.683854518400324,17,2058,Hibrit
27.695598081510628,0,58.079726692196004,20,2059,Hibrit
12.410805236347358,0,33.46679246790097,18,2060,Hibrit
2.179507214677265,0,0.0,17,2061,Hibrit
32.287052265590184,0,22.45077153933238,19,2062,Hibrit
8.496100696989123,0,46.63643280786732,21,2063,Hibrit
1.4612668943229137,0,0.0,18,2064,Hibrit
2.3407835438166797,0,32.269208517678635,19,2065,Hibrit
10.658337177161712,0,58.174055210133815,20,2066,Hibrit
2.955819851040581,0,0.0,16,2067,Hibrit
4.556470038571092,0,0.0,19,2068,Hibrit
0.7278518234106468,0,0.8068202947578129,20,2069,Hibrit
0.048716030832046106,0,0.0,18,2070,Hibrit
4.341573408761138,0,0.0,20,2071,Hibrit
2.644183121515246,0,29.10909714592526,19,2072,Hibrit
3.0692650192324664,0,0.0,19,2073,Hibrit
3.6096146525557167,0,10.76022268432564,20,2074,Hibrit
8.16357735309271,0,4.002733864553761,19,2075,Hibrit
12.405366471558896,0,0.0,18,2076,Hibrit
2.3366333195997666,0,33.10702242542004,19,2077,Hibrit
3.461503746156187,0,0.0,19,2078,Hibrit
3.952247412593703,0,0.0,19,2079,Hibrit
13.485318419915956,0,21.866354638281166,20,2080,Hibrit
14.383453530130168,0,8.843874530363962,18,2081,Hibrit
19.833176967972445,0,20.72496083303713,18,2082,Hibrit
7.931034892680994,0,0.0,18,2083,Hibrit
24.447226660141176,0,82.02794678170432,19,2084,Hibrit
11.808390956866916,0,0.0,19,2085,Hibrit
7.989614234529229,0,0.0,19,2086,Hibrit
3.3020904996722744,0,0.0,16,2087,Hibrit
1.6069751390061962,0,0.0,17,2088,Hibrit
5.194551508316154,0,14.59629787417515,21,2089,Hibrit
4.526355332915637,0,0.0,17,2090,Hibrit
6.809117304203135,0,0.0,19,2091,Hibrit
3.3324164055236105,0,1.8872187374740292,19,2092,Hibrit
1.088594933492559,0,15.04948084115398,19,2093,Hibrit
5.046451142891777,0,6.28363595020528,18,2094,Hibrit
19.687047567125127,0,58.469732268660664,20,2095,Hibrit
20.13458232655059,0,17.530233033073955,21,2096,Hibrit
19.687618544402024,0,25.84149977098741,20,2097,Hibrit
15.692658021527796,0,9.172684918069876,19,2098,Hibrit
0.8600716950149566,0,0.0,18,2099,Hibrit
3.7029288882764284,0,1.1874227853065236,17,2100,Hibrit
15.685730789988199,0,0.14684555210277495,20,2101,Hibrit
13.432162229253635,0,16.32696484872946,18,2102,Hibrit
7.276287943175469,0,43.09032028444943,18,2103,Hibrit
2.5291573710327206,0,38.35871218754579,17,2104,Hibrit
13.376306556927293,0,12.754477955071309,20,2105,Hibrit
5.334608664267437,0,12.06492410777048,18,2106,Hibrit
16.039209604064485,0,35.00689219507262,20,2107,Hibrit
44.02309701277251,0,14.954058096004246,20,2108,Hibrit
2.0057648822115084,0,6.807392463187341,19,2109,Hibrit
31.916865459705452,0,0.0,18,2110,Hibrit
9.917798571203354,0,21.105757618781354,20,2111,Hibrit
5.294696179795103,0,0.0,20,2112,Hibrit
3.249346330133752,0,0.0,15,2113,Hibrit
1.3179377498824767,0,0.0,17,2114,Hibrit
1.927807148613406,0,0.0,19,2115,Hibrit
0.9477979939466745,0,0.0,20,2116,Hibrit
9.808912548719526,0,0.0,18,2117,Hibrit
6.380299356574564,0,0.0,18,2118,Hibrit
11.198252875924313,0,18.59991672520971,19,2119,Hibrit
9.401652578466553,0,33.79391273760575,17,2120,Hibrit
3.332557189202441,0,0.0,21,2121,Hibrit
0.1940670799624975,0,0.0,16,2122,Hibrit
4.117760039726172,0,10.914981354884333,17,2123,Hibrit
4.857483375398702,0,3.466606524520614,20,2124,Hibrit
3.816404615758547,0,0.0,18,2125,Hibrit
17.59536052374383,0,22.637157544196782,19,2126,Hibrit
1.6774494696943247,0,0.0,18,2127,Hibrit
3.9550583070306575,0,19.55661847981139,19,2128,Hibrit
1.2207087185064704,0,0.0,17,2129,Hibrit
4.168292631643877,0,10.516991618731538,18,2130,Hibrit
4.305068176714369,0,0.0,19,2131,Hibrit
10.43399781242722,0,37.41550523940998,19,2132,Hibrit
7.447949016250699,0,0.0,18,2133,Hibrit
2.8661195879516788,0,24.12851121314162,18,2134,Hibrit
1.496766623310717,0,0.0,15,2135,Hibrit
7.704105177919928,0,0.0,18,2136,Hibrit
15.282157439893538,0,0.0,19,2137,Hibrit
6.296046628070021,0,22.413136292726733,20,2138,Hibrit
6.33431989563253,0,43.39706860311833,20,2139,Hibrit
2.1843435075719007,0,0.0,18,2140,Hibrit
6.360406283159233,0,8.523866451797858,18,2141,Hibrit
15.86574905182827,0,0.0,20,2142,Hibrit
6.842020429927894,0,0.0,16,2143,Hibrit
1.5735466535923703,0,10.87839227344756,18,2144,Hibrit
14.687706409723974,0,63.07045626559568,21,2145,Hibrit
4.501860611843842,0,5.43895456717712,18,2146,Hibrit
27.153653403508436,0,24.658639061306815,17,2147,Hibrit
3.3297302620985825,0,4.188050561726186,18,2148,Hibrit
2.062268973915058,0,0.9001751952473569,21,2149,Hibrit
16.185269886082047,0,34.45965741749228,18,2150,Hibrit
3.2026638540468806,0,0.0,18,2151,Hibrit
3.0396281730230803,0,0.0,18,2152,Hibrit
1.3036206699188224,0,0.0,18,2153,Hibrit
14.375287379021563,0,37.44947709675586,19,2154,Hibrit
2.0112027608862855,0,0.0,18,2155,Hibrit
8.116870942563496,0,0.0,17,2156,Hibrit
35.78247758870902,0,15.057661258437804,22,2157,Hibrit
6.636294347957974,0,14.700426529642073,18,2158,Hibrit
5.41669721907733,0,0.0,16,2159,Hibrit
3.0600964615690884,0,0.0,20,2160,Hibrit
6.23662124822313,0,47.19932845871767,20,2161,Hibrit
8.095453478540307,0,0.12361264923634963,19,2162,Hibrit
10.316659330118444,0,0.0,20,2163,Hibrit
6.901502221976649,0,0.0,19,2164,Hibrit
1.6416918738979562,0,0.0,18,2165,Hibrit
53.540653563585856,0,53.34757413812315,19,2166,Hibrit
5.914319569354562,0,0.0,20,2167,Hibrit
3.1325660540332407,0,3.2537522428792727,17,2168,Hibrit
0.8659592821671329,0,0.0,17,2169,Hibrit
2.7563469180933637,0,0.0,16,2170,Hibrit
7.356165801572871,0,13.634248032565893,20,2171,Hibrit
18.50693458612203,0,18.202338872964333,17,2172,Hibrit
6.43380800355647,0,0.0,20,2173,Hibrit
3.0641764981458155,0,40.07832708038711,18,2174,Hibrit
20.490038571288018,0,6.977308914901187,19,2175,Hibrit
2.9375707621473857,0,0.0,19,2176,Hibrit
11.346493812303654,0,3.686278165699605,20,2177,Hibrit
14.273592530684647,0,0.0,20,2178,Hibrit
16.384568307399327,0,9.788585446471359,17,2179,Hibrit
1.5972328438736636,0,0.0,19,2180,Hibrit
11.278983963566363,0,14.150899463000655,20,2181,Hibrit
3.5052324593777238,0,6.92521389822565,19,2182,Hibrit
7.128468618060579,0,0.0,19,2183,Hibrit
10.927197260944197,0,10.288944348023904,17,2184,Hibrit
6.056130368099872,0,21.33571781484028,18,2185,Hibrit
13.229565465402663,0,20.383183549348075,19,2186,Hibrit
2.7222035826355135,0,0.0,19,2187,Hibrit
0.20438186703270844,0,0.0,18,2188,Hibrit
2.03717368199446,0,5.31583882251897,15,2189,Hibrit
42.99036075034262,0,39.94365038641297,21,2190,Hibrit
32.46027934314517,0,52.39207786477084,18,2191,Hibrit
20.24556987124432,0,0.0,15,2192,Hibrit
2.906439752149028,0,0.0,18,2193,Hibrit
14.579057547808633,0,32.53949686648127,18,2194,Hibrit
36.90664286305668,0,30.545952095486882,18,2195,Hibrit
1.9406510154342655,0,1.5246600015879608,20,2196,Hibrit
4.652992152328203,0,0.0,20,2197,Hibrit
6.167511762907965,0,0.0,21,2198,Hibrit
3.4565738162516797,0,4.428328613728581,19,2199,Hibrit
10.851616443270157,0,20.547287238544413,20,2200,Hibrit
12.51060055229195,0,106.42256838524935,19,2201,Hibrit
11.917417916686773,0,0.0,19,2202,Hibrit
1.9003495804146666,0,0.0,20,2203,Hibrit
3.433602911093228,0,3.591175058540557,17,2204,Hibrit
60.363078431357735,0,52.13318464903989,18,2205,Hibrit
1.837941403956047,0,0.0,19,2206,Hibrit
10.365416328727004,0,0.0,20,2207,Hibrit
17.11999608137117,0,28.974895671646266,19,2208,Hibrit
16.42606396745374,0,17.524933103132014,19,2209,Hibrit
30.46699529493561,0,0.0,20,2210,Hibrit
13.013166623303738,0,28.304177566541398,20,2211,Hibrit
2.8230228685481404,0,0.0,17,2212,Hibrit
7.260911174799142,0,0.0,20,2213,Hibrit
12.633388405987834,0,25.190809647487697,18,2214,Hibrit
35.75703685687302,0,56.939682097175705,19,2215,Hibrit
5.860649624628956,0,1.448548650571638,19,2216,Hibrit
27.104638326689077,0,1.5163664317529424,20,2217,Hibrit
36.54660414329978,0,47.62031772300821,20,2218,Hibrit
0.24505270141826543,0,0.7573884145441525,20,2219,Hibrit
21.98993635979852,0,20.73720400928289,16,2220,Hibrit
0.9321856521673889,0,0.0,15,2221,Hibrit
6.529641439300793,0,0.0,16,2222,Hibrit
9.223868809985749,0,8.47452990250099,16,2223,Hibrit
10.35941642280223,0,0.0,20,2224,Hibrit
4.6717502377046,0,0.0,18,2225,Hibrit
0.34661812107943035,0,0.0,18,2226,Hibrit
16.59115744440537,0,6.903475636087251,19,2227,Hibrit
3.462853007697728,0,0.0,19,2228,Hibrit
6.337119318863596,0,6.821234858782077,18,2229,Hibrit
2.6849753124855518,0,0.0,19,2230,Hibrit
2.3263190887399174,0,37.74857000526629,20,2231,Hibrit
8.14069553396196,0,27.636304685655546,18,2232,Hibrit
8.736943491672996,0,41.119067755496076,18,2233,Hibrit
25.19539119783917,0,24.333829838556085,20,2234,Hibrit
8.221009200595432,0,5.5205603932856775,18,2235,Hibrit
8.376195584623478,0,10.649727554311255,18,2236,Hibrit
1.2346319885170303,0,12.222033332201306,16,2237,Hibrit
2.826326198164266,0,0.0,18,2238,Hibrit
2.463609204915179,0,18.497776707743128,19,2239,Hibrit
8.443530309255829,0,50.034836310259664,19,2240,Hibrit
9.294919936029611,0,25.486121254662862,16,2241,Hibrit
15.260100690197483,0,41.69555862179544,15,2242,Hibrit
8.252993946443006,0,28.778865547468342,19,2243,Hibrit
1.5185406081385302,0,11.595744823644054,20,2244,Hibrit
1.9295558007144034,0,2.6734398267328174,18,2245,Hibrit
11.5368969827695,0,0.0,17,2246,Hibrit
1.7791991519676618,0,0.0,17,2247,Hibrit
4.52336720947288,0,0.0,19,2248,Hibrit
2.005989858823314,0,0.0,17,2249,Hibrit
1.9801411701380203,0,7.702934580726321,20,2250,Hibrit
10.800284842951342,0,22.530995888219763,17,2251,Hibrit
3.428742630636422,0,0.0,19,2252,Hibrit
18.739730827275643,0,10.030317931336356,18,2253,Hibrit
5.530771693204166,0,0.0,19,2254,Hibrit
11.013344758196556,0,39.685355295514114,17,2255,Hibrit
10.855675906414325,0,23.57473809090112,18,2256,Hibrit
2.879157061886641,0,0.0,19,2257,Hibrit
5.587948549977922,0,0.0,16,2258,Hibrit
54.243756135192704,0,82.07492744251101,21,2259,Hibrit
4.491221199547715,0,5.721472102196742,15,2260,Hibrit
1.1600617690177382,0,0.0,18,2261,Hibrit
2.527207501513638,0,0.0,21,2262,Hibrit
3.2786833954286503,0,16.844702904510825,19,2263,Hibrit
0.0,0,0.0,14,2264,Hibrit
13.481003349348077,0,34.64627178398342,19,2265,Hibrit
4.798420837270145,0,16.892290494124495,20,2266,Hibrit
2.7001071617521566,0,0.0,17,2267,Hibrit
0.40638519054676625,0,0.0,19,2268,Hibrit
21.374792335017943,0,0.0,15,2269,Hibrit
1.373425778057454,0,0.0,19,2270,Hibrit
4.345274009028111,0,22.374801425277383,18,2271,Hibrit
38.0795573150453,0,24.833830825364146,19,2272,Hibrit
5.191625953067804,0,7.814002159581321,20,2273,Hibrit
8.733589841879969,0,0.0,20,2274,Hibrit
4.712438842459565,0,0.0,17,2275,Hibrit
2.4405310149897264,0,15.220715517782935,18,2276,Hibrit
11.217771236929343,0,31.43286210215456,17,2277,Hibrit
2.1241526091831,0,0.0,16,2278,Hibrit
4.5047832134789605,0,11.820393378701738,16,2279,Hibrit
3.307414129485461,0,6.923993000578662,18,2280,Hibrit
11.091126450010414,0,53.87892819065695,21,2281,Hibrit
77.09723025001739,0,68.04851219318175,20,2282,Hibrit
28.816910631421045,0,101.66705545966784,21,2283,Hibrit
7.823302219219003,0,41.47559468415818,19,2284,Hibrit
12.884357932837952,0,15.171234925139402,19,2285,Hibrit
11.078998635194951,0,0.0,18,2286,Hibrit
5.203099687338496,0,0.0,17,2287,Hibrit
1.7589805992681316,0,0.0,19,2288,Hibrit
4.2188121011618245,0,0.0,18,2289,Hibrit
4.687713795320946,0,0.0,19,2290,Hibrit
3.34073710541918,0,13.35224196466146,20,2291,Hibrit
17.257084597478222,0,0.0,16,2292,Hibrit
8.393121616201963,0,26.18098532535413,17,2293,Hibrit
0.527681598717979,0,0.0,18,2294,Hibrit
14.713292024913022,0,0.0,20,2295,Hibrit
8.640416061784245,0,23.475844206041927,20,2296,Hibrit
1.7941997472155167,0,0.0,18,2297,Hibrit
54.76489796178713,0,44.922375001744285,17,2298,Hibrit
50.90850248498484,0,96.99577981300291,18,2299,Hibrit
35.42387187543922,0,0.0,21,2300,Hibrit
7.581476011615993,0,29.979110966291557,20,2301,Hibrit
1.442069372084675,0,15.797046286099317,19,2302,Hibrit
33.909118864191974,0,72.1726257647071,19,2303,Hibrit
5.520071431820341,0,0.0,18,2304,Hibrit
7.384965272282941,0,30.353163647459667,16,2305,Hibrit
55.96370778595875,0,108.66124342726368,20,2306,Hibrit
18.202564769860327,0,42.777354094927205,20,2307,Hibrit
1.5238392483021883,0,0.0,16,2308,Hibrit
8.894511484594965,0,0.0,17,2309,Hibrit
16.829788532138636,0,0.0,17,2310,Hibrit
31.92961672325831,0,55.520871611766324,17,2311,Hibrit
4.609297464450393,0,9.854250743844375,16,2312,Hibrit
6.331635758434845,0,19.54466834663549,19,2313,Hibrit
1.7552296175387718,0,0.0,18,2314,Hibrit
1.193949386410351,0,0.0,19,2315,Hibrit
13.6090750021686,0,9.36610916914043,17,2316,Hibrit
6.99672131775335,0,2.190852594973819,20,2317,Hibrit
6.0895293172238665,0,18.176779268265136,19,2318,Hibrit
8.675798228127006,0,19.803266068194432,20,2319,Hibrit
11.157701518054703,0,0.0,20,2320,Hibrit
3.332981826298396,0,0.0,16,2321,Hibrit
8.590859494072362,0,12.70258185228181,17,2322,Hibrit
0.36512571599563476,0,0.0,18,2323,Hibrit
1.0630748996977057,0,0.0,18,2324,Hibrit
17.831556093770544,0,34.33319568302403,19,2325,Hibrit
10.847990367782094,0,42.47843909090324,21,2326,Hibrit
19.426320207475385,0,59.20380079440639,17,2327,Hibrit
2.8407991067544254,0,22.71067294924194,18,2328,Hibrit
3.6872264287310452,0,19.731537989042295,18,2329,Hibrit
18.189148926016394,0,0.0,18,2330,Hibrit
2.6242081963660153,0,0.0,20,2331,Hibrit
2.7851600008956194,0,22.418195194337045,15,2332,Hibrit
18.17353286085825,0,55.670102880989475,20,2333,Hibrit
3.652357781576338,0,0.0,20,2334,Hibrit
10.474667145566487,0,0.0,16,2335,Hibrit
41.11590093455113,0,53.07565656677042,18,2336,Hibrit
4.911297796072919,0,0.0,18,2337,Hibrit
7.712624707072596,0,22.741477184691178,18,2338,Hibrit
3.27255524426025,0,0.0,19,2339,Hibrit
14.80664887172172,0,29.770555640481007,20,2340,Hibrit
2.452323824679053,0,7.715738179054313,20,2341,Hibrit
4.44351475961351,0,0.0,19,2342,Hibrit
2.423472156007001,0,0.0,18,2343,Hibrit
4.674794759311263,0,0.0,19,2344,Hibrit
11.822517509726152,0,0.0,19,2345,Hibrit
16.624913504627198,0,50.72886004120289,18,2346,Hibrit
3.676003798245921,0,0.0,19,2347,Hibrit
4.40055093417793,0,17.107921101210707,15,2348,Hibrit
4.206075620296871,0,14.233819192071792,20,2349,Hibrit
13.011825549437727,0,0.0,20,2350,Hibrit
16.64994170180532,0,17.332118637817302,21,2351,Hibrit
9.418231586381726,0,0.0,16,2352,Hibrit
15.55518617494159,0,16.727080711516237,16,2353,Hibrit
2.0450335541181355,0,0.0,18,2354,Hibrit
5.427045247486156,0,0.0,19,2355,Hibrit
1.2891912577793805,0,7.484455608343524,18,2356,Hibrit
3.1266507544793987,0,2.5747361256055683,17,2357,Hibrit
18.342614198413337,0,23.093649172622975,19,2358,Hibrit
1.544916499289345,0,0.0,18,2359,Hibrit
0.8777089664292331,0,0.0,17,2360,Hibrit
2.2775885317565083,0,0.0,19,2361,Hibrit
1.309419108363116,0,4.190218937959003,19,2362,Hibrit
37.585945798315926,0,81.5385132149895,19,2363,Hibrit
7.877073701410584,0,8.35851979929339,18,2364,Hibrit
9.370278551586011,0,8.043676396994499,19,2365,Hibrit
16.932491651057816,0,52.84398003349304,18,2366,Hibrit
7.191366900977552,0,30.11964789552428,19,2367,Hibrit
4.748983542962818,0,0.029941404624139523,16,2368,Hibrit
9.775690594196284,0,5.132998572147358,21,2369,Hibrit
10.275045403586457,0,113.67254861095506,19,2370,Hibrit
10.733509046031902,0,25.356427836438343,19,2371,Hibrit
12.756612358860353,0,72.15504911790458,16,2372,Hibrit
6.671362068252535,0,0.0,19,2373,Hibrit
1.695395847829888,0,0.0,20,2374,Hibrit
2.3415971623475405,0,0.0,19,2375,Hibrit
7.623037205788819,0,6.412804146310805,17,2376,Hibrit
13.727150046891722,0,2.991176097736286,19,2377,Hibrit
5.977459290923505,0,65.26017741955457,20,2378,Hibrit
4.781851456640845,0,0.9062110536273167,19,2379,Hibrit
3.3337024212251976,0,0.0,20,2380,Hibrit
12.904476863172938,0,39.18328100309748,18,2381,Hibrit
0.1013013350571427,0,0.0,20,2382,Hibrit
2.743394734588565,0,0.0,19,2383,Hibrit
7.0049856214871795,0,8.852503294682606,17,2384,Hibrit
5.722190881488742,0,21.096321489243905,19,2385,Hibrit
2.845927168400366,0,35.85025927805992,19,2386,Hibrit
42.64963741672239,0,51.18678881010584,19,2387,Hibrit
11.372555902331467,0,29.39364917423086,15,2388,Hibrit
4.641458407166206,0,0.0,18,2389,Hibrit
10.549289817269521,0,3.5105575564896867,20,2390,Hibrit
1.4352785880434833,0,0.0,19,2391,Hibrit
7.834282422648217,0,0.0,20,2392,Hibrit
18.772490585034575,0,5.047170976281848,19,2393,Hibrit
29.10292289878042,0,0.0,18,2394,Hibrit
7.85490145893978,0,25.45556063964807,18,2395,Hibrit
11.359414812751464,0,0.0,20,2396,Hibrit
13.213032733226518,0,44.909765059373626,16,2397,Hibrit
0.5085503616563164,0,0.0,21,2398,Hibrit
21.89183504534625,0,62.634558812904686,20,2399,Hibrit
10.829178785336628,0,50.71459302908369,20,2400,Hibrit
4.110625183996756,0,66.06042952278665,18,2401,Hibrit
8.453699246669414,0,0.0,18,2402,Hibrit
0.381664658075287,0,0.0,19,2403,Hibrit
17.578597507185304,0,0.0,19,2404,Hibrit
4.248891684065761,0,0.0,19,2405,Hibrit
12.224260952162547,0,0.0,18,2406,Hibrit
25.397804112011308,0,86.3468112539087,19,2407,Hibrit
4.732962686882684,0,0.0,19,2408,Hibrit
1.7913680635529226,0,0.0,19,2409,Hibrit
0.6030977027564918,0,0.0,17,2410,Hibrit
8.514664357030707,0,0.9681885475356466,16,2411,Hibrit
5.66001946641002,0,5.874672097170674,19,2412,Hibrit
9.937172900978874,0,0.0,19,2413,Hibrit
0.93509476154111,0,53.1676431540526,19,2414,Hibrit
1.834182996360228,0,28.96358277694941,18,2415,Hibrit
0.6141569456034475,0,5.5269499068243135,18,2416,Hibrit
14.37433640051815,0,0.0,19,2417,Hibrit
1.0867619332233245,0,0.0,18,2418,Hibrit
4.174194007727428,0,0.0,18,2419,Hibrit
1.0347514047574944,0,0.16221197189457826,19,2420,Hibrit
8.222846142061229,0,69.49531351928727,18,2421,Hibrit
26.330704135263705,0,81.3024295714851,19,2422,Hibrit
14.179648768646995,0,7.561028342336556,20,2423,Hibrit
19.37571818490123,0,0.0,18,2424,Hibrit
8.766350808885479,0,7.709444444148744,18,2425,Hibrit
11.758595973353252,0,20.312027474897718,16,2426,Hibrit
26.58340339582472,0,2.420759546461227,18,2427,Hibrit
5.9582815913019855,0,1.1771901315838136,18,2428,Hibrit
23.19169661335541,0,31.984927597100352,19,2429,Hibrit
7.97379619302853,0,0.0,18,2430,Hibrit
1.1952298833182038,0,6.299155852369438,16,2431,Hibrit
1.6743536829854813,0,4.905578733046298,21,2432,Hibrit
22.11957492496599,0,0.0,18,2433,Hibrit
0.5900659902722809,0,0.0,18,2434,Hibrit
0.9879745496112244,0,0.0,17,2435,Hibrit
9.928415068876637,0,0.0,19,2436,Hibrit
2.888885090017743,0,0.0,15,2437,Hibrit
1.7864556023161409,0,0.0,18,2438,Hibrit
4.777866537576626,0,2.2025443385100516,20,2439,Hibrit
11.597957776515974,0,9.297398720912895,20,2440,Hibrit
1.9403105883781766,0,0.0,19,2441,Hibrit
29.317088906969037,0,139.41952386783328,19,2442,Hibrit
5.932839775898202,0,113.11743208401026,19,2443,Hibrit
4.733725877475116,0,0.0,16,2444,Hibrit
3.5763599651415556,0,0.0,19,2445,Hibrit
4.4848925794693315,0,0.0,19,2446,Hibrit
0.2643029647330137,0,0.0,17,2447,Hibrit
5.579140045131485,0,17.25014078664549,18,2448,Hibrit
11.196116127795133,0,10.005810730199698,17,2449,Hibrit
11.010571597899483,0,0.10853811673678138,17,2450,Hibrit
2.027618187413041,0,7.3145687029643796,17,2451,Hibrit
26.218196699651998,0,16.691557589174238,19,2452,Hibrit
4.94456286410745,0,0.0,16,2453,Hibrit
25.832557929067175,0,91.64977876397347,21,2454,Hibrit
7.699779890856185,0,22.712600724810386,19,2455,Hibrit
0.46410161816172274,0,0.0,18,2456,Hibrit
5.420723861667182,0,59.48419786254897,18,2457,Hibrit
6.878983482268378,0,16.046939355096924,17,2458,Hibrit
12.273491305669708,0,11.579432131646797,20,2459,Hibrit
0.4757336177064355,0,0.0,17,2460,Hibrit
7.389039900030007,0,8.351758731765983,19,2461,Hibrit
4.565746792018784,0,0.0,18,2462,Hibrit
1.7240759881046497,0,0.0,16,2463,Hibrit
4.822736556144717,0,0.0,19,2464,Hibrit
6.977456383875079,0,0.0,19,2465,Hibrit
2.1729349037849466,0,0.0,18,2466,Hibrit
2.6743535222349766,0,0.0,18,2467,Hibrit
13.728119658561189,0,0.0,19,2468,Hibrit
6.147143264386727,0,0.0,20,2469,Hibrit
9.129523979940059,0,0.0,17,2470,Hibrit
10.468102653646408,0,0.0,20,2471,Hibrit
11.546443648283976,0,6.112298556481676,18,2472,Hibrit
25.96150159815942,0,2.852009504281,22,2473,Hibrit
19.210700552513174,0,0.0,17,2474,Hibrit
28.023749500243735,0,0.0,19,2475,Hibrit
36.308266711335925,0,91.42212088072819,19,2476,Hibrit
11.488369316724292,0,52.527364074977186,21,2477,Hibrit
38.13982349802965,0,58.54343779531632,20,2478,Hibrit
5.92937124503504,0,0.6755517018634691,18,2479,Hibrit
27.830289662245782,0,0.0,15,2480,Hibrit
7.75535780112235,0,11.302301431972126,18,2481,Hibrit
0.2520319690196639,0,0.0,18,2482,Hibrit
23.783402118463034,0,72.27194956856437,18,2483,Hibrit
7.215480387364131,0,37.12470545986065,19,2484,Hibrit
0.9153916305548375,0,0.0,20,2485,Hibrit
27.09513196557982,0,64.83348103537111,20,2486,Hibrit
4.442190966136091,0,0.0,15,2487,Hibrit
10.959717234850064,0,0.0,19,2488,Hibrit
9.647443213707806,0,0.0,20,2489,Hibrit
2.899322323136111,0,0.0,19,2490,Hibrit
15.795003422964975,0,18.380833178071782,21,2491,Hibrit
3.0742009579083307,0,58.48590892695677,17,2492,Hibrit
2.581553620878581,0,0.0,19,2493,Hibrit
14.162701816051747,0,5.43739632451792,17,2494,Hibrit
2.0847284458342727,0,0.0,19,2495,Hibrit
2.1852732596181963,0,34.199585563899404,18,2496,Hibrit
2.374876507763515,0,0.0,18,2497,Hibrit
0.7603506029992397,0,0.0,17,2498,Hibrit
10.513765108679598,0,7.488661582012071,17,2499,Hibrit
